config,policy,layout_id,seed,n_stations,mission_rate,missions_total,missions_completed,unfinished_at_cap,miss_rate,f12_Z,f12_cmax_term,f12_energy_term,f12_tardy_term,f12_makespan_capped_min,f12_tardiness_capped_min,makespan_min,total_tardiness_min,mean_charge_duration_min,total_charge_energy_wh,mission_flight_energy_wh,safety_violations,gate_binding_rate,mean_on_pad_queue_length,runtime_per_decision_us,charge_sessions
density_scarce,baseline,0,1,2,0.8,785,785,0,0.0,1.9600812706308135,1.001,0.9590812706308137,0.0,1001.0,0.0,1001.0,0,31.710280373831775,7203.798051276144,7670.9859908626395,0,0.256198347107438,3.981018981018981,13.205780328274512,107
density_scarce,baseline,0,2,2,0.8,809,809,0,0.0,1.9439685098655914,1.0,0.9439685098655914,0.0,1000.0,0.0,1000.0,0,31.933962264150942,7213.341281295738,7756.88431631202,0,0.30578512396694213,6.415,12.19587500615061,106
density_scarce,baseline,0,3,2,0.8,808,808,0,0.39603960396039606,2.241371804193042,1.09,0.9465611482082569,0.2048106559847851,1090.0,7446.915451606786,1090.0,7446.915451606786,31.84259259259259,7319.266379579678,7960.997124345539,0,0.2874015748031496,11.887155963302753,10.468506650251198,108
density_scarce,baseline,0,4,2,0.8,822,822,0,0.35036496350364965,2.402270418289825,1.097,0.9424678666687134,0.3628025516211119,1097.0,13420.06638446493,1097.0,13420.06638446493,31.936363636363637,7485.059525331697,8088.786372748374,0,0.30078125,10.501367365542388,10.955473044305108,110
density_scarce,baseline,0,5,2,0.8,760,760,0,0.0,1.9290669902496467,1.001,0.9280669902496468,0.0,1001.0,0.0,1001.0,0,31.757575757575758,6686.2135139244565,7344.0380743115575,0,0.28205128205128205,7.764235764235765,12.043592396677814,99
density_scarce,baseline,0,6,2,0.8,861,861,0,0.0,1.9604876385654786,1.002,0.9584876385654786,0.0,1002.0,0.0,1002.0,0,31.887931034482758,7859.189240703021,8373.756476616318,0,0.2748091603053435,5.570858283433134,11.95191720301527,116
density_scarce,baseline,1,7,2,0.8,730,730,0,0.0,1.9750536486954846,1.002,0.9730536486954846,0.0,1002.0,0.0,1002.0,0,31.97979797979798,6735.714903695927,7138.783818540628,0,0.4690265486725664,7.560878243512974,12.447781947367224,99
density_scarce,baseline,1,8,2,0.8,777,777,0,0.0,2.012527000150023,0.999,1.0135270001500232,0.0,999.0,0.0,999.0,0,31.925925925925927,7331.608676579179,7468.285540439806,0,0.4525862068965517,2.83,13.906908610932014,108
density_scarce,baseline,1,9,2,0.8,794,794,0,0.0,1.9865342107377661,1.001,0.9855342107377664,0.0,1001.0,0.0,1001.0,0,31.982142857142858,7619.657174690086,7857.091597227538,0,0.45161290322580644,5.523476523476523,12.330653619081263,112
density_scarce,baseline,1,10,2,0.8,842,842,0,0.0,1.96200517990869,1.001,0.96100517990869,0.0,1001.0,0.0,1001.0,0,32.189655172413794,7958.645818230393,8413.705747000791,0,0.45075757575757575,6.013986013986014,11.703029899349945,116
density_scarce,baseline,1,11,2,0.8,796,796,0,0.0,1.9738035535999252,1.001,0.9728035535999252,0.0,1001.0,0.0,1001.0,0,32.083333333333336,7377.275699332413,7780.474334755636,0,0.475,5.815184815184815,30.308341956697404,108
density_scarce,baseline,1,12,2,0.8,746,746,0,0.0,2.017396043260552,1.001,1.0163960432605523,0.0,1001.0,0.0,1001.0,0,31.925925925925927,7349.953679383819,7283.860520518799,0,0.4690265486725664,2.5054945054945055,35.464594169495115,108
density_scarce,baseline,2,13,2,0.8,802,802,0,0.0,1.9723019863192692,1.0,0.9723019863192691,0.0,1000.0,0.0,1000.0,0,31.914285714285715,7132.816266647109,7487.69990942142,0,0.2565217391304348,4.387,34.38259717886863,105
density_scarce,baseline,2,14,2,0.8,829,829,0,0.0,1.9432648894205542,1.003,0.9402648894205542,0.0,1003.0,0.0,1003.0,0,31.818181818181817,7417.456384477917,8064.03425061323,0,0.24609375,6.273180458624128,30.57266349060228,110
density_scarce,baseline,2,15,2,0.8,788,788,0,0.0,2.009288505443175,1.002,1.0072885054431753,0.0,1002.0,0.0,1002.0,0,31.805555555555557,7313.631422435021,7424.494041404403,0,0.22807017543859648,2.344311377245509,37.851751058999646,108
density_scarce,baseline,2,16,2,0.8,776,776,0,0.0,1.9837820237443196,1.002,0.9817820237443197,0.0,1002.0,0.0,1002.0,0,32.0377358490566,7209.453054728451,7516.786613124424,0,0.2782608695652174,4.3163672654690615,34.36520219901982,106
density_scarce,baseline,2,17,2,0.8,850,850,0,0.0,1.9759065160307812,1.031,0.9449065160307812,0.0,1031.0,0.0,1031.0,0,31.843478260869563,7788.727122210118,8432.72207285396,0,0.24812030075187969,6.2987390882638215,29.426317091302987,115
density_scarce,baseline,2,18,2,0.8,811,811,0,0.0,1.9760096345285363,1.0,0.9760096345285362,0.0,1000.0,0.0,1000.0,0,31.911504424778762,7659.244749251401,7963.590674695046,0,0.29365079365079366,4.893,30.970627752443157,113
density_scarce,baseline,3,19,2,0.8,768,768,0,0.0,1.9451820584700368,1.017,0.928182058470037,0.0,1017.0,0.0,1017.0,0,31.89108910891089,6842.725278414467,7546.252968257142,0,0.3771186440677966,8.152409046214355,29.415245882188113,101
density_scarce,baseline,3,20,2,0.8,811,811,0,0.19852034525277434,2.088517165887359,1.074,0.9327409919795352,0.08177617390782356,1074.0,2984.421466766021,1074.0,2984.421466766021,31.84259259259259,7320.365776102746,7981.574541559586,0,0.3464566929133858,10.519553072625698,26.825985937254632,108
density_scarce,baseline,3,21,2,0.8,820,820,0,0.0,1.9390497379851666,1.007,0.9320497379851667,0.0,1007.0,0.0,1007.0,0,31.79245283018868,7161.398971002358,7847.44980937513,0,0.36,9.592850049652434,26.93359414115548,106
density_scarce,baseline,3,22,2,0.8,778,778,0,0.010282776349614395,1.9582122090715868,1.039,0.9187991954817747,0.0004130135898122514,1039.0,14.459605779326921,1039.0,14.459605779326921,31.91,6794.370727832565,7514.16546924752,0,0.3697478991596639,7.429258902791146,31.747069198074712,100
density_scarce,baseline,3,23,2,0.8,788,788,0,0.0,1.9403800430601459,1.01,0.9303800430601458,0.0,1010.0,0.0,1010.0,0,31.83653846153846,7033.751846666743,7702.000214773658,0,0.36885245901639346,8.005940594059405,28.479510830471018,104
density_scarce,baseline,3,24,2,0.8,766,766,0,0.0,1.9450816335361676,1.012,0.9330816335361675,0.0,1012.0,0.0,1012.0,0,31.715686274509803,6878.334838066818,7513.834011459305,0,0.3416666666666667,8.33399209486166,29.547492158599198,102
density_scarce,baseline,4,25,2,0.8,782,608,174,0.37468030690537085,4.483287548499766,1.135,0.887749309082727,2.460538239417039,1135.0,86586.34064508561,1134.0,51337.62809461428,32.2,5158.563596010607,5902.050932053773,0,0.30319148936170215,13.512775330396476,32.65956988895035,75
density_scarce,baseline,4,26,2,0.8,777,655,122,0.32947232947232946,3.7696013681443725,1.135,0.9139059276900602,1.7206954404543124,1135.0,60164.116075485035,1134.0,37867.51114255648,32.129411764705885,5836.451248261771,6576.469359227535,0,0.28846153846153844,12.23876651982379,31.706728175497396,85
density_scarce,baseline,4,27,2,0.8,789,665,124,0.4448669201520912,3.712573687042691,1.135,0.9066482047556246,1.670925482287067,1135.0,59326.20924860231,1135.0,40217.668192203266,32.05952380952381,5747.50805252344,6480.192531669272,0,0.28921568627450983,13.799118942731278,29.812746124305562,84
density_scarce,baseline,4,28,2,0.8,744,638,106,0.30510752688172044,3.103158193998656,1.135,0.9036636720960204,1.0644945219026358,1135.0,35639.276593300245,1127.0,19618.07366909675,32.23809523809524,5770.9933952684905,6462.837536384347,0,0.30097087378640774,12.133920704845815,33.30875075087675,84
density_scarce,baseline,4,29,2,0.8,865,639,226,0.41965317919075146,5.029199700318142,1.135,0.9004654228031588,2.9937342775149833,1135.0,116531.10675227073,1135.0,67445.97902668717,32.151898734177216,5415.379891926952,6129.232472440627,0,0.3247422680412371,14.622907488986785,30.008253891059418,79
density_scarce,baseline,4,30,2,0.8,791,630,161,0.37041719342604296,4.15198106754681,1.135,0.8986092357480352,2.118371831798775,1135.0,75403.44535287739,1135.0,44179.83282614136,32.0609756097561,5613.480516218497,6358.896927589971,0,0.2871287128712871,14.503083700440529,29.54456215207972,82
density_scarce,jsq,0,1,2,0.8,785,785,0,0.0,2.0167528576842475,1.0,1.0167528576842475,0.0,1000.0,0.0,1000.0,0,32.0,7466.060749719945,7497.753951731336,0,0.2711864406779661,1.84,39.072890797535244,109
density_scarce,jsq,0,2,2,0.8,809,809,0,0.0,2.0136191505406167,1.002,1.0116191505406165,0.0,1002.0,0.0,1002.0,0,32.14159292035398,7741.143196977083,7839.757396951917,0,0.3305785123966942,3.7714570858283434,37.02644247192243,113
density_scarce,jsq,0,3,2,0.8,808,808,0,0.0,2.020543240710095,0.997,1.023543240710095,0.0,997.0,0.0,997.0,0,32.14159292035398,7732.989423142084,7738.990184627223,0,0.32083333333333336,2.774,35.919988295063376,113
density_scarce,jsq,0,4,2,0.8,822,822,0,0.0,1.983042191345668,1.0,0.9830421913456678,0.0,1000.0,0.0,1000.0,0,32.10526315789474,7811.701307657646,8139.264078974093,0,0.3055555555555556,4.979,34.82698276269412,114
density_scarce,jsq,0,5,2,0.8,760,760,0,0.0,2.033548672992902,1.001,1.0325486729929019,0.0,1001.0,0.0,1001.0,0,32.21818181818182,7572.8138915381405,7449.7808103354455,0,0.30869565217391304,2.5504495504495504,40.24522773840505,110
density_scarce,jsq,0,6,2,0.8,861,861,0,0.0,1.9664637945474033,1.004,0.9624637945474033,0.0,1004.0,0.0,1004.0,0,32.20338983050848,8090.472202707014,8527.619695881796,0,0.29259259259259257,6.090637450199203,32.679273971114995,118
density_scarce,jsq,1,7,2,0.8,730,730,0,0.0,1.998230204417996,1.001,0.9972302044179961,0.0,1001.0,0.0,1001.0,0,32.08490566037736,7252.031654377162,7374.865175382489,0,0.46875,3.2707292707292708,35.89732192007692,106
density_scarce,jsq,1,8,2,0.8,777,777,0,0.0,1.9953308067720925,1.0,0.9953308067720925,0.0,1000.0,0.0,1000.0,0,31.88785046728972,7250.783362834607,7439.893377291228,0,0.47844827586206895,2.433,35.5448408236984,107
density_scarce,jsq,1,9,2,0.8,794,794,0,0.0,1.9809447651551826,1.002,0.9789447651551826,0.0,1002.0,0.0,1002.0,0,32.10091743119266,7465.1294171497175,7873.536357482685,0,0.46774193548387094,3.7325349301397206,33.67419178116947,109
density_scarce,jsq,1,10,2,0.8,842,842,0,0.0,1.9654574910525768,1.009,0.9564574910525769,0.0,1009.0,0.0,1009.0,0,32.107142857142854,7676.792976494559,8209.07206803736,0,0.46564885496183206,7.21605550049554,29.483199997570452,112
density_scarce,jsq,1,11,2,0.8,796,796,0,0.0,2.0147172969033034,1.001,1.0137172969033035,0.0,1001.0,0.0,1001.0,0,31.93859649122807,7762.134821989944,7743.30895824954,0,0.46153846153846156,2.917082917082917,35.46837002882718,114
density_scarce,jsq,1,12,2,0.8,746,746,0,0.0,2.030179599240685,1.0,1.030179599240685,0.0,1000.0,0.0,1000.0,0,31.98165137614679,7398.243307752581,7287.869390226665,0,0.4782608695652174,1.811,37.4913084037278,109
density_scarce,jsq,2,13,2,0.8,802,802,0,0.0,2.0105238601490774,1.0,1.0105238601490774,0.0,1000.0,0.0,1000.0,0,32.03636363636364,7535.431177706703,7666.499759422532,0,0.2754237288135593,2.123,39.5669529838014,110
density_scarce,jsq,2,14,2,0.8,829,829,0,0.0,1.9935395238751488,1.002,0.9915395238751487,0.0,1002.0,0.0,1002.0,0,32.10526315789474,7779.142571716398,8075.601425603303,0,0.28,3.1397205588822357,36.62478877231479,114
density_scarce,jsq,2,15,2,0.8,788,788,0,0.0,2.0102019883536824,1.001,1.0092019883536825,0.0,1001.0,0.0,1001.0,0,32.211009174311926,7497.168790796896,7584.403549734628,0,0.2815126050420168,2.9330669330669332,38.71764936836577,109
density_scarce,jsq,2,16,2,0.8,776,776,0,0.0,2.036340760281024,1.003,1.0333407602810243,0.0,1003.0,0.0,1003.0,0,32.14018691588785,7341.091173757525,7328.6204333222995,0,0.26339285714285715,1.913260219341974,40.5455424957576,107
density_scarce,jsq,2,17,2,0.8,850,850,0,0.0,1.9840559295483848,1.024,0.9600559295483848,0.0,1024.0,0.0,1024.0,0,32.110169491525426,8066.9504973273015,8604.634075811173,0,0.27007299270072993,7.958984375,29.826283974940107,118
density_scarce,jsq,2,18,2,0.8,811,811,0,0.0,2.0119049751599585,1.001,1.0109049751599584,0.0,1001.0,0.0,1001.0,0,32.1551724137931,7936.088053800099,7976.770573229323,0,0.304,3.826173826173826,34.21119321137667,116
density_scarce,jsq,3,19,2,0.8,768,768,0,0.0,1.988186015712365,1.002,0.9861860157123649,0.0,1002.0,0.0,1002.0,0,32.0377358490566,7243.632932411261,7504.12303500308,0,0.3793103448275862,4.187624750499002,34.585348250151704,106
density_scarce,jsq,3,20,2,0.8,811,811,0,0.0,1.980125428637109,1.0,0.980125428637109,0.0,1000.0,0.0,1000.0,0,32.10526315789474,7798.937908082761,8112.125712957686,0,0.3373015873015873,5.91,32.00635454425263,114
density_scarce,jsq,3,21,2,0.8,820,820,0,0.0,2.012565628323566,1.0,1.012565628323566,0.0,1000.0,0.0,1000.0,0,32.17391304347826,7867.797191808613,7940.640442413403,0,0.3617886178861789,3.47,35.134147440000035,115
density_scarce,jsq,3,22,2,0.8,778,778,0,0.0,2.0291144172697813,0.997,1.0321144172697811,0.0,997.0,0.0,997.0,0,32.163636363636364,7563.921749479461,7544.770453175176,0,0.32905982905982906,2.844,38.31624899170974,110
density_scarce,jsq,3,23,2,0.8,788,788,0,0.0,2.0346602760974064,1.0,1.0346602760974064,0.0,1000.0,0.0,1000.0,0,32.151785714285715,7667.300529721307,7571.625433328031,0,0.31896551724137934,2.629,40.58532920617867,112
density_scarce,jsq,3,24,2,0.8,766,766,0,0.0,1.9765007040165892,1.002,0.9745007040165892,0.0,1002.0,0.0,1002.0,0,32.1078431372549,6986.6281536514725,7424.004120855774,0,0.36324786324786323,4.549900199600798,36.341023261252886,102
density_scarce,jsq,4,25,2,0.8,782,782,0,0.0,1.9905067627683288,1.002,0.9885067627683289,0.0,1002.0,0.0,1002.0,0,32.35849056603774,7335.439543849695,7636.158684703418,0,0.2863247863247863,2.906187624750499,38.9145287231375,106
density_scarce,jsq,4,26,2,0.8,777,777,0,0.0,1.940527458635505,1.011,0.9295274586355052,0.0,1011.0,0.0,1011.0,0,32.464646464646464,6879.372122808471,7488.759866402418,0,0.3418803418803419,7.051434223541048,31.770082115012613,99
density_scarce,jsq,4,27,2,0.8,789,789,0,0.07731305449936629,2.068949293745242,1.077,0.9602975716901759,0.03165172205506616,1077.0,1123.794391565124,1077.0,1123.794391565124,32.33018867924528,7378.532764852096,7839.9918384534485,0,0.35080645161290325,9.668523676880223,29.25807183923861,106
density_scarce,jsq,4,28,2,0.8,744,744,0,0.0,1.9761841070373114,1.001,0.9751841070373116,0.0,1001.0,0.0,1001.0,0,32.31683168316832,7005.913540279252,7364.348396439833,0,0.29545454545454547,3.3836163836163835,37.723635746674105,101
density_scarce,jsq,4,29,2,0.8,865,865,0,0.09595375722543352,2.108592243484,1.085,0.9761306100719882,0.047461633412012136,1085.0,1847.4440805625723,1085.0,1847.4440805625723,32.495726495726494,8146.171570971461,8508.939738343066,0,0.3111111111111111,11.211981566820276,26.71037671259708,117
density_scarce,jsq,4,30,2,0.8,791,791,0,0.0,1.9747082643787663,1.002,0.9727082643787663,0.0,1002.0,0.0,1002.0,0,32.38392857142857,7760.810352947811,8104.396237584154,0,0.29435483870967744,6.039920159680639,31.13306968683197,112
density_scarce,ours,0,1,2,0.8,785,785,0,0.0,2.5639020353276747,1.001,1.5629020353276748,0.0,1001.0,0.0,1001.0,0,3.8687845303867405,10500.626344966666,6752.796681902479,0,0.040300546448087435,3.3216783216783217,1808.3860668610741,724
density_scarce,ours,0,2,2,0.8,809,809,0,0.0,2.594810012886655,1.0,1.5948100128866551,0.0,1000.0,0.0,1000.0,0,3.827900912646675,11060.136258919882,6947.621452955262,0,0.05,4.051,1617.7387188714092,767
density_scarce,ours,0,3,2,0.8,808,808,0,0.0,2.5514732036231376,0.999,1.5524732036231377,0.0,999.0,0.0,999.0,0,3.8741721854304636,11001.386782493655,7107.832901768365,0,0.04409857328145266,5.389,1506.2385199599973,755
density_scarce,ours,0,4,2,0.8,822,822,0,0.0,2.5467173014791937,1.001,1.5457173014791938,0.0,1001.0,0.0,1001.0,0,3.8945981554677207,11096.604290047537,7189.717645056139,0,0.041343669250646,6.21978021978022,1470.1563311747975,759
density_scarce,ours,0,5,2,0.8,760,760,0,0.0,2.585494886675333,1.0,1.5854948866753331,0.0,1000.0,0.0,1000.0,0,3.7258953168044076,10184.556193971222,6467.732113266948,0,0.042119565217391304,3.175,1717.1807074033575,726
density_scarce,ours,0,6,2,0.8,861,861,0,0.0,2.5490233593779816,1.02,1.5290233593779814,0.0,1020.0,0.0,1020.0,0,3.652542372881356,11393.842417092572,7469.152785477682,0,0.048693586698337295,6.536274509803921,1388.3978628521375,826
density_scarce,ours,1,7,2,0.8,730,730,0,0.30273972602739724,2.787302433742757,1.065,1.4666121022577938,0.2556903314849633,1065.0,8399.427389281043,1065.0,8399.427389281043,4.081841432225064,11710.487682986848,8058.181248639978,0,0.15894868585732166,10.310798122065728,862.8277837453836,782
density_scarce,ours,1,8,2,0.8,777,777,0,0.40797940797940796,2.9552039941867974,1.119,1.4586732560806452,0.3775307381061519,1119.0,13200.362257881601,1119.0,13200.362257881601,4.043786982248521,12244.325124439601,8466.794213702116,0,0.15295480880648898,10.629133154602323,835.9477411591915,845
density_scarce,ours,1,9,2,0.8,794,794,0,0.3350125944584383,2.8522709864471567,1.117,1.4583137598306217,0.2769572266165349,1117.0,9895.68170700879,1117.0,9895.68170700879,3.995169082125604,12033.825614736441,8390.069359462706,0,0.17455621301775148,10.88630259623993,847.2343184158603,828
density_scarce,ours,1,10,2,0.8,842,770,72,0.5225653206650831,3.866969098670128,1.135,1.4341111567241167,1.2978579419460112,1135.0,49175.83742033436,1126.0,40295.92369034438,4.4363867684478375,12389.824182474635,8810.023750797076,0,0.1718362282878412,11.951541850220265,764.4465262337216,786
density_scarce,ours,1,11,2,0.8,796,786,10,0.5590452261306532,3.6152083404957747,1.135,1.4734217440011668,1.0067865964946079,1135.0,36063.09588643685,1135.0,35109.33758895939,4.442355889724311,12613.349813889208,8686.762560394725,0,0.16605392156862744,11.713656387665198,740.9814955049203,798
density_scarce,ours,1,12,2,0.8,746,746,0,0.3552278820375335,2.8968440781175344,1.091,1.4541248300894656,0.3517192480280687,1091.0,11807.215156302267,1091.0,11807.215156302267,4.236292428198434,11734.745227314648,8169.082585691581,0,0.1532567049808429,9.61044912923923,1007.5920814080913,766
density_scarce,ours,2,13,2,0.8,802,802,0,0.0685785536159601,2.532785826806805,1.018,1.5073052294814384,0.007480597325366308,1018.0,269.97475747247006,1018.0,269.97475747247006,3.3344947735191637,10971.013580503715,7300.675867503119,0,0.038154897494305236,7.931237721021611,1151.9545564324021,861
density_scarce,ours,2,14,2,0.8,829,829,0,0.020506634499396863,2.6134855955450953,1.052,1.560220544827633,0.0012650507174624792,1052.0,47.192717014937784,1052.0,47.192717014937784,3.261904761904762,11460.152764499291,7433.0563792987405,0,0.03780617678381257,7.777566539923955,1128.9206603606438,924
density_scarce,ours,2,15,2,0.8,788,788,0,0.0,2.5584848743498947,1.001,1.5574848743498948,0.0,1001.0,0.0,1001.0,0,3.249126891734575,10665.661749609586,6871.545651923486,0,0.03608247422680412,5.646353646353647,1320.4034363727203,859
density_scarce,ours,2,16,2,0.8,776,776,0,0.0,2.595825639996515,1.002,1.593825639996515,0.0,1002.0,0.0,1002.0,0,3.21461716937355,10645.082494207047,6681.0418657608325,0,0.032721010332950634,5.712574850299402,1263.7328359311239,862
density_scarce,ours,2,17,2,0.8,850,850,0,0.12588235294117647,2.6183551232997773,1.054,1.5393801556065696,0.0249749676932075,1054.0,955.2925142651868,1054.0,955.2925142651868,3.347777777777778,11308.45520011139,7387.2516103490425,0,0.035480349344978165,8.995256166982923,1078.6270742445947,900
density_scarce,ours,2,18,2,0.8,811,811,0,0.10357583230579531,2.6351706797589642,1.059,1.558865136890836,0.017305542868128614,1059.0,631.5657869723537,1059.0,631.5657869723537,3.640877598152425,11753.710614312755,7595.510991152412,0,0.048752834467120185,10.765816808309726,846.3326544878907,866
density_scarce,ours,3,19,2,0.8,768,768,0,0.0,2.50669468125327,1.012,1.49469468125327,0.0,1012.0,0.0,1012.0,0,3.546468401486989,10835.316016285797,7273.714705290763,0,0.06371359223300971,5.24505928853755,1373.425484575598,807
density_scarce,ours,3,20,2,0.8,811,811,0,0.2959309494451295,2.6582515105191575,1.049,1.5179085090782016,0.09134300144095592,1049.0,3333.5628375876863,1049.0,3333.5628375876863,3.730958230958231,11437.022259219606,7627.550411989281,0,0.05956678700361011,9.92183031458532,981.9151630942295,814
density_scarce,ours,3,21,2,0.8,820,820,0,0.018292682926829267,2.532457559280246,1.022,1.5092202089170492,0.0012373503631966695,1022.0,45.6582284019571,1022.0,45.6582284019571,3.6650602409638555,11465.453351916005,7623.44241346404,0,0.0644208037825059,9.54109589041096,1001.5683212310921,830
density_scarce,ours,3,22,2,0.8,778,778,0,0.0,2.5480607903703407,0.997,1.5510607903703406,0.0,997.0,0.0,997.0,0,3.6317733990147785,11095.551457286621,7172.866161247977,0,0.05997552019583843,5.332,1337.3795615490915,812
density_scarce,ours,3,23,2,0.8,788,788,0,0.0,2.489603916556433,1.005,1.484603916556433,0.0,1005.0,0.0,1005.0,0,3.392018779342723,10954.617291295066,7396.7769015673575,0,0.06632064590542099,7.872636815920398,1113.1003458211853,852
density_scarce,ours,3,24,2,0.8,766,766,0,0.0,2.501376289778577,1.005,1.4963762897785773,0.0,1005.0,0.0,1005.0,0,3.81020942408377,10951.964112373762,7336.811505256016,0,0.0685897435897436,8.597014925373134,1116.5702573728197,764
density_scarce,ours,4,25,2,0.8,782,740,42,0.5831202046035806,3.9682798937278774,1.135,1.5177970394870703,1.3154828542408075,1135.0,46291.84164073401,1135.0,41343.11695914546,3.8066666666666666,12405.73473683666,8241.594722306672,0,0.0453056768558952,12.343612334801762,624.5581878503727,900
density_scarce,ours,4,26,2,0.8,777,738,39,0.5276705276705277,4.113953935525702,1.135,1.5124813157395562,1.4664726197861457,1135.0,51275.21515082259,1135.0,46321.91999420444,3.7290533188248096,12450.132420020349,8341.642599769371,0,0.055970149253731345,12.27488986784141,612.6809169226555,919
density_scarce,ours,4,27,2,0.8,789,742,47,0.6032953105196451,4.00028192686543,1.135,1.486125600376515,1.379156326488915,1135.0,48966.94537198893,1133.0,43877.33663740888,3.8757062146892656,12402.852086736257,8473.673183576027,0,0.044751381215469614,12.420264317180617,613.7783421738619,885
density_scarce,ours,4,28,2,0.8,744,744,0,0.4583333333333333,3.0156712717731096,1.102,1.4895461449815355,0.42412512679157427,1102.0,14199.709244981907,1102.0,14199.709244981907,3.683798882681564,12140.093920393438,8244.184956448611,0,0.04665203073545554,11.16606170598911,714.3843028097364,895
density_scarce,ours,4,29,2,0.8,865,767,98,0.6023121387283237,4.804586158261946,1.135,1.4939003632349142,2.1756857950270327,1135.0,84688.56957142724,1135.0,71266.08462173305,3.573208722741433,12519.86868710157,8482.34768513552,0,0.04332313965341488,13.191189427312775,523.7547396283471,963
density_scarce,ours,4,30,2,0.8,791,777,14,0.5575221238938053,3.4351157905386676,1.135,1.4867070953558414,0.8134086951828262,1135.0,28953.282505032697,1135.0,27567.75222015246,4.0402761795166855,12673.970085080005,8629.347738573533,0,0.05186020293122886,13.006167400881058,534.2992133011552,869
density_scarce,B3_use_queue_term_False,0,1,2,0.8,785,785,0,0.0,2.5571302278997576,1.001,1.5561302278997577,0.0,1001.0,0.0,1001.0,0,3.6947791164658637,10380.918449015227,6679.551361441393,0,0.05414438502673797,0.0,2096.2308843733426,747
density_scarce,B3_use_queue_term_False,0,2,2,0.8,809,809,0,0.0,2.538120938627629,1.0,1.538120938627629,0.0,1000.0,0.0,1000.0,0,3.720626631853786,10769.707351261175,7019.197090938834,0,0.057942708333333336,0.0,2076.160547479352,766
density_scarce,B3_use_queue_term_False,0,3,2,0.8,808,808,0,0.0,2.5533719573830593,0.998,1.5553719573830591,0.0,998.0,0.0,998.0,0,3.7992227979274613,10938.857184096707,7041.52499692523,0,0.0517464424320828,0.0,2057.809055644903,772
density_scarce,B3_use_queue_term_False,0,4,2,0.8,822,822,0,0.0,2.5534224842997246,1.0,1.5534224842997246,0.0,1000.0,0.0,1000.0,0,3.621859296482412,10898.592323803474,7026.587487170332,0,0.03383458646616541,0.0,2051.9251857719673,796
density_scarce,B3_use_queue_term_False,0,5,2,0.8,760,760,0,0.0,2.5597095730490396,1.0,1.5597095730490396,0.0,1000.0,0.0,1000.0,0,3.595687331536388,10082.994151923454,6483.89567305995,0,0.04771505376344086,0.0,2012.1509419417418,742
density_scarce,B3_use_queue_term_False,0,6,2,0.8,861,861,0,0.0,2.54124925306638,1.002,1.5392492530663802,0.0,1002.0,0.0,1002.0,0,3.6447688564476888,11367.618447642999,7428.481833939758,0,0.046553808948004836,0.0,2023.4039904405572,822
density_scarce,B3_use_queue_term_False,1,7,2,0.8,730,730,0,0.0,2.493954986102614,1.002,1.4919549861026138,0.0,1002.0,0.0,1002.0,0,3.458149779735683,11917.92535318852,7988.126628619385,0,0.1448237885462555,0.0,1537.4903078267907,908
density_scarce,B3_use_queue_term_False,1,8,2,0.8,777,777,0,0.0,2.503669205067607,0.999,1.504669205067607,0.0,999.0,0.0,999.0,0,3.378159757330637,12672.798287120058,8455.545075468974,0,0.14768145161290322,0.0,1500.289214398494,989
density_scarce,B3_use_queue_term_False,1,9,2,0.8,794,794,0,0.0,2.5118737920468126,1.001,1.510873792046813,0.0,1001.0,0.0,1001.0,0,3.2625482625482625,12990.413655470325,8606.772489703691,0,0.14175506268081003,0.0,1460.6859204256073,1036
density_scarce,B3_use_queue_term_False,1,10,2,0.8,842,842,0,0.0,2.4961582834587253,1.001,1.4951582834587251,0.0,1001.0,0.0,1001.0,0,3.546234509056244,14096.726941853593,9443.856500946864,0,0.1435361216730038,0.0,1491.7190116852303,1049
density_scarce,B3_use_queue_term_False,1,11,2,0.8,796,796,0,0.0,2.520894800674451,1.002,1.518894800674451,0.0,1002.0,0.0,1002.0,0,3.5267326732673268,13464.740530353054,8867.02216486959,0,0.1503461918892186,0.0,1463.7617218611222,1010
density_scarce,B3_use_queue_term_False,1,12,2,0.8,746,746,0,0.0,2.4902428751526,1.001,1.4892428751526001,0.0,1001.0,0.0,1001.0,0,3.5622932745314224,12215.636844476267,8202.582028954654,0,0.1466372657111356,0.0,1583.9670359027646,907
density_scarce,B3_use_queue_term_False,2,13,2,0.8,802,802,0,0.0,2.5485915182785224,1.001,1.5475915182785225,0.0,1001.0,0.0,1001.0,0,2.9989224137931036,10769.927645700867,6967.769499685816,0,0.03336921420882669,0.0,1717.7731971521093,928
density_scarce,B3_use_queue_term_False,2,14,2,0.8,829,829,0,0.0,2.5436962736826274,1.001,1.5426962736826275,0.0,1001.0,0.0,1001.0,0,2.98974358974359,11313.156523509517,7342.008955401368,0,0.037871033776867964,0.0,1720.3771751831566,975
density_scarce,B3_use_queue_term_False,2,15,2,0.8,788,788,0,0.0,2.5600213236765876,1.001,1.5590213236765877,0.0,1001.0,0.0,1001.0,0,3.097315436241611,10609.0770150331,6807.097624129292,0,0.044134078212290505,0.0,1764.3524013855103,894
density_scarce,B3_use_queue_term_False,2,16,2,0.8,776,776,0,0.0,2.560842204493728,1.002,1.5588422044937276,0.0,1002.0,0.0,1002.0,0,3.1513083048919226,10611.460990407126,6809.409119884109,0,0.04090909090909091,0.0,1768.767954358323,879
density_scarce,B3_use_queue_term_False,2,17,2,0.8,850,850,0,0.0,2.5504228425740347,1.001,1.5494228425740346,0.0,1001.0,0.0,1001.0,0,3.1404255319148935,11351.63144333034,7347.874617460334,0,0.036585365853658534,0.0,1774.6500527705455,940
density_scarce,B3_use_queue_term_False,2,18,2,0.8,811,811,0,0.0,2.5710395715894268,1.001,1.5700395715894269,0.0,1001.0,0.0,1001.0,0,3.1129707112970713,11419.427517511062,7294.568275912644,0,0.03392484342379958,0.0,1665.3304815701636,956
density_scarce,B3_use_queue_term_False,3,19,2,0.8,768,768,0,0.0,2.5203423315598537,1.002,1.5183423315598539,0.0,1002.0,0.0,1002.0,0,3.256470588235294,10600.814880389666,7008.179024724487,0,0.06498829039812647,0.0,1797.3201398997278,850
density_scarce,B3_use_queue_term_False,3,20,2,0.8,811,811,0,0.0,2.520116286012424,0.999,1.521116286012424,0.0,999.0,0.0,999.0,0,3.436406067677946,11200.09266260264,7371.840074982747,0,0.06286379511059371,0.0,1830.8514550114667,857
density_scarce,B3_use_queue_term_False,3,21,2,0.8,820,820,0,0.0,2.5235483896972095,1.0,1.5235483896972093,0.0,1000.0,0.0,1000.0,0,3.3382519863791145,11222.357497090961,7383.437401678186,0,0.06625141562853908,0.0,1803.074632998079,881
density_scarce,B3_use_queue_term_False,3,22,2,0.8,778,778,0,0.0,2.4894905423451905,0.997,1.4924905423451904,0.0,997.0,0.0,997.0,0,3.461818181818182,10847.490157191212,7288.146791267753,0,0.06590084643288996,0.0,1824.1233391571282,825
density_scarce,B3_use_queue_term_False,3,23,2,0.8,788,788,0,0.0,2.5245453100656805,1.0,1.5245453100656805,0.0,1000.0,0.0,1000.0,0,3.0749148694665154,10414.405916144331,6837.7147253790945,0,0.061224489795918366,0.0,1794.6595234332856,881
density_scarce,B3_use_queue_term_False,3,24,2,0.8,766,766,0,0.0,2.5229018174751507,1.001,1.521901817475151,0.0,1001.0,0.0,1001.0,0,3.448441247002398,10871.732367131244,7143.517566177108,0,0.06175059952038369,0.0,1809.3106715171655,834
density_scarce,B3_use_queue_term_False,4,25,2,0.8,782,782,0,0.0,2.6567634063444947,1.002,1.6547634063444947,0.0,1002.0,0.0,1002.0,0,3.03475935828877,13151.835177249162,7998.22407229764,0,0.041740674955595025,0.0,1352.6418303916162,1122
density_scarce,B3_use_queue_term_False,4,26,2,0.8,777,777,0,0.0,2.6634943285723542,1.001,1.6624943285723546,0.0,1001.0,0.0,1001.0,0,2.9370689655172413,13267.535781804952,8004.560107721934,0,0.042598967297762476,0.0,1303.5334783054009,1160
density_scarce,B3_use_queue_term_False,4,27,2,0.8,789,789,0,0.0,2.630754072156805,1.002,1.628754072156805,0.0,1002.0,0.0,1002.0,0,2.9732758620689657,13364.373599869374,8276.903491442188,0,0.038560411311053984,0.0,1315.0754923877987,1160
density_scarce,B3_use_queue_term_False,4,28,2,0.8,744,744,0,0.0,2.626988089198597,1.001,1.6259880891985967,0.0,1001.0,0.0,1001.0,0,2.842338352524358,12503.724274798866,7739.124510438679,0,0.0410414827890556,0.0,1315.6524259927508,1129
density_scarce,B3_use_queue_term_False,4,29,2,0.8,865,865,0,0.0,2.6268204372143553,1.0,1.6268204372143553,0.0,1000.0,0.0,1000.0,0,2.9854721549636802,14353.093880401326,8822.789259383799,0,0.048829701372074256,0.0,1307.602502137672,1239
density_scarce,B3_use_queue_term_False,4,30,2,0.8,791,791,0,0.0,2.604764162292194,1.002,1.6027641622921942,0.0,1002.0,0.0,1002.0,0,3.151012891344383,13187.444019363887,8240.416356998268,0,0.043698252069917204,0.0,1392.3809570500243,1086
density_scarce,use_reservation_False,0,1,2,0.8,785,785,0,0.0,2.5571302278997576,1.001,1.5561302278997577,0.0,1001.0,0.0,1001.0,0,3.6947791164658637,10380.918449015227,6679.551361441393,0,0.05414438502673797,0.0,2100.9771396122114,747
density_scarce,use_reservation_False,0,2,2,0.8,809,809,0,0.0,2.538120938627629,1.0,1.538120938627629,0.0,1000.0,0.0,1000.0,0,3.720626631853786,10769.707351261175,7019.197090938834,0,0.057942708333333336,0.0,2075.3714843522175,766
density_scarce,use_reservation_False,0,3,2,0.8,808,808,0,0.0,2.5533719573830593,0.998,1.5553719573830591,0.0,998.0,0.0,998.0,0,3.7992227979274613,10938.857184096707,7041.52499692523,0,0.0517464424320828,0.0,2057.485898533766,772
density_scarce,use_reservation_False,0,4,2,0.8,822,822,0,0.0,2.5534224842997246,1.0,1.5534224842997246,0.0,1000.0,0.0,1000.0,0,3.621859296482412,10898.592323803474,7026.587487170332,0,0.03383458646616541,0.0,2030.8140346536504,796
density_scarce,use_reservation_False,0,5,2,0.8,760,760,0,0.0,2.5597095730490396,1.0,1.5597095730490396,0.0,1000.0,0.0,1000.0,0,3.595687331536388,10082.994151923454,6483.89567305995,0,0.04771505376344086,0.0,2022.2604852601617,742
density_scarce,use_reservation_False,0,6,2,0.8,861,861,0,0.0,2.54124925306638,1.002,1.5392492530663802,0.0,1002.0,0.0,1002.0,0,3.6447688564476888,11367.618447642999,7428.481833939758,0,0.046553808948004836,0.0,2028.695525792388,822
density_scarce,use_reservation_False,1,7,2,0.8,730,730,0,0.0,2.493954986102614,1.002,1.4919549861026138,0.0,1002.0,0.0,1002.0,0,3.458149779735683,11917.92535318852,7988.126628619385,0,0.1448237885462555,0.0,1549.7483470269974,908
density_scarce,use_reservation_False,1,8,2,0.8,777,777,0,0.0,2.503669205067607,0.999,1.504669205067607,0.0,999.0,0.0,999.0,0,3.378159757330637,12672.798287120058,8455.545075468974,0,0.14768145161290322,0.0,1489.2318536552802,989
density_scarce,use_reservation_False,1,9,2,0.8,794,794,0,0.0,2.5118737920468126,1.001,1.510873792046813,0.0,1001.0,0.0,1001.0,0,3.2625482625482625,12990.413655470325,8606.772489703691,0,0.14175506268081003,0.0,1459.6413697494174,1036
density_scarce,use_reservation_False,1,10,2,0.8,842,842,0,0.0,2.4961582834587253,1.001,1.4951582834587251,0.0,1001.0,0.0,1001.0,0,3.546234509056244,14096.726941853593,9443.856500946864,0,0.1435361216730038,0.0,1484.0076051049552,1049
density_scarce,use_reservation_False,1,11,2,0.8,796,796,0,0.0,2.520894800674451,1.002,1.518894800674451,0.0,1002.0,0.0,1002.0,0,3.5267326732673268,13464.740530353054,8867.02216486959,0,0.1503461918892186,0.0,1468.890305766495,1010
density_scarce,use_reservation_False,1,12,2,0.8,746,746,0,0.0,2.4902428751526,1.001,1.4892428751526001,0.0,1001.0,0.0,1001.0,0,3.5622932745314224,12215.636844476267,8202.582028954654,0,0.1466372657111356,0.0,1577.9644980037826,907
density_scarce,use_reservation_False,2,13,2,0.8,802,802,0,0.0,2.5485915182785224,1.001,1.5475915182785225,0.0,1001.0,0.0,1001.0,0,2.9989224137931036,10769.927645700867,6967.769499685816,0,0.03336921420882669,0.0,1747.271905686261,928
density_scarce,use_reservation_False,2,14,2,0.8,829,829,0,0.0,2.5436962736826274,1.001,1.5426962736826275,0.0,1001.0,0.0,1001.0,0,2.98974358974359,11313.156523509517,7342.008955401368,0,0.037871033776867964,0.0,1681.5919141183124,975
density_scarce,use_reservation_False,2,15,2,0.8,788,788,0,0.0,2.5600213236765876,1.001,1.5590213236765877,0.0,1001.0,0.0,1001.0,0,3.097315436241611,10609.0770150331,6807.097624129292,0,0.044134078212290505,0.0,1769.6167598608567,894
density_scarce,use_reservation_False,2,16,2,0.8,776,776,0,0.0,2.560842204493728,1.002,1.5588422044937276,0.0,1002.0,0.0,1002.0,0,3.1513083048919226,10611.460990407126,6809.409119884109,0,0.04090909090909091,0.0,1776.8813643091232,879
density_scarce,use_reservation_False,2,17,2,0.8,850,850,0,0.0,2.5504228425740347,1.001,1.5494228425740346,0.0,1001.0,0.0,1001.0,0,3.1404255319148935,11351.63144333034,7347.874617460334,0,0.036585365853658534,0.0,1775.1638390161374,940
density_scarce,use_reservation_False,2,18,2,0.8,811,811,0,0.0,2.5710395715894268,1.001,1.5700395715894269,0.0,1001.0,0.0,1001.0,0,3.1129707112970713,11419.427517511062,7294.568275912644,0,0.03392484342379958,0.0,1675.2352822248265,956
density_scarce,use_reservation_False,3,19,2,0.8,768,768,0,0.0,2.5203423315598537,1.002,1.5183423315598539,0.0,1002.0,0.0,1002.0,0,3.256470588235294,10600.814880389666,7008.179024724487,0,0.06498829039812647,0.0,1801.997072290219,850
density_scarce,use_reservation_False,3,20,2,0.8,811,811,0,0.0,2.520116286012424,0.999,1.521116286012424,0.0,999.0,0.0,999.0,0,3.436406067677946,11200.09266260264,7371.840074982747,0,0.06286379511059371,0.0,1836.6827701741008,857
density_scarce,use_reservation_False,3,21,2,0.8,820,820,0,0.0,2.5235483896972095,1.0,1.5235483896972093,0.0,1000.0,0.0,1000.0,0,3.3382519863791145,11222.357497090961,7383.437401678186,0,0.06625141562853908,0.0,1812.212004435448,881
density_scarce,use_reservation_False,3,22,2,0.8,778,778,0,0.0,2.4894905423451905,0.997,1.4924905423451904,0.0,997.0,0.0,997.0,0,3.461818181818182,10847.490157191212,7288.146791267753,0,0.06590084643288996,0.0,1825.2211603467797,825
density_scarce,use_reservation_False,3,23,2,0.8,788,788,0,0.0,2.5245453100656805,1.0,1.5245453100656805,0.0,1000.0,0.0,1000.0,0,3.0749148694665154,10414.405916144331,6837.7147253790945,0,0.061224489795918366,0.0,1789.2487535607956,881
density_scarce,use_reservation_False,3,24,2,0.8,766,766,0,0.0,2.5229018174751507,1.001,1.521901817475151,0.0,1001.0,0.0,1001.0,0,3.448441247002398,10871.732367131244,7143.517566177108,0,0.06175059952038369,0.0,1806.4997615951518,834
density_scarce,use_reservation_False,4,25,2,0.8,782,782,0,0.0,2.6567634063444947,1.002,1.6547634063444947,0.0,1002.0,0.0,1002.0,0,3.03475935828877,13151.835177249162,7998.22407229764,0,0.041740674955595025,0.0,1348.9798400972904,1122
density_scarce,use_reservation_False,4,26,2,0.8,777,777,0,0.0,2.6634943285723542,1.001,1.6624943285723546,0.0,1001.0,0.0,1001.0,0,2.9370689655172413,13267.535781804952,8004.560107721934,0,0.042598967297762476,0.0,1300.8421685076967,1160
density_scarce,use_reservation_False,4,27,2,0.8,789,789,0,0.0,2.630754072156805,1.002,1.628754072156805,0.0,1002.0,0.0,1002.0,0,2.9732758620689657,13364.373599869374,8276.903491442188,0,0.038560411311053984,0.0,1305.2199665144176,1160
density_scarce,use_reservation_False,4,28,2,0.8,744,744,0,0.0,2.626988089198597,1.001,1.6259880891985967,0.0,1001.0,0.0,1001.0,0,2.842338352524358,12503.724274798866,7739.124510438679,0,0.0410414827890556,0.0,1312.5670786814671,1129
density_scarce,use_reservation_False,4,29,2,0.8,865,865,0,0.0,2.6268204372143553,1.0,1.6268204372143553,0.0,1000.0,0.0,1000.0,0,2.9854721549636802,14353.093880401326,8822.789259383799,0,0.048829701372074256,0.0,1315.749231372645,1239
density_scarce,use_reservation_False,4,30,2,0.8,791,791,0,0.0,2.604764162292194,1.002,1.6027641622921942,0.0,1002.0,0.0,1002.0,0,3.151012891344383,13187.444019363887,8240.416356998268,0,0.043698252069917204,0.0,1392.205334041463,1086
density_scarce,use_priority_False,0,1,2,0.8,785,785,0,0.0,2.5712488234816773,1.0,1.5712488234816775,0.0,1000.0,0.0,1000.0,0,3.892116182572614,10554.003980727846,6757.260311281523,0,0.04149659863945578,3.454,1782.057686553647,723
density_scarce,use_priority_False,0,2,2,0.8,809,809,0,0.0,2.587708365509471,1.001,1.5867083655094707,0.0,1001.0,0.0,1001.0,0,3.8337662337662337,11123.693717858148,7023.151802870429,0,0.04929577464788732,4.7742257742257745,1530.5997436376058,770
density_scarce,use_priority_False,0,3,2,0.8,808,808,0,0.0,2.545941707211962,1.008,1.5379417072119617,0.0,1008.0,0.0,1008.0,0,3.718045112781955,11174.591878331144,7276.776806635294,0,0.05295566502463054,7.999007936507937,1180.2732753378152,798
density_scarce,use_priority_False,0,4,2,0.8,822,822,0,0.0,2.5511468479103394,1.005,1.5461468479103395,0.0,1005.0,0.0,1005.0,0,4.0109140518417465,10975.352950943228,7128.70167054689,0,0.04533333333333334,6.390049751243781,1511.5730677886556,733
density_scarce,use_priority_False,0,5,2,0.8,760,760,0,0.0,2.5808923377288355,1.001,1.5798923377288354,0.0,1001.0,0.0,1001.0,0,3.800557880055788,10230.332288547655,6481.664632457149,0,0.047156726768377254,2.873126873126873,1781.0490999749284,717
density_scarce,use_priority_False,0,6,2,0.8,861,861,0,0.0,2.5442543112703913,1.019,1.5252543112703913,0.0,1019.0,0.0,1019.0,0,3.6196172248803826,11419.70327194253,7504.564880773706,0,0.0534037558685446,6.889106967615309,1329.33791152676,836
density_scarce,use_priority_False,1,7,2,0.8,730,730,0,0.30547945205479454,2.7801229529419174,1.063,1.4637971414859994,0.25332581145591826,1063.0,8321.752906326914,1063.0,8321.752906326914,3.9096612296110416,11492.63443944974,7935.503795963252,0,0.15294840294840295,9.536218250235184,940.7769028825057,797
density_scarce,use_priority_False,1,8,2,0.8,777,777,0,0.3539253539253539,2.7792125384020983,1.115,1.465575799103156,0.19863673929894238,1115.0,6945.333589587521,1115.0,6945.333589587521,4.273182957393484,12216.887245267295,8394.419525494359,0,0.1687116564417178,10.348878923766817,927.4161965700519,798
density_scarce,use_priority_False,1,9,2,0.8,794,791,3,0.49748110831234255,3.2571913063790947,1.135,1.454756687812894,0.6674346185662006,1135.0,23847.438921370347,1135.0,23574.16748642477,4.327455919395466,12273.761252830465,8557.791199812811,0,0.16974169741697417,11.552422907488987,798.5243545146373,794
density_scarce,use_priority_False,1,10,2,0.8,842,792,50,0.48812351543942994,3.5849736785575974,1.135,1.4298003030707,1.0201733754868973,1135.0,38654.36919719854,1126.0,33061.73197735507,4.485237483953787,12414.397667624524,8846.888697018168,0,0.1658322903629537,11.863436123348018,779.5302897577496,779
density_scarce,use_priority_False,1,11,2,0.8,796,788,8,0.5653266331658291,3.5353396251797857,1.135,1.4404097942056364,0.9599298309741491,1135.0,34384.68654549402,1135.0,33628.851723359556,4.383663366336633,12660.175779073305,8922.207239328358,0,0.1825876662636034,11.693392070484581,727.7933490477241,808
density_scarce,use_priority_False,1,12,2,0.8,746,746,0,0.39276139410187666,3.1048538588285046,1.119,1.445585515180903,0.5402683436476017,1119.0,18136.808296249987,1119.0,18136.808296249987,4.32225063938619,12002.62617930752,8369.821583650295,0,0.1599749058971142,10.159964253798034,933.8865736575383,782
density_scarce,use_priority_False,2,13,2,0.8,802,802,0,0.08104738154613467,2.5471170155468617,1.018,1.5172049241084893,0.011912091438371991,1018.0,429.90738001084515,1018.0,429.90738001084515,3.2806004618937643,10843.590415172253,7169.053814464931,0,0.036931818181818184,7.918467583497053,1160.172500451815,866
density_scarce,use_priority_False,2,14,2,0.8,829,829,0,0.06634499396863691,2.617898922134123,1.058,1.5471524319689678,0.012746490165155713,1058.0,475.5078156111339,1058.0,475.5078156111339,3.354555433589462,11520.671279004478,7524.330051436389,0,0.041487068965517244,8.309073724007561,1099.603448704423,911
density_scarce,use_priority_False,2,15,2,0.8,788,788,0,0.0,2.56628267225548,1.001,1.56528267225548,0.0,1001.0,0.0,1001.0,0,3.265017667844523,10598.107811371972,6787.767261697417,0,0.03356481481481482,5.061938061938062,1401.7491889212074,849
density_scarce,use_priority_False,2,16,2,0.8,776,776,0,0.0,2.5902929543818387,1.002,1.5882929543818387,0.0,1002.0,0.0,1002.0,0,3.1972318339100347,10627.53939100551,6714.256351922206,0,0.038680318543799774,6.5728542914171655,1196.9730391753021,867
density_scarce,use_priority_False,2,17,2,0.8,850,850,0,0.2223529411764706,2.6592653399102986,1.056,1.5362196351434871,0.06704570476681126,1056.0,2564.498207330531,1056.0,2564.498207330531,3.5149769585253456,11404.364611944166,7484.410225106156,0,0.033936651583710405,9.226325757575758,1064.8285074589344,868
density_scarce,use_priority_False,2,18,2,0.8,811,811,0,0.013563501849568433,2.582579082501382,1.022,1.560086551156739,0.0004925313446428726,1022.0,17.974931422741633,1022.0,17.974931422741633,3.4467353951890036,11457.02537573389,7365.205924342406,0,0.04161979752530934,10.5146771037182,839.5650179577934,873
density_scarce,use_priority_False,3,19,2,0.8,768,768,0,0.0,2.477064819383047,1.007,1.4700648193830472,0.0,1007.0,0.0,1007.0,0,3.5086848635235732,10691.342719717424,7306.713675540296,0,0.06796116504854369,5.551142005958292,1348.38859089232,806
density_scarce,use_priority_False,3,20,2,0.8,811,811,0,0.34278668310727495,2.7253108221694617,1.055,1.5110920463030273,0.15921877586643418,1055.0,5810.689225245515,1055.0,5810.689225245515,3.8415841584158414,11570.570483156285,7747.457012989768,0,0.0696969696969697,9.876777251184834,995.4307880252599,808
density_scarce,use_priority_False,3,21,2,0.8,820,820,0,0.02195121951219512,2.5300412855253316,1.019,1.509275067603867,0.0017662179214645766,1019.0,65.17344130204287,1019.0,65.17344130204287,3.616389548693587,11530.65763452488,7661.950572215137,0,0.07126168224299065,9.182531894013739,997.4321256887829,842
density_scarce,use_priority_False,3,22,2,0.8,778,778,0,0.0,2.5014900009679506,1.0,1.5014900009679506,0.0,1000.0,0.0,1000.0,0,3.6321559074299636,11277.124849936376,7530.602829620201,0,0.06563245823389022,7.958,1068.8665883781207,821
density_scarce,use_priority_False,3,23,2,0.8,788,788,0,0.0,2.528151996530405,1.0,1.528151996530405,0.0,1000.0,0.0,1000.0,0,3.3302217036172697,10923.363259512607,7169.899733614154,0,0.060324825986078884,6.755,1215.3382826350164,857
density_scarce,use_priority_False,3,24,2,0.8,766,766,0,0.0,2.509501519467678,1.003,1.506501519467678,0.0,1003.0,0.0,1003.0,0,3.770942408376963,10836.811750037856,7197.787905673951,0,0.07317073170731707,8.108673978065802,1173.4576373981536,764
density_scarce,use_priority_False,4,25,2,0.8,782,760,22,0.6112531969309463,3.792206597374001,1.135,1.466588681584479,1.190617915789522,1135.0,41897.84445663328,1132.0,39598.10592898669,3.8584371460928653,12338.81087241338,8542.595072201291,0,0.04540420819490587,12.294273127753303,624.2532666993317,883
density_scarce,use_priority_False,4,26,2,0.8,777,759,18,0.525096525096525,3.760738296734392,1.135,1.5036576643882398,1.1220806323461523,1135.0,39233.54930998322,1135.0,37252.86115280052,3.774834437086093,12411.401139663583,8347.566856841044,0,0.049189189189189186,11.839647577092512,674.5735133645704,906
density_scarce,use_priority_False,4,27,2,0.8,789,758,31,0.5627376425855514,3.8152224291886414,1.135,1.4937237923057622,1.186498636882879,1135.0,42126.634102526616,1134.0,39024.327158364365,3.807349665924276,12356.365212355075,8379.185235532981,0,0.04580152671755725,12.345374449339207,627.4513638377263,898
density_scarce,use_priority_False,4,28,2,0.8,744,744,0,0.4529569892473118,3.169451885023739,1.129,1.4859194191653227,0.5545324658584166,1129.0,18565.74695693979,1129.0,18565.74695693979,3.6993464052287583,12339.304131314437,8333.316938278367,0,0.04721030042918455,10.946855624446412,736.0107301011914,918
density_scarce,use_priority_False,4,29,2,0.8,865,763,102,0.6034682080924856,4.846611458653227,1.135,1.501095887216488,2.2105155714367384,1135.0,86044.31861817504,1132.0,71887.2880266292,3.551975051975052,12422.683620326246,8400.35732032897,0,0.05091649694501019,13.176211453744493,529.6536663437145,962
density_scarce,use_priority_False,4,30,2,0.8,791,774,17,0.6144121365360303,3.543070141780132,1.135,1.456109587799746,0.9519605539803858,1135.0,33885.03591893183,1134.0,32158.71373469958,3.9965675057208236,12613.462333665724,8793.13083080848,0,0.052071668533034715,13.277533039647578,488.53964110719585,874
density_scarce,use_partial_False,0,1,2,0.8,785,785,0,0.0,2.0618384120523974,1.032,1.0298384120523971,0.0,1032.0,0.0,1032.0,0,28.98507462686567,7943.908441414881,7775.604808811204,0,0.04304635761589404,6.482558139534884,6138.283446344813,134
density_scarce,use_partial_False,0,2,2,0.8,809,809,0,0.3226205191594561,2.438571056801065,1.115,1.0331472481239448,0.29042380867712003,1115.0,10572.878754890555,1115.0,10572.878754890555,29.223776223776223,8579.616935761256,8434.605837221196,0,0.06521739130434782,10.992825112107623,3623.028576478177,143
density_scarce,use_partial_False,0,3,2,0.8,808,801,7,0.42945544554455445,2.8482116752644915,1.135,1.02674855536531,0.6864631198991816,1135.0,24959.799039534246,1133.0,24276.42075176107,29.16083916083916,8537.514686953165,8517.79278458018,0,0.0705521472392638,12.158590308370044,2874.492024474326,143
density_scarce,use_partial_False,0,4,2,0.8,822,822,0,0.34793187347931875,2.5239038396475877,1.11,1.0296248365414877,0.38427900310609964,1110.0,14214.480324894626,1110.0,14214.480324894626,28.833333333333332,8461.51107798832,8316.635317530001,0,0.037037037037037035,10.26936936936937,4184.665431104669,144
density_scarce,use_partial_False,0,5,2,0.8,760,760,0,0.0,2.060149941196673,1.021,1.0391499411966731,0.0,1021.0,0.0,1021.0,0,28.953846153846154,7697.73965117748,7595.51388387297,0,0.03691275167785235,9.041136141038198,4577.282552088567,130
density_scarce,use_partial_False,0,6,2,0.8,861,835,26,0.437862950058072,2.966357159796097,1.135,1.027978153854836,0.8033790059412609,1135.0,31126.919585194155,1135.0,28571.48144061027,28.9527027027027,8766.898709143066,8630.67343932986,0,0.06626506024096386,11.977092511013216,3186.28976034584,148
density_scarce,use_partial_False,1,7,2,0.8,730,730,0,0.13013698630136986,2.1245006056259004,1.043,1.035567761062404,0.04593284456349674,1043.0,1508.893943910868,1043.0,1508.893943910868,29.364341085271317,7810.197059972039,7648.6864973390275,0,0.1404109589041096,8.838926174496644,4921.091099314341,129
density_scarce,use_partial_False,1,8,2,0.8,777,777,0,0.3539253539253539,2.3296819261358523,1.102,1.0510271476073056,0.17665477852854655,1102.0,6176.73433125063,1102.0,6176.73433125063,29.81021897810219,8485.357737829125,8241.967060885814,0,0.13870967741935483,10.48366606170599,3929.201283326913,137
density_scarce,use_partial_False,1,9,2,0.8,794,793,1,0.44962216624685136,2.754826568939431,1.135,1.0459396514668384,0.5738869174725927,1135.0,20504.979561295735,1135.0,20414.783907208417,29.70921985815603,8691.315023412546,8487.969004634768,0,0.15625,11.669603524229075,3210.645001308876,141
density_scarce,use_partial_False,1,10,2,0.8,842,781,61,0.517814726840855,3.338545630781466,1.135,1.049544141533284,1.1540014892481818,1135.0,43725.11642761361,1135.0,36570.159649556364,29.344827586206897,8772.398410553715,8522.770721627312,0,0.14634146341463414,12.241409691629956,2811.2006129515244,145
density_scarce,use_partial_False,1,11,2,0.8,796,784,12,0.5628140703517588,3.301499559975203,1.135,1.06306880899936,1.103430750975843,1135.0,39524.8894999547,1134.0,38369.8952094822,29.52413793103448,8853.09513626951,8494.920328094282,0,0.125,12.116299559471365,2694.012799510369,145
density_scarce,use_partial_False,1,12,2,0.8,746,746,0,0.22788203753351208,2.172019586646854,1.053,1.0441295709758827,0.07489001567097134,1053.0,2514.057826074508,1053.0,2514.057826074508,29.348484848484848,7952.209104312055,7779.244176073184,0,0.1490066225165563,9.305792972459638,4523.633764162413,132
density_scarce,use_partial_False,2,13,2,0.8,802,802,0,0.2543640897755611,2.4410308792382156,1.108,1.0311278000765498,0.3019030791616654,1108.0,10895.682126944504,1108.0,10895.682126944504,29.05673758865248,8381.205269692873,8242.178157470331,0,0.0440251572327044,8.820397111913357,5247.732067594902,141
density_scarce,use_partial_False,2,14,2,0.8,829,829,0,0.3703256936067551,2.6002690851320263,1.133,1.0251713488746235,0.44209773625740245,1133.0,16492.456051082398,1133.0,16492.456051082398,29.027027027027028,8779.41254253478,8638.633160127694,0,0.07272727272727272,10.842894969108562,3734.087271291311,148
density_scarce,use_partial_False,2,15,2,0.8,788,788,0,0.14086294416243655,2.1073735470375006,1.052,1.0333239872262006,0.022049559811299857,1052.0,781.877390908693,1052.0,781.877390908693,28.97037037037037,8000.161972030243,7831.555424352958,0,0.039735099337748346,8.511406844106464,5174.305953396892,135
density_scarce,use_partial_False,2,16,2,0.8,776,776,0,0.31443298969072164,2.162209823902262,1.063,1.031309758919439,0.06790006498282261,1063.0,2371.0702692001655,1063.0,2371.0702692001655,28.955555555555556,7982.197932641165,7862.405131095437,0,0.03594771241830065,10.518344308560676,3930.537904357063,135
density_scarce,use_partial_False,2,17,2,0.8,850,826,24,0.4682352941176471,3.0413467660872104,1.135,1.0294510009081754,0.8768957651790351,1135.0,33541.26301809809,1134.0,31112.13961713608,28.92361111111111,8498.3658396732,8423.890897128906,0,0.06748466257668712,11.881057268722467,3248.9282254735294,144
density_scarce,use_partial_False,2,18,2,0.8,811,811,0,0.4032059186189889,2.5271046879207386,1.115,1.020435266283353,0.39166942163738566,1115.0,14293.97554265639,1115.0,14293.97554265639,28.82758620689655,8498.911985790992,8438.27591711136,0,0.0705521472392638,11.174887892376681,3530.836808409519,145
density_scarce,use_partial_False,3,19,2,0.8,768,768,0,0.3072916666666667,2.370291859039614,1.115,1.035737655609948,0.21955420342966583,1115.0,7587.7932705292515,1115.0,7587.7932705292515,29.06993006993007,8517.445786790462,8337.566204526634,0,0.09937888198757763,11.989237668161435,2846.597509476015,143
density_scarce,use_partial_False,3,20,2,0.8,811,806,5,0.4845869297163995,2.9407260034966054,1.135,1.0255927422966638,0.780133261199942,1135.0,28470.96336749188,1134.0,27997.317805801766,28.675675675675677,8616.89881946771,8583.344793309438,0,0.0718562874251497,11.373568281938326,3344.412574134655,148
density_scarce,use_partial_False,3,21,2,0.8,820,820,0,0.3719512195121951,2.567658362372983,1.115,1.0324009866264114,0.4202573757465714,1115.0,15507.497165048486,1115.0,15507.497165048486,29.013793103448275,8598.487766724891,8436.714909824503,0,0.07716049382716049,12.066367713004484,2878.8104960924866,145
density_scarce,use_partial_False,3,22,2,0.8,778,778,0,0.2236503856041131,2.175549140849597,1.057,1.036350484222584,0.08219865662701298,1057.0,2877.774968511724,1057.0,2877.774968511724,28.985401459854014,8133.072534385984,7954.348330676095,0,0.07142857142857142,9.862819299905393,4223.618840847116,137
density_scarce,use_partial_False,3,23,2,0.8,788,788,0,0.21954314720812182,2.278925833796248,1.083,1.035093097592631,0.16083273620361715,1083.0,5703.128825780264,1083.0,5703.128825780264,28.92086330935252,8212.777125420818,8088.2055642420555,0,0.044585987261146494,9.69067405355494,4447.42101526398,139
density_scarce,use_partial_False,3,24,2,0.8,766,766,0,0.39425587467362927,2.4771753858384193,1.099,1.0450339324439593,0.33314145339446005,1099.0,11483.385898507038,1099.0,11483.385898507038,29.17142857142857,8401.001383090723,8164.308243871184,0,0.04113924050632911,10.922656960873521,3530.7120168552133,140
density_scarce,use_partial_False,4,25,2,0.8,782,731,51,0.530690537084399,3.4214866771496855,1.135,1.0591470308186992,1.227339646330986,1135.0,43190.0821543874,1134.0,36885.51600637713,28.09933774834437,8487.40920985432,8107.310413844027,0,0.05952380952380952,12.241409691629956,2605.0750096882916,151
density_scarce,use_partial_False,4,26,2,0.8,777,740,37,0.47361647361647363,3.4050764093348915,1.135,1.0462492999006092,1.2238271094342819,1135.0,42791.11488136966,1135.0,38152.142907193294,28.326666666666668,8573.762886333567,8322.787331877635,0,0.07738095238095238,12.25726872246696,2536.967856160897,150
density_scarce,use_partial_False,4,27,2,0.8,789,724,65,0.5564005069708492,3.669236335033819,1.135,1.058161530874373,1.4760748041594463,1135.0,52408.03592168114,1135.0,44673.70108977759,28.20805369127517,8443.487361041094,8166.8964300031275,0,0.05654761904761905,12.663436123348017,2370.6624987036257,149
density_scarce,use_partial_False,4,28,2,0.8,744,744,0,0.2056451612903226,2.2789191575866776,1.084,1.048860543306739,0.1460586142799387,1084.0,4890.042406092347,1084.0,4890.042406092347,28.34965034965035,8151.034907706117,7873.50378748637,0,0.059375,9.706642066420665,4110.7793753326405,143
density_scarce,use_partial_False,4,29,2,0.8,865,747,118,0.5664739884393064,4.335919457007358,1.135,1.0429181082408707,2.1580013487664873,1135.0,84000.20250073551,1134.0,66580.97856119358,28.14569536423841,8542.219290208355,8387.912956720833,0,0.07647058823529412,13.427312775330396,1964.0364684164524,151
density_scarce,use_partial_False,4,30,2,0.8,791,733,58,0.5056890012642224,3.504842390613674,1.135,1.0539537750638002,1.3158886155498735,1135.0,46839.055270497745,1135.0,39383.831666092476,28.413333333333334,8609.707248852881,8294.421730474962,0,0.08630952380952381,13.394713656387665,1793.6523820805764,150
density_scarce,ours_JIT,0,1,2,0.8,785,785,0,0.0,2.5639020353276747,1.001,1.5629020353276748,0.0,1001.0,0.0,1001.0,0,3.8687845303867405,10500.626344966666,6752.796681902479,0,0.040300546448087435,0.0,1814.7543951572216,724
density_scarce,ours_JIT,0,2,2,0.8,809,809,0,0.0,2.594810012886655,1.0,1.5948100128866551,0.0,1000.0,0.0,1000.0,0,3.827900912646675,11060.136258919882,6947.621452955262,0,0.05,0.0,1642.4185941565022,767
density_scarce,ours_JIT,0,3,2,0.8,808,808,0,0.0,2.5514732036231376,0.999,1.5524732036231377,0.0,999.0,0.0,999.0,0,3.8741721854304636,11001.386782493655,7107.832901768365,0,0.04409857328145266,0.0,1539.4604229030388,755
density_scarce,ours_JIT,0,4,2,0.8,822,822,0,0.0,2.5467173014791937,1.001,1.5457173014791938,0.0,1001.0,0.0,1001.0,0,3.8945981554677207,11096.604290047537,7189.717645056139,0,0.041343669250646,0.0,1482.0312336362224,759
density_scarce,ours_JIT,0,5,2,0.8,760,760,0,0.0,2.585494886675333,1.0,1.5854948866753331,0.0,1000.0,0.0,1000.0,0,3.7258953168044076,10184.556193971222,6467.732113266948,0,0.042119565217391304,0.0,1730.1887665294773,726
density_scarce,ours_JIT,0,6,2,0.8,861,861,0,0.0,2.5490233593779816,1.02,1.5290233593779814,0.0,1020.0,0.0,1020.0,0,3.652542372881356,11393.842417092572,7469.152785477682,0,0.048693586698337295,0.0,1409.4550725368442,826
density_scarce,ours_JIT,1,7,2,0.8,730,730,0,0.30273972602739724,2.787302433742757,1.065,1.4666121022577938,0.2556903314849633,1065.0,8399.427389281043,1065.0,8399.427389281043,4.081841432225064,11710.487682986848,8058.181248639978,0,0.15894868585732166,0.0,871.9721372101844,782
density_scarce,ours_JIT,1,8,2,0.8,777,777,0,0.40797940797940796,2.9552039941867974,1.119,1.4586732560806452,0.3775307381061519,1119.0,13200.362257881601,1119.0,13200.362257881601,4.043786982248521,12244.325124439601,8466.794213702116,0,0.15295480880648898,0.0,870.3613656110078,845
density_scarce,ours_JIT,1,9,2,0.8,794,794,0,0.3350125944584383,2.8522709864471567,1.117,1.4583137598306217,0.2769572266165349,1117.0,9895.68170700879,1117.0,9895.68170700879,3.995169082125604,12033.825614736441,8390.069359462706,0,0.17455621301775148,0.0,856.5441086410339,828
density_scarce,ours_JIT,1,10,2,0.8,842,770,72,0.5225653206650831,3.866969098670128,1.135,1.4341111567241167,1.2978579419460112,1135.0,49175.83742033436,1126.0,40295.92369034438,4.4363867684478375,12389.824182474635,8810.023750797076,0,0.1718362282878412,0.0,778.5572142847166,786
density_scarce,ours_JIT,1,11,2,0.8,796,786,10,0.5590452261306532,3.6152083404957747,1.135,1.4734217440011668,1.0067865964946079,1135.0,36063.09588643685,1135.0,35109.33758895939,4.442355889724311,12613.349813889208,8686.762560394725,0,0.16605392156862744,0.0,759.3997499697663,798
density_scarce,ours_JIT,1,12,2,0.8,746,746,0,0.3552278820375335,2.8968440781175344,1.091,1.4541248300894656,0.3517192480280687,1091.0,11807.215156302267,1091.0,11807.215156302267,4.236292428198434,11734.745227314648,8169.082585691581,0,0.1532567049808429,0.0,1035.881169781379,766
density_scarce,ours_JIT,2,13,2,0.8,802,802,0,0.0685785536159601,2.532785826806805,1.018,1.5073052294814384,0.007480597325366308,1018.0,269.97475747247006,1018.0,269.97475747247006,3.3344947735191637,10971.013580503715,7300.675867503119,0,0.038154897494305236,0.0,1194.6555557558356,861
density_scarce,ours_JIT,2,14,2,0.8,829,829,0,0.020506634499396863,2.6134855955450953,1.052,1.560220544827633,0.0012650507174624792,1052.0,47.192717014937784,1052.0,47.192717014937784,3.261904761904762,11460.152764499291,7433.0563792987405,0,0.03780617678381257,0.0,1145.9866377192845,924
density_scarce,ours_JIT,2,15,2,0.8,788,788,0,0.0,2.5584848743498947,1.001,1.5574848743498948,0.0,1001.0,0.0,1001.0,0,3.249126891734575,10665.661749609586,6871.545651923486,0,0.03608247422680412,0.0,1347.5626022646877,859
density_scarce,ours_JIT,2,16,2,0.8,776,776,0,0.0,2.595825639996515,1.002,1.593825639996515,0.0,1002.0,0.0,1002.0,0,3.21461716937355,10645.082494207047,6681.0418657608325,0,0.032721010332950634,0.0,1280.1875149685825,862
density_scarce,ours_JIT,2,17,2,0.8,850,850,0,0.12588235294117647,2.6183551232997773,1.054,1.5393801556065696,0.0249749676932075,1054.0,955.2925142651868,1054.0,955.2925142651868,3.347777777777778,11308.45520011139,7387.2516103490425,0,0.035480349344978165,0.0,1092.70221241585,900
density_scarce,ours_JIT,2,18,2,0.8,811,811,0,0.10357583230579531,2.6351706797589642,1.059,1.558865136890836,0.017305542868128614,1059.0,631.5657869723537,1059.0,631.5657869723537,3.640877598152425,11753.710614312755,7595.510991152412,0,0.048752834467120185,0.0,858.8944818696071,866
density_scarce,ours_JIT,3,19,2,0.8,768,768,0,0.0,2.50669468125327,1.012,1.49469468125327,0.0,1012.0,0.0,1012.0,0,3.546468401486989,10835.316016285797,7273.714705290763,0,0.06371359223300971,0.0,1402.6309504218482,807
density_scarce,ours_JIT,3,20,2,0.8,811,811,0,0.2959309494451295,2.6582515105191575,1.049,1.5179085090782016,0.09134300144095592,1049.0,3333.5628375876863,1049.0,3333.5628375876863,3.730958230958231,11437.022259219606,7627.550411989281,0,0.05956678700361011,0.0,1011.1416154854556,814
density_scarce,ours_JIT,3,21,2,0.8,820,820,0,0.018292682926829267,2.532457559280246,1.022,1.5092202089170492,0.0012373503631966695,1022.0,45.6582284019571,1022.0,45.6582284019571,3.6650602409638555,11465.453351916005,7623.44241346404,0,0.0644208037825059,0.0,978.8022798427986,830
density_scarce,ours_JIT,3,22,2,0.8,778,778,0,0.0,2.5480607903703407,0.997,1.5510607903703406,0.0,997.0,0.0,997.0,0,3.6317733990147785,11095.551457286621,7172.866161247977,0,0.05997552019583843,0.0,1359.9283446877785,812
density_scarce,ours_JIT,3,23,2,0.8,788,788,0,0.0,2.489603916556433,1.005,1.484603916556433,0.0,1005.0,0.0,1005.0,0,3.392018779342723,10954.617291295066,7396.7769015673575,0,0.06632064590542099,0.0,1141.184212147035,852
density_scarce,ours_JIT,3,24,2,0.8,766,766,0,0.0,2.501376289778577,1.005,1.4963762897785773,0.0,1005.0,0.0,1005.0,0,3.81020942408377,10951.964112373762,7336.811505256016,0,0.0685897435897436,0.0,1136.261409356816,764
density_scarce,ours_JIT,4,25,2,0.8,782,740,42,0.5831202046035806,3.9682798937278774,1.135,1.5177970394870703,1.3154828542408075,1135.0,46291.84164073401,1135.0,41343.11695914546,3.8066666666666666,12405.73473683666,8241.594722306672,0,0.0453056768558952,0.0,627.709845358102,900
density_scarce,ours_JIT,4,26,2,0.8,777,738,39,0.5276705276705277,4.113953935525702,1.135,1.5124813157395562,1.4664726197861457,1135.0,51275.21515082259,1135.0,46321.91999420444,3.7290533188248096,12450.132420020349,8341.642599769371,0,0.055970149253731345,0.0,621.7853732978197,919
density_scarce,ours_JIT,4,27,2,0.8,789,742,47,0.6032953105196451,4.00028192686543,1.135,1.486125600376515,1.379156326488915,1135.0,48966.94537198893,1133.0,43877.33663740888,3.8757062146892656,12402.852086736257,8473.673183576027,0,0.044751381215469614,0.0,628.3742433421197,885
density_scarce,ours_JIT,4,28,2,0.8,744,744,0,0.4583333333333333,3.0156712717731096,1.102,1.4895461449815355,0.42412512679157427,1102.0,14199.709244981907,1102.0,14199.709244981907,3.683798882681564,12140.093920393438,8244.184956448611,0,0.04665203073545554,0.0,726.0749749119318,895
density_scarce,ours_JIT,4,29,2,0.8,865,767,98,0.6023121387283237,4.804586158261946,1.135,1.4939003632349142,2.1756857950270327,1135.0,84688.56957142724,1135.0,71266.08462173305,3.573208722741433,12519.86868710157,8482.34768513552,0,0.04332313965341488,0.0,541.6266822772373,963
density_scarce,ours_JIT,4,30,2,0.8,791,777,14,0.5575221238938053,3.4351157905386676,1.135,1.4867070953558414,0.8134086951828262,1135.0,28953.282505032697,1135.0,27567.75222015246,4.0402761795166855,12673.970085080005,8629.347738573533,0,0.05186020293122886,0.0,545.3670111229858,869
density_scarce,use_charge_time_term_False,0,1,2,0.8,785,785,0,0.0,2.652292949421705,1.001,1.6512929494217052,0.0,1001.0,0.0,1001.0,0,4.3096296296296295,10796.321667328444,6546.176439769036,0,0.03550295857988166,0.000999000999000999,2285.921596663662,675
density_scarce,use_charge_time_term_False,0,2,2,0.8,809,809,0,0.0,2.630553450292326,1.001,1.6295534502923261,0.0,1001.0,0.0,1001.0,0,4.104109589041096,11217.973769933646,6898.397288686461,0,0.04439890710382514,0.0,2156.172949732332,730
density_scarce,use_charge_time_term_False,0,3,2,0.8,808,808,0,0.0,2.630480893495787,0.998,1.632480893495787,0.0,998.0,0.0,998.0,0,4.2008253094910595,11343.268909505534,6956.652471759801,0,0.048763736263736264,0.0,2156.8336530465754,727
density_scarce,use_charge_time_term_False,0,4,2,0.8,822,822,0,0.0,2.640121585273455,1.0,1.6401215852734554,0.0,1000.0,0.0,1000.0,0,4.133333333333334,11318.632669247385,6911.255505501707,0,0.03595658073270014,0.002,2173.2715049315007,735
density_scarce,use_charge_time_term_False,0,5,2,0.8,760,760,0,0.0,2.6502963684228336,1.001,1.6492963684228334,0.0,1001.0,0.0,1001.0,0,4.16191904047976,10347.932656537228,6282.234162546575,0,0.04565868263473054,0.001998001998001998,2232.6288925181284,667
density_scarce,use_charge_time_term_False,0,6,2,0.8,861,861,0,0.0,2.64992401415172,1.002,1.6479240141517202,0.0,1002.0,0.0,1002.0,0,4.188976377952756,11908.322465734536,7246.484483821378,0,0.038562091503267976,0.0,2159.1437891509167,762
density_scarce,use_charge_time_term_False,1,7,2,0.8,730,730,0,0.0,2.5170613840713454,1.002,1.5150613840713456,0.0,1002.0,0.0,1002.0,0,3.4486899563318776,11996.19142246168,7917.957350496369,0,0.1381004366812227,0.00499001996007984,1533.091047234268,916
density_scarce,use_charge_time_term_False,1,8,2,0.8,777,777,0,0.0,2.5184844734798855,0.999,1.5194844734798856,0.0,999.0,0.0,999.0,0,3.3957915831663326,12867.017947018918,8503.11504056473,0,0.14506480558325024,0.004,1470.1207389043882,998
density_scarce,use_charge_time_term_False,1,9,2,0.8,794,794,0,0.0,2.526422154669644,1.002,1.524422154669644,0.0,1002.0,0.0,1002.0,0,3.3336594911937376,13081.153964281259,8581.057369318542,0,0.14432485322896282,0.0029940119760479044,1480.6445201046931,1022
density_scarce,use_charge_time_term_False,1,10,2,0.8,842,842,0,0.0,2.504640091640253,1.001,1.5036400916402533,0.0,1001.0,0.0,1001.0,0,3.5833333333333335,14020.496305438846,9339.887727688678,0,0.14264990328820115,0.001998001998001998,1503.6095751357595,1032
density_scarce,use_charge_time_term_False,1,11,2,0.8,796,796,0,0.0,2.535006593127706,1.002,1.5330065931277062,0.0,1002.0,0.0,1002.0,0,3.5467980295566504,13646.346088653156,8912.559682762447,0,0.14882121807465618,0.008982035928143712,1436.2440087506823,1015
density_scarce,use_charge_time_term_False,1,12,2,0.8,746,746,0,0.0,2.5136025608306785,1.001,1.5126025608306788,0.0,1001.0,0.0,1001.0,0,3.6105610561056105,12416.54904732035,8215.343123903773,0,0.14725274725274726,0.001998001998001998,1569.275164613398,909
density_scarce,use_charge_time_term_False,2,13,2,0.8,802,802,0,0.0,2.688597329813707,1.001,1.6875973298137072,0.0,1001.0,0.0,1001.0,0,3.505868544600939,11344.178771230907,6739.86535193547,0,0.03274853801169591,0.001998001998001998,1872.9930990021567,852
density_scarce,use_charge_time_term_False,2,14,2,0.8,829,829,0,0.0,2.693283810850735,1.002,1.6912838108507353,0.0,1002.0,0.0,1002.0,0,3.296218487394958,12050.9083577521,7141.0693740058,0,0.03039832285115304,0.0029940119760479044,1701.5916132807452,952
density_scarce,use_charge_time_term_False,2,15,2,0.8,788,788,0,0.0,2.6939360997259785,1.001,1.6929360997259788,0.0,1001.0,0.0,1001.0,0,3.409873708381171,11253.123477790426,6649.07364958727,0,0.033256880733944956,0.0,1788.309863939403,871
density_scarce,use_charge_time_term_False,2,16,2,0.8,776,776,0,0.0,2.7123671289731064,1.002,1.7103671289731064,0.0,1002.0,0.0,1002.0,0,3.334090909090909,11182.227719644357,6537.910797173379,0,0.03409090909090909,0.001996007984031936,1744.5684087182267,880
density_scarce,use_charge_time_term_False,2,17,2,0.8,850,850,0,0.0,2.65486128108918,1.002,1.6528612810891796,0.0,1002.0,0.0,1002.0,0,3.5117845117845117,11843.803985498676,7203.954412305453,0,0.03459821428571429,0.000998003992015968,1852.761383426176,891
density_scarce,use_charge_time_term_False,2,18,2,0.8,811,811,0,0.0,2.735172689583163,1.001,1.734172689583163,0.0,1001.0,0.0,1001.0,0,3.294597349643221,12419.800221486068,7188.7113452054655,0,0.031504065040650404,0.000999000999000999,1591.9790636346775,981
density_scarce,use_charge_time_term_False,3,19,2,0.8,768,768,0,0.0,2.560630998821372,1.001,1.559630998821372,0.0,1001.0,0.0,1001.0,0,3.249169435215947,11201.212532969217,7207.610352361316,0,0.06662995594713657,0.000999000999000999,1680.2272026397345,903
density_scarce,use_charge_time_term_False,3,20,2,0.8,811,811,0,0.0,2.537925406468912,0.999,1.538925406468912,0.0,999.0,0.0,999.0,0,3.4857142857142858,11610.133488452288,7552.976104576208,0,0.06556442417331813,0.001,1774.2855204752473,875
density_scarce,use_charge_time_term_False,3,21,2,0.8,820,820,0,0.0,2.5574456384938693,1.0,1.5574456384938693,0.0,1000.0,0.0,1000.0,0,3.371864776444929,11790.772394781845,7596.266670483654,0,0.06739130434782609,0.004,1717.643912770259,917
density_scarce,use_charge_time_term_False,3,22,2,0.8,778,778,0,0.0,2.5408949911016405,0.997,1.5438949911016404,0.0,997.0,0.0,997.0,0,3.4375,11073.888613771733,7209.399178434777,0,0.06690140845070422,0.0,1767.7950717212564,848
density_scarce,use_charge_time_term_False,3,23,2,0.8,788,788,0,0.0,2.5461801892739935,1.0,1.5461801892739937,0.0,1000.0,0.0,1000.0,0,3.12363238512035,10935.98670430364,7094.464224630207,0,0.0703380588876772,0.0,1684.9536529077968,914
density_scarce,use_charge_time_term_False,3,24,2,0.8,766,766,0,0.0,2.559857626651921,1.001,1.5588576266519212,0.0,1001.0,0.0,1001.0,0,3.3209876543209877,11312.827119124948,7257.1265814837225,0,0.06172839506172839,0.003996003996003996,1726.3182938280781,891
density_scarce,use_charge_time_term_False,4,25,2,0.8,782,782,0,0.0,2.7644173243500463,1.002,1.762417324350046,0.0,1002.0,0.0,1002.0,0,3.201741654571843,16973.400930084747,9657.228944358307,0,0.03041274438812455,0.0,1030.0319331443877,1378
density_scarce,use_charge_time_term_False,4,26,2,0.8,777,777,0,0.0,2.753587030262211,1.001,1.7525870302622113,0.0,1001.0,0.0,1001.0,0,3.0751404494382024,16971.754598816828,9683.829850251705,0,0.0351123595505618,0.0,1004.7442417672255,1424
density_scarce,use_charge_time_term_False,4,27,2,0.8,789,789,0,0.0,2.7302326196564497,1.003,1.7272326196564496,0.0,1003.0,0.0,1003.0,0,3.131672597864769,16911.325737497686,9831.522137924678,0,0.0319375443577005,0.0,1031.2163946284886,1405
density_scarce,use_charge_time_term_False,4,28,2,0.8,744,744,0,0.0,2.6947604259087234,1.001,1.6937604259087236,0.0,1001.0,0.0,1001.0,0,3.044663133989402,15518.749600649044,9217.409200953694,0,0.036226415094339624,0.001998001998001998,1073.580377533118,1321
density_scarce,use_charge_time_term_False,4,29,2,0.8,865,865,0,0.0,2.7038177318112515,1.0,1.7038177318112513,0.0,1000.0,0.0,1000.0,0,3.144179894179894,18217.77292253806,10706.019731629855,0,0.03797886393659181,0.001,1006.6583224841673,1512
density_scarce,use_charge_time_term_False,4,30,2,0.8,791,791,0,0.0,2.701539535790828,1.002,1.6995395357908278,0.0,1002.0,0.0,1002.0,0,3.2535633908477117,16642.76989753282,9804.284952853213,0,0.0363568215892054,0.0,1079.8644678348835,1333
density_balanced_nominal_load,baseline,0,1,5,0.8,785,785,0,0.0,2.030902307560642,1.001,1.029902307560642,0.0,1001.0,0.0,1001.0,0,31.615384615384617,7911.708986786249,7849.100125628653,0,0.4925619834710744,0.11588411588411589,39.81487758165179,117
density_balanced_nominal_load,baseline,0,2,5,0.8,809,809,0,0.0,2.0315652921537635,1.0,1.0315652921537635,0.0,1000.0,0.0,1000.0,0,31.512396694214875,8151.823737170617,8065.33137736939,0,0.49193548387096775,0.329,36.44031230285162,121
density_balanced_nominal_load,baseline,0,3,5,0.8,808,808,0,0.0,2.0214417749410014,0.998,1.0234417749410012,0.0,998.0,0.0,998.0,0,31.418032786885245,8180.699318320447,8064.424025586472,0,0.43548387096774194,0.181,38.34113745289224,122
density_balanced_nominal_load,baseline,0,4,5,0.8,822,822,0,0.0,2.020933582591937,1.0,1.020933582591937,0.0,1000.0,0.0,1000.0,0,31.29268292682927,8215.301771648925,8118.371320816181,0,0.4528,0.297,38.67919975891709,123
density_balanced_nominal_load,baseline,0,5,5,0.8,760,760,0,0.0,2.0203131519133644,1.0,1.0203131519133641,0.0,1000.0,0.0,1000.0,0,31.392857142857142,7526.508315482121,7487.974230807122,0,0.4517241379310345,0.125,40.60689815528819,112
density_balanced_nominal_load,baseline,0,6,5,0.8,861,861,0,0.0,2.015400282974122,1.002,1.013400282974122,0.0,1002.0,0.0,1002.0,0,31.32520325203252,8219.334935361945,8436.384563890362,0,0.46060606060606063,0.20059880239520958,37.87121121686968,123
density_balanced_nominal_load,baseline,1,7,5,0.8,730,730,0,0.0,2.0185891538673806,1.002,1.0165891538673808,0.0,1002.0,0.0,1002.0,0,31.694444444444443,7296.796452237439,7243.302853361552,0,0.5567567567567567,0.9051896207584831,40.14145081594318,108
density_balanced_nominal_load,baseline,1,8,5,0.8,777,777,0,0.0,2.0315209316581617,1.001,1.0305209316581616,0.0,1001.0,0.0,1001.0,0,31.491071428571427,7542.00724207852,7503.30266967892,0,0.5586206896551724,0.5334665334665335,40.28879027765501,112
density_balanced_nominal_load,baseline,1,9,5,0.8,794,794,0,0.0,2.0225849295136618,1.001,1.0215849295136616,0.0,1001.0,0.0,1001.0,0,31.5,7910.4300490917585,7891.987041933161,0,0.5504132231404959,0.6483516483516484,38.48925583095344,118
density_balanced_nominal_load,baseline,1,10,5,0.8,842,842,0,0.0,2.030824282701788,1.002,1.0288242827017882,0.0,1002.0,0.0,1002.0,0,31.72222222222222,8538.44979541908,8578.227003491957,0,0.5424242424242425,0.8992015968063872,36.88635655580032,126
density_balanced_nominal_load,baseline,1,11,5,0.8,796,796,0,0.0,2.022672448904563,1.001,1.021672448904563,0.0,1001.0,0.0,1001.0,0,31.552845528455286,8280.771628506716,8206.255312873756,0,0.5228346456692914,1.2237762237762237,37.56221070313665,123
density_balanced_nominal_load,baseline,1,12,5,0.8,746,746,0,0.0,2.0333755511027407,1.001,1.0323755511027408,0.0,1001.0,0.0,1001.0,0,31.714285714285715,7598.338059304861,7417.019128289546,0,0.6141592920353982,0.5134865134865135,40.02035377069121,112
density_balanced_nominal_load,baseline,2,13,5,0.8,802,802,0,0.0,2.0214624675407933,1.001,1.0204624675407934,0.0,1001.0,0.0,1001.0,0,31.42608695652174,7726.521380545898,7766.378666832525,0,0.44166666666666665,0.2087912087912088,39.43666670238599,115
density_balanced_nominal_load,baseline,2,14,5,0.8,829,829,0,0.0,2.014315346959947,1.002,1.012315346959947,0.0,1002.0,0.0,1002.0,0,31.386554621848738,7963.365747214258,8135.769374592592,0,0.45396825396825397,0.593812375249501,39.25714566047111,119
density_balanced_nominal_load,baseline,2,15,5,0.8,788,788,0,0.0,2.013157463445286,1.002,1.0111574634452858,0.0,1002.0,0.0,1002.0,0,31.25438596491228,7567.698926215568,7711.871249604136,0,0.4134453781512605,0.46506986027944114,40.04622748935548,114
density_balanced_nominal_load,baseline,2,16,5,0.8,776,776,0,0.0,2.019035525711958,1.003,1.0160355257119584,0.0,1003.0,0.0,1003.0,0,31.375,7505.543140350108,7584.6774669297365,0,0.4224137931034483,0.3778664007976072,40.01982672669892,112
density_balanced_nominal_load,baseline,2,17,5,0.8,850,850,0,0.0,2.0183335424205704,1.002,1.0163335424205704,0.0,1002.0,0.0,1002.0,0,31.36,8350.647658277432,8302.105808929431,0,0.4140625,0.6916167664670658,37.699216591136064,125
density_balanced_nominal_load,baseline,2,18,5,0.8,811,811,0,0.0,2.0338304084351493,1.001,1.0328304084351494,0.0,1001.0,0.0,1001.0,0,31.462809917355372,8141.099238797136,8037.129903113012,0,0.4967741935483871,0.8311688311688312,37.31048303551131,121
density_balanced_nominal_load,baseline,3,19,5,0.8,768,768,0,0.0,2.000491443246113,1.002,0.998491443246113,0.0,1002.0,0.0,1002.0,0,31.243243243243242,7396.966935327583,7483.817744557125,0,0.44424778761061945,0.10678642714570859,42.129194145544176,111
density_balanced_nominal_load,baseline,3,20,5,0.8,811,811,0,0.0,2.023589501202636,1.0,1.0235895012026364,0.0,1000.0,0.0,1000.0,0,31.470588235294116,7997.088904911732,8143.429615293964,0,0.459375,0.444,37.267971038090764,119
density_balanced_nominal_load,baseline,3,21,5,0.8,820,820,0,0.0,2.024266659709623,1.0,1.0242666597096228,0.0,1000.0,0.0,1000.0,0,31.442622950819672,8205.486242605406,8185.543238221573,0,0.4396825396825397,0.204,37.76269491821054,122
density_balanced_nominal_load,baseline,3,22,5,0.8,778,778,0,0.0,2.0128971433586367,0.998,1.0148971433586365,0.0,998.0,0.0,998.0,0,31.376068376068375,7839.380430255068,7848.268153905583,0,0.4666666666666667,0.218,39.989151021776095,117
density_balanced_nominal_load,baseline,3,23,5,0.8,788,788,0,0.0,2.008010030670981,1.0,1.0080100306709807,0.0,1000.0,0.0,1000.0,0,31.357142857142858,7493.367327321598,7582.707742997968,0,0.4810344827586207,0.453,40.74136738601173,112
density_balanced_nominal_load,baseline,3,24,5,0.8,766,766,0,0.0,2.032657996808627,1.001,1.031657996808627,0.0,1001.0,0.0,1001.0,0,31.412280701754387,7655.757921004226,7595.375141667679,0,0.4728813559322034,0.37362637362637363,39.665255364093746,114
density_balanced_nominal_load,baseline,4,25,5,0.8,782,782,0,0.0,2.0130592502176765,1.003,1.0100592502176766,0.0,1003.0,0.0,1003.0,0,31.508333333333333,8069.344813445697,8057.116770568934,0,0.5219512195121951,0.4336989032901296,39.39837253296642,120
density_balanced_nominal_load,baseline,4,26,5,0.8,777,777,0,0.0,2.022880955513721,1.0,1.0228809555137208,0.0,1000.0,0.0,1000.0,0,31.587719298245613,7702.143705505638,7682.846624441005,0,0.5452991452991452,0.343,41.372656153562744,114
density_balanced_nominal_load,baseline,4,27,5,0.8,789,789,0,0.0,2.008967891200779,1.001,1.007967891200779,0.0,1001.0,0.0,1001.0,0,31.615384615384617,7885.278646205472,8139.103069431703,0,0.552,0.7572427572427572,37.377599626779556,117
density_balanced_nominal_load,baseline,4,28,5,0.8,744,744,0,0.0,2.0158623694071043,1.001,1.0148623694071046,0.0,1001.0,0.0,1001.0,0,31.491071428571427,7535.108755671636,7615.701723182337,0,0.5051724137931034,1.6153846153846154,40.5629343104324,112
density_balanced_nominal_load,baseline,4,29,5,0.8,865,865,0,0.0,2.018119631181933,1.0,1.0181196311819327,0.0,1000.0,0.0,1000.0,0,31.552,8427.982160613921,8468.404332962617,0,0.5318181818181819,0.542,36.97877356458004,125
density_balanced_nominal_load,baseline,4,30,5,0.8,791,791,0,0.0,2.024173763239622,1.002,1.0221737632396217,0.0,1002.0,0.0,1002.0,0,31.6,8105.5138298754655,8117.1540011246025,0,0.5463414634146342,0.811377245508982,37.670736503976634,120
density_balanced_nominal_load,jsq,0,1,5,0.8,785,785,0,0.0,2.06330284224296,1.001,1.0623028422429601,0.0,1001.0,0.0,1001.0,0,31.823529411764707,8173.603912349326,7864.246720616025,0,0.43902439024390244,0.01898101898101898,48.02033072337508,119
density_balanced_nominal_load,jsq,0,2,5,0.8,809,809,0,0.0,2.0380894484809486,1.002,1.0360894484809486,0.0,1002.0,0.0,1002.0,0,31.702479338842974,8248.205688610513,8141.88551777555,0,0.4435483870967742,0.038922155688622756,49.51211468001166,121
density_balanced_nominal_load,jsq,0,3,5,0.8,808,808,0,0.0,2.039231035040463,0.998,1.0412310350404632,0.0,998.0,0.0,998.0,0,31.723577235772357,8415.700890691256,8202.970529440954,0,0.47244094488188976,0.04,47.25747028600395,123
density_balanced_nominal_load,jsq,0,4,5,0.8,822,822,0,0.0,2.067288931426946,0.999,1.0682889314269457,0.0,999.0,0.0,999.0,0,31.8828125,8800.85113739801,8334.187127742045,0,0.4580152671755725,0.015,45.75573146087296,128
density_balanced_nominal_load,jsq,0,5,5,0.8,760,760,0,0.0,2.062671339952833,1.0,1.0626713399528331,0.0,1000.0,0.0,1000.0,0,31.892857142857142,7717.497322097073,7408.746045502509,0,0.4573913043478261,0.052,52.88871470838785,112
density_balanced_nominal_load,jsq,0,6,5,0.8,861,861,0,0.0,2.0514605450801753,1.002,1.049460545080175,0.0,1002.0,0.0,1002.0,0,31.701612903225808,8453.204976067002,8238.589471891712,0,0.4203125,0.09580838323353294,46.75232548834174,124
density_balanced_nominal_load,jsq,1,7,5,0.8,730,730,0,0.0,2.0470415280030414,1.002,1.0450415280030416,0.0,1002.0,0.0,1002.0,0,31.807339449541285,7466.262687884194,7278.978150116406,0,0.5946902654867257,0.09481037924151696,49.940712721111765,109
density_balanced_nominal_load,jsq,1,8,5,0.8,777,777,0,0.0,2.0479507415697142,1.001,1.0469507415697146,0.0,1001.0,0.0,1001.0,0,31.859649122807017,7825.713830516861,7646.455257770496,0,0.5372881355932203,0.1108891108891109,50.127960571829796,114
density_balanced_nominal_load,jsq,1,9,5,0.8,794,794,0,0.0,2.040308475263798,1.002,1.038308475263798,0.0,1002.0,0.0,1002.0,0,31.81512605042017,8159.981450146963,7964.474338648164,0,0.5219512195121951,0.1497005988023952,46.52600850894805,119
density_balanced_nominal_load,jsq,1,10,5,0.8,842,842,0,0.0,2.0323490096864303,1.002,1.0303490096864305,0.0,1002.0,0.0,1002.0,0,31.782258064516128,8459.891639882217,8490.29486263857,0,0.5727272727272728,0.4750499001996008,42.01970295980573,124
density_balanced_nominal_load,jsq,1,11,5,0.8,796,796,0,0.0,2.0351992104288534,1.001,1.0341992104288538,0.0,1001.0,0.0,1001.0,0,31.75206611570248,8273.110866226476,8082.732563556282,0,0.5387096774193548,0.06693306693306693,45.404032965551224,121
density_balanced_nominal_load,jsq,1,12,5,0.8,746,746,0,0.0,2.049617409097163,1.001,1.048617409097163,0.0,1001.0,0.0,1001.0,0,31.75221238938053,7724.443058928714,7499.727174273678,0,0.5482758620689655,0.10989010989010989,53.74484191696834,113
density_balanced_nominal_load,jsq,2,13,5,0.8,802,802,0,0.0,2.047833558558836,1.001,1.046833558558836,0.0,1001.0,0.0,1001.0,0,31.74137931034483,7949.922638373773,7696.325516555543,0,0.45084745762711864,0.08791208791208792,49.26441489892491,116
density_balanced_nominal_load,jsq,2,14,5,0.8,829,829,0,0.0,2.032637823634654,1.002,1.0306378236346538,0.0,1002.0,0.0,1002.0,0,31.775,8215.782772013268,8222.915969786354,0,0.48095238095238096,0.07285429141716566,47.422220675452124,120
density_balanced_nominal_load,jsq,2,15,5,0.8,788,788,0,0.0,2.054030017608647,1.002,1.0520300176086468,0.0,1002.0,0.0,1002.0,0,31.831858407079647,7763.132326154542,7657.485604035254,0,0.48067226890756304,0.05289421157684631,49.878157354390424,113
density_balanced_nominal_load,jsq,2,16,5,0.8,776,776,0,0.0,2.049356905101839,1.002,1.047356905101839,0.0,1002.0,0.0,1002.0,0,31.827272727272728,7567.003158615918,7428.049917213561,0,0.47413793103448276,0.07884231536926148,48.72672886041731,110
density_balanced_nominal_load,jsq,2,17,5,0.8,850,850,0,0.0,2.051481972047155,1.002,1.049481972047155,0.0,1002.0,0.0,1002.0,0,31.818897637795274,8710.673119291558,8493.162522056842,0,0.3924812030075188,0.12874251497005987,44.82181231610309,127
density_balanced_nominal_load,jsq,2,18,5,0.8,811,811,0,0.0,2.0558338129389546,1.001,1.0548338129389547,0.0,1001.0,0.0,1001.0,0,31.941176470588236,8213.152454852856,8104.427555730969,0,0.45984251968503936,0.07692307692307693,45.913381604697754,119
density_balanced_nominal_load,jsq,3,19,5,0.8,768,768,0,0.0,2.040847744102055,1.002,1.0388477441020552,0.0,1002.0,0.0,1002.0,0,31.68421052631579,7779.990391294208,7695.249645509412,0,0.4711864406779661,0.03592814371257485,40.54490680080223,114
density_balanced_nominal_load,jsq,3,20,5,0.8,811,811,0,0.0,2.0476685434492183,1.0,1.0476685434492183,0.0,1000.0,0.0,1000.0,0,31.7,8176.488314957731,7910.2509831264,0,0.4262295081967213,0.044,50.81720787604324,120
density_balanced_nominal_load,jsq,3,21,5,0.8,820,820,0,0.0,2.044743813676587,1.0,1.0447438136765868,0.0,1000.0,0.0,1000.0,0,31.73949579831933,8137.000708524509,8030.409708875159,0,0.44603174603174606,0.003,36.74601589048666,119
density_balanced_nominal_load,jsq,3,22,5,0.8,778,778,0,0.0,2.042535489395839,0.997,1.0455354893958388,0.0,997.0,0.0,997.0,0,31.859649122807017,7828.666265757988,7744.449953577877,0,0.44333333333333336,0.014,35.37749629079674,114
density_balanced_nominal_load,jsq,3,23,5,0.8,788,788,0,0.0,2.038251146804939,1.0,1.0382511468049391,0.0,1000.0,0.0,1000.0,0,31.77391304347826,7866.281985561472,7697.985908329248,0,0.4461538461538462,0.013,35.23333794158748,115
density_balanced_nominal_load,jsq,3,24,5,0.8,766,766,0,0.0,2.0651774756920895,1.001,1.0641774756920899,0.0,1001.0,0.0,1001.0,0,31.844827586206897,7964.282570332758,7597.2975608945735,0,0.43728813559322033,0.04195804195804196,39.041521801155504,116
density_balanced_nominal_load,jsq,4,25,5,0.8,782,782,0,0.0,2.050478687234844,1.002,1.048478687234844,0.0,1002.0,0.0,1002.0,0,31.875,8248.247673081647,7987.741477256556,0,0.4894308943089431,0.05588822355289421,38.60568025762715,120
density_balanced_nominal_load,jsq,4,26,5,0.8,777,777,0,0.0,2.0612783785913127,1.0,1.0612783785913125,0.0,1000.0,0.0,1000.0,0,31.875,8261.321657774371,7840.685283221428,0,0.5057851239669422,0.18,35.89669431074838,120
density_balanced_nominal_load,jsq,4,27,5,0.8,789,789,0,0.0,2.028588446549433,1.001,1.0275884465494332,0.0,1001.0,0.0,1001.0,0,31.974137931034484,7991.576339283641,7975.608267498233,0,0.5451612903225806,0.1258741258741259,34.93468243358356,116
density_balanced_nominal_load,jsq,4,28,5,0.8,744,744,0,0.0,2.023568215313788,1.001,1.0225682153137885,0.0,1001.0,0.0,1001.0,0,31.857142857142858,7694.634173210142,7654.495760904147,0,0.5275862068965518,0.08291708291708291,70.53102860387801,112
density_balanced_nominal_load,jsq,4,29,5,0.8,865,865,0,0.0,2.0350200363947657,1.001,1.034020036394766,0.0,1001.0,0.0,1001.0,0,31.99206349206349,8692.418818545286,8566.437415216322,0,0.5338461538461539,0.2867132867132867,70.78385096974671,126
density_balanced_nominal_load,jsq,4,30,5,0.8,791,791,0,0.0,2.046781046739051,1.001,1.0457810467390511,0.0,1001.0,0.0,1001.0,0,31.932773109243698,8180.401213322367,8050.770106029421,0,0.5032258064516129,0.25574425574425574,67.46774024870848,119
density_balanced_nominal_load,ours,0,1,5,0.8,785,785,0,0.0,2.4057611732663986,1.001,1.404761173266399,0.0,1001.0,0.0,1001.0,0,3.188902007083825,10318.503702320077,7347.752224424085,0,0.1268867924528302,0.030969030969030968,2195.6819567454863,847
density_balanced_nominal_load,ours,0,2,5,0.8,809,809,0,0.0,2.3935258078306925,1.001,1.3925258078306924,0.0,1001.0,0.0,1001.0,0,3.1073512252042006,10215.442837852264,7355.059020754295,0,0.11967403958090803,0.04595404595404595,2143.9799777371973,857
density_balanced_nominal_load,ours,0,3,5,0.8,808,808,0,0.0,2.3999159325458694,0.997,1.4029159325458695,0.0,997.0,0.0,997.0,0,3.0560640732265445,10347.727383647702,7399.631350783719,0,0.12269099201824402,0.05,2213.9545034817893,874
density_balanced_nominal_load,ours,0,4,5,0.8,822,822,0,0.0,2.4089418231131763,0.999,1.4099418231131762,0.0,999.0,0.0,999.0,0,3.098194130925508,10553.744400849084,7492.326440479285,0,0.11531531531531532,0.048,2161.7263513575267,886
density_balanced_nominal_load,ours,0,5,5,0.8,760,760,0,0.0,2.3912269518846054,1.0,1.3912269518846052,0.0,1000.0,0.0,1000.0,0,3.1525851197982346,9567.488010723084,6884.202464413521,0,0.12493702770780857,0.046,2112.0115874308194,793
density_balanced_nominal_load,ours,0,6,5,0.8,861,861,0,0.0,2.389923878817123,1.002,1.387923878817123,0.0,1002.0,0.0,1002.0,0,2.9843912591050987,11071.310755245011,7993.697822990992,0,0.11120331950207468,0.036926147704590816,1972.7158723679213,961
density_balanced_nominal_load,ours,1,7,5,0.8,730,730,0,0.0,2.390564564824605,1.002,1.3885645648246054,0.0,1002.0,0.0,1002.0,0,2.5474806201550386,10408.990944781754,7508.2267512456265,0,0.1579864472410455,0.3183632734530938,1583.4857697760017,1032
density_balanced_nominal_load,ours,1,8,5,0.8,777,777,0,0.0,2.4202162898141055,0.999,1.4212162898141056,0.0,999.0,0.0,999.0,0,2.5196917808219177,11710.94276746725,8254.157267646418,0,0.15004277159965781,0.336,1429.1449951468446,1168
density_balanced_nominal_load,ours,1,9,5,0.8,794,794,0,0.0,2.4009386547109677,1.001,1.3999386547109678,0.0,1001.0,0.0,1001.0,0,2.570940170940171,11879.941446478955,8502.711700798856,0,0.15460750853242322,0.3436563436563437,1449.775768679554,1170
density_balanced_nominal_load,ours,1,10,5,0.8,842,842,0,0.0,2.444036088695495,1.001,1.4430360886954952,0.0,1001.0,0.0,1001.0,0,2.711507293354943,13099.16181547683,9093.670803945086,0,0.1423948220064725,0.5024975024975025,1458.8881060209812,1234
density_balanced_nominal_load,ours,1,11,5,0.8,796,796,0,0.0,2.430835608845243,1.002,1.4288356088452432,0.0,1002.0,0.0,1002.0,0,2.515447154471545,12302.874589819367,8626.750234139085,0,0.14963562753036438,0.3962075848303393,1316.574818562143,1230
density_balanced_nominal_load,ours,1,12,5,0.8,746,746,0,0.0,2.4082418987457848,1.001,1.4072418987457849,0.0,1001.0,0.0,1001.0,0,2.607594936708861,11347.215561079038,8063.443514005419,0,0.14900542495479205,0.2727272727272727,1432.3276668874578,1106
density_balanced_nominal_load,ours,2,13,5,0.8,802,802,0,0.0,2.398623810559674,1.001,1.3976238105596746,0.0,1001.0,0.0,1001.0,0,2.7951680672268906,10388.672002087951,7435.481033525903,0,0.11038824763903463,0.07592407592407592,1806.4835261390326,952
density_balanced_nominal_load,ours,2,14,5,0.8,829,829,0,0.0,2.3905002520565444,1.001,1.3895002520565445,0.0,1001.0,0.0,1001.0,0,2.6748046875,10764.585153069327,7756.686960257847,0,0.1165692007797271,0.07492507492507493,1676.4078950091875,1024
density_balanced_nominal_load,ours,2,15,5,0.8,788,788,0,0.0,2.418106082991754,1.002,1.4161060829917538,0.0,1002.0,0.0,1002.0,0,2.741052631578947,10189.671683425157,7202.618367316167,0,0.11377497371188224,0.0658682634730539,1737.0661411784026,950
density_balanced_nominal_load,ours,2,16,5,0.8,776,776,0,0.0,2.4365927470133615,1.002,1.4345927470133615,0.0,1002.0,0.0,1002.0,0,2.78021978021978,9930.693541524482,6922.308482458409,0,0.11692307692307692,0.10179640718562874,1780.8375821914524,910
density_balanced_nominal_load,ours,2,17,5,0.8,850,850,0,0.0,2.3969446442871836,1.002,1.3949446442871836,0.0,1002.0,0.0,1002.0,0,2.899168399168399,10874.912821951935,7829.399921599638,0,0.11759834368530021,0.07085828343313373,1804.5720500282473,962
density_balanced_nominal_load,ours,2,18,5,0.8,811,811,0,0.0,2.446188327711185,1.001,1.4451883277111852,0.0,1001.0,0.0,1001.0,0,2.819289340101523,10839.199879162334,7514.037908374144,0,0.09807497467071935,0.0899100899100899,1691.6037493870379,985
density_balanced_nominal_load,ours,3,19,5,0.8,768,768,0,0.0,2.3671983751241656,1.001,1.3661983751241658,0.0,1001.0,0.0,1001.0,0,3.2853628536285364,10244.988601045385,7523.301243455193,0,0.16523867809057527,0.06793206793206794,1946.3766222327235,813
density_balanced_nominal_load,ours,3,20,5,0.8,811,811,0,0.0,2.397749131162593,1.0,1.3977491311625927,0.0,1000.0,0.0,1000.0,0,3.426383981154299,11040.507594284705,7922.624082339124,0,0.14859154929577464,0.085,1884.0471817264684,849
density_balanced_nominal_load,ours,3,21,5,0.8,820,820,0,0.0,2.4029434874047264,1.0,1.4029434874047264,0.0,1000.0,0.0,1000.0,0,3.2976054732041047,10991.051004682453,7843.783043871457,0,0.14516496018202502,0.088,1864.321502118951,877
density_balanced_nominal_load,ours,3,22,5,0.8,778,778,0,0.0,2.4065468553015608,0.998,1.408546855301561,0.0,998.0,0.0,998.0,0,3.284841075794621,10294.538194610865,7320.455704023676,0,0.1446341463414634,0.088,1927.2213410614513,818
density_balanced_nominal_load,ours,3,23,5,0.8,788,788,0,0.0,2.383034962367537,1.001,1.3820349623675374,0.0,1001.0,0.0,1001.0,0,2.963923337091319,10173.521504284148,7361.26203844763,0,0.1395715896279594,0.08391608391608392,1824.1545647433134,887
density_balanced_nominal_load,ours,3,24,5,0.8,766,766,0,0.0,2.4120211575481165,1.002,1.4100211575481165,0.0,1002.0,0.0,1002.0,0,3.228504122497055,10457.759257501537,7419.103277162898,0,0.14611764705882352,0.07984031936127745,1830.95870368347,849
density_balanced_nominal_load,ours,4,25,5,0.8,782,782,0,0.0,2.451166342880276,1.002,1.4491663428802761,0.0,1002.0,0.0,1002.0,0,2.797676669893514,11284.731317679854,7805.451761917133,0,0.11207729468599034,0.14770459081836326,1540.0451211515222,1033
density_balanced_nominal_load,ours,4,26,5,0.8,777,777,0,0.0,2.448215384377668,1.001,1.4472153843776683,0.0,1001.0,0.0,1001.0,0,2.7076076993583866,11608.53162741415,8028.19798133205,0,0.1250915750915751,0.1878121878121878,1442.178297327787,1091
density_balanced_nominal_load,ours,4,27,5,0.8,789,789,0,0.0,2.4134150662266443,1.002,1.411415066226644,0.0,1002.0,0.0,1002.0,0,2.9121621621621623,11708.658909281325,8314.581484042952,0,0.12909441233140656,0.13572854291417166,1553.3698450411475,1036
density_balanced_nominal_load,ours,4,28,5,0.8,744,744,0,0.0,2.39691197434972,1.001,1.39591197434972,0.0,1001.0,0.0,1001.0,0,2.785140562248996,10818.086631265878,7749.834395041144,0,0.1540160642570281,0.16683316683316685,1543.1141588803246,996
density_balanced_nominal_load,ours,4,29,5,0.8,865,865,0,0.0,2.419312104669609,1.0,1.419312104669609,0.0,1000.0,0.0,1000.0,0,2.6966101694915254,12451.239385767649,8786.819576001571,0,0.12804054054054054,0.228,1440.3887664623137,1180
density_balanced_nominal_load,ours,4,30,5,0.8,791,791,0,0.0,2.435906403781448,1.002,1.433906403781448,0.0,1002.0,0.0,1002.0,0,2.8187078109932497,11425.61031156631,7970.494876624426,0,0.13333333333333333,0.15469061876247506,1565.0340073866687,1037
density_balanced_nominal_load,B3_use_queue_term_False,0,1,5,0.8,785,785,0,0.0,2.384922772836644,1.001,1.3839227728366443,0.0,1001.0,0.0,1001.0,0,3.153206650831354,10169.438025519772,7348.269878292933,0,0.12422802850356295,0.0,1933.8138952061552,842
density_balanced_nominal_load,B3_use_queue_term_False,0,2,5,0.8,809,809,0,0.0,2.3662430574334987,1.0,1.3662430574334985,0.0,1000.0,0.0,1000.0,0,3.0461361014994233,10146.806734154721,7456.072094002151,0,0.12123995407577497,0.0,1912.5987385478763,867
density_balanced_nominal_load,B3_use_queue_term_False,0,3,5,0.8,808,808,0,0.0,2.3733329849389624,0.997,1.3763329849389623,0.0,997.0,0.0,997.0,0,3.055045871559633,10300.985184092522,7501.323175716144,0,0.13020594965675059,0.0,1907.652174175911,872
density_balanced_nominal_load,B3_use_queue_term_False,0,4,5,0.8,822,822,0,0.0,2.380479155858521,1.001,1.3794791558585213,0.0,1001.0,0.0,1001.0,0,2.937362637362637,10309.224194042174,7480.5220145710355,0,0.11108671789242591,0.0,1867.048189406407,910
density_balanced_nominal_load,B3_use_queue_term_False,0,5,5,0.8,760,760,0,0.0,2.381267551525611,1.001,1.3802675515256113,0.0,1001.0,0.0,1001.0,0,3.043424317617866,9441.583525240338,6840.400989506701,0,0.12009925558312655,0.0,1954.3259307105445,806
density_balanced_nominal_load,B3_use_queue_term_False,0,6,5,0.8,861,861,0,0.0,2.358601991809727,1.002,1.3566019918097267,0.0,1002.0,0.0,1002.0,0,2.910880829015544,10908.536224273908,8063.187501059944,0,0.11611570247933885,0.0,1816.8832651678133,965
density_balanced_nominal_load,B3_use_queue_term_False,1,7,5,0.8,730,730,0,0.0,2.345972632237281,1.002,1.3439726322372807,0.0,1002.0,0.0,1002.0,0,2.4412331406551058,10098.99332015379,7521.7255751146095,0,0.1582290664100096,0.0,1467.8757449278576,1038
density_balanced_nominal_load,B3_use_queue_term_False,1,8,5,0.8,777,777,0,0.0,2.363024712520059,1.0,1.363024712520059,0.0,1000.0,0.0,1000.0,0,2.623411978221416,11385.989953005788,8353.47286694009,0,0.1647912885662432,0.0,1441.7504542824151,1102
density_balanced_nominal_load,B3_use_queue_term_False,1,9,5,0.8,794,794,0,0.0,2.361081735373501,1.002,1.3590817353735014,0.0,1002.0,0.0,1002.0,0,2.512843224092117,11246.591654064812,8284.95056208156,0,0.16427939876215739,0.0,1449.8796635455592,1129
density_balanced_nominal_load,B3_use_queue_term_False,1,10,5,0.8,842,842,0,0.0,2.3707518281217714,1.002,1.3687518281217712,0.0,1002.0,0.0,1002.0,0,2.7303082191780823,12476.569814453118,9129.90182566579,0,0.16655290102389078,0.0,1452.2504265087978,1168
density_balanced_nominal_load,B3_use_queue_term_False,1,11,5,0.8,796,796,0,0.0,2.3717647927672934,1.002,1.3697647927672936,0.0,1002.0,0.0,1002.0,0,2.493649449618967,11700.830063295127,8544.651942018614,0,0.16209813874788495,0.0,1358.2782569997698,1181
density_balanced_nominal_load,B3_use_queue_term_False,1,12,5,0.8,746,746,0,0.0,2.3560891936124193,1.0,1.356089193612419,0.0,1000.0,0.0,1000.0,0,2.6354264292408622,11098.522571472804,8186.670874672935,0,0.17303370786516853,0.0,1442.1851128406913,1067
density_balanced_nominal_load,B3_use_queue_term_False,2,13,5,0.8,802,802,0,0.0,2.3777391363240215,1.001,1.3767391363240213,0.0,1001.0,0.0,1001.0,0,2.6673553719008263,10094.836371212106,7334.846114353652,0,0.10196078431372549,0.0,1744.0292060493432,968
density_balanced_nominal_load,B3_use_queue_term_False,2,14,5,0.8,829,829,0,0.0,2.361446736005064,1.001,1.3604467360050643,0.0,1001.0,0.0,1001.0,0,2.6219151036525172,10467.606287776905,7701.592433191204,0,0.11518737672583826,0.0,1688.3928995787053,1013
density_balanced_nominal_load,B3_use_queue_term_False,2,15,5,0.8,788,788,0,0.0,2.3906351803020094,1.001,1.3896351803020093,0.0,1001.0,0.0,1001.0,0,2.7594799566630552,9935.45031986014,7161.67604821528,0,0.11459459459459459,0.0,1780.3730825717385,923
density_balanced_nominal_load,B3_use_queue_term_False,2,16,5,0.8,776,776,0,0.0,2.388038927434227,1.002,1.386038927434227,0.0,1002.0,0.0,1002.0,0,2.736842105263158,9814.951423103457,7086.10551649578,0,0.13041575492341356,0.0,1768.620897258206,912
density_balanced_nominal_load,B3_use_queue_term_False,2,17,5,0.8,850,850,0,0.0,2.360567228837124,1.002,1.358567228837124,0.0,1002.0,0.0,1002.0,0,2.8964059196617336,10644.431805183951,7869.392286902922,0,0.12,0.0,1852.6345257353235,946
density_balanced_nominal_load,B3_use_queue_term_False,2,18,5,0.8,811,811,0,0.0,2.396920643237431,1.001,1.3959206432374311,0.0,1001.0,0.0,1001.0,0,2.7388663967611335,10563.033859799723,7588.564515552717,0,0.10606060606060606,0.0,1705.8642428236628,988
density_balanced_nominal_load,B3_use_queue_term_False,3,19,5,0.8,768,768,0,0.0,2.3365138407255768,1.001,1.3355138407255769,0.0,1001.0,0.0,1001.0,0,3.3042944785276074,10217.93416266127,7683.385363059292,0,0.16634146341463416,0.0,1907.0750003731696,815
density_balanced_nominal_load,B3_use_queue_term_False,3,20,5,0.8,811,811,0,0.0,2.357796856977755,1.0,1.3577968569777552,0.0,1000.0,0.0,1000.0,0,3.430622009569378,10865.183490247951,8011.8883525732235,0,0.15632458233890215,0.0,1947.6194520784334,836
density_balanced_nominal_load,B3_use_queue_term_False,3,21,5,0.8,820,820,0,0.0,2.3631204569678426,1.0,1.3631204569678423,0.0,1000.0,0.0,1000.0,0,3.1762749445676275,10958.40878480913,8039.207928244714,0,0.14634146341463414,0.0,1802.4701767594877,902
density_balanced_nominal_load,B3_use_queue_term_False,3,22,5,0.8,778,778,0,0.0,2.367663851372528,0.997,1.370663851372528,0.0,997.0,0.0,997.0,0,3.1831971995332555,10431.467747966974,7637.273284876259,0,0.14325581395348838,0.0,1833.9947681619547,857
density_balanced_nominal_load,B3_use_queue_term_False,3,23,5,0.8,788,788,0,0.0,2.357073643766958,1.001,1.3560736437669583,0.0,1001.0,0.0,1001.0,0,2.854120267260579,10001.046373465848,7375.002397129354,0,0.14097995545657016,0.0,1813.9388648179133,898
density_balanced_nominal_load,B3_use_queue_term_False,3,24,5,0.8,766,766,0,0.0,2.3708162891574043,1.002,1.3688162891574045,0.0,1002.0,0.0,1002.0,0,3.205463182897862,10338.773185684695,7555.510992189944,0,0.14970344009489917,0.0,1822.523961287248,842
density_balanced_nominal_load,B3_use_queue_term_False,4,25,5,0.8,782,782,0,0.0,2.3889837145844006,1.002,1.3869837145844006,0.0,1002.0,0.0,1002.0,0,2.7720364741641337,10713.186326142497,7733.702671980773,0,0.120525783619818,0.0,1653.453993636463,987
density_balanced_nominal_load,B3_use_queue_term_False,4,26,5,0.8,777,777,0,0.0,2.375487871934081,1.001,1.374487871934081,0.0,1001.0,0.0,1001.0,0,2.6650342801175317,10751.863655927044,7829.726166141526,0,0.14285714285714285,0.0,1561.2814084826305,1021
density_balanced_nominal_load,B3_use_queue_term_False,4,27,5,0.8,789,789,0,0.0,2.355546232176682,1.001,1.354546232176682,0.0,1001.0,0.0,1001.0,0,2.8430583501006037,11016.78822920415,8150.42063554816,0,0.14391959798994974,0.0,1621.7347735833919,994
density_balanced_nominal_load,B3_use_queue_term_False,4,28,5,0.8,744,744,0,0.0,2.3589477254993483,1.001,1.3579477254993486,0.0,1001.0,0.0,1001.0,0,2.6116700201207244,10194.185060439253,7526.690118610366,0,0.15546639919759278,0.0,1578.9564708742867,994
density_balanced_nominal_load,B3_use_queue_term_False,4,29,5,0.8,865,865,0,0.0,2.3557501594118477,1.0,1.3557501594118475,0.0,1000.0,0.0,1000.0,0,2.667860340196956,11698.191083354515,8643.326354789016,0,0.1430357142857143,0.0,1540.7605359671704,1117
density_balanced_nominal_load,B3_use_queue_term_False,4,30,5,0.8,791,791,0,0.0,2.3560698570264664,1.001,1.3550698570264665,0.0,1001.0,0.0,1001.0,0,2.7123420796890185,10948.363151213749,8104.155241593533,0,0.13792434529582928,0.0,1572.3315228154354,1029
density_balanced_nominal_load,use_reservation_False,0,1,5,0.8,785,785,0,0.0,2.384922772836644,1.001,1.3839227728366443,0.0,1001.0,0.0,1001.0,0,3.153206650831354,10169.438025519772,7348.269878292933,0,0.12422802850356295,0.0,1942.527789988659,842
density_balanced_nominal_load,use_reservation_False,0,2,5,0.8,809,809,0,0.0,2.3662430574334987,1.0,1.3662430574334985,0.0,1000.0,0.0,1000.0,0,3.0461361014994233,10146.806734154721,7456.072094002151,0,0.12123995407577497,0.0,1917.34351437479,867
density_balanced_nominal_load,use_reservation_False,0,3,5,0.8,808,808,0,0.0,2.3733329849389624,0.997,1.3763329849389623,0.0,997.0,0.0,997.0,0,3.055045871559633,10300.985184092522,7501.323175716144,0,0.13020594965675059,0.0,1898.928146153471,872
density_balanced_nominal_load,use_reservation_False,0,4,5,0.8,822,822,0,0.0,2.380479155858521,1.001,1.3794791558585213,0.0,1001.0,0.0,1001.0,0,2.937362637362637,10309.224194042174,7480.5220145710355,0,0.11108671789242591,0.0,1893.5291986998363,910
density_balanced_nominal_load,use_reservation_False,0,5,5,0.8,760,760,0,0.0,2.381267551525611,1.001,1.3802675515256113,0.0,1001.0,0.0,1001.0,0,3.043424317617866,9441.583525240338,6840.400989506701,0,0.12009925558312655,0.0,1957.4348639873626,806
density_balanced_nominal_load,use_reservation_False,0,6,5,0.8,861,861,0,0.0,2.358601991809727,1.002,1.3566019918097267,0.0,1002.0,0.0,1002.0,0,2.910880829015544,10908.536224273908,8063.187501059944,0,0.11611570247933885,0.0,1814.463739930402,965
density_balanced_nominal_load,use_reservation_False,1,7,5,0.8,730,730,0,0.0,2.345972632237281,1.002,1.3439726322372807,0.0,1002.0,0.0,1002.0,0,2.4412331406551058,10098.99332015379,7521.7255751146095,0,0.1582290664100096,0.0,1467.399134437793,1038
density_balanced_nominal_load,use_reservation_False,1,8,5,0.8,777,777,0,0.0,2.363024712520059,1.0,1.363024712520059,0.0,1000.0,0.0,1000.0,0,2.623411978221416,11385.989953005788,8353.47286694009,0,0.1647912885662432,0.0,1445.8874774739288,1102
density_balanced_nominal_load,use_reservation_False,1,9,5,0.8,794,794,0,0.0,2.361081735373501,1.002,1.3590817353735014,0.0,1002.0,0.0,1002.0,0,2.512843224092117,11246.591654064812,8284.95056208156,0,0.16427939876215739,0.0,1447.1559692462404,1129
density_balanced_nominal_load,use_reservation_False,1,10,5,0.8,842,842,0,0.0,2.3707518281217714,1.002,1.3687518281217712,0.0,1002.0,0.0,1002.0,0,2.7303082191780823,12476.569814453118,9129.90182566579,0,0.16655290102389078,0.0,1450.9645898773974,1168
density_balanced_nominal_load,use_reservation_False,1,11,5,0.8,796,796,0,0.0,2.3717647927672934,1.002,1.3697647927672936,0.0,1002.0,0.0,1002.0,0,2.493649449618967,11700.830063295127,8544.651942018614,0,0.16209813874788495,0.0,1362.5986457785807,1181
density_balanced_nominal_load,use_reservation_False,1,12,5,0.8,746,746,0,0.0,2.3560891936124193,1.0,1.356089193612419,0.0,1000.0,0.0,1000.0,0,2.6354264292408622,11098.522571472804,8186.670874672935,0,0.17303370786516853,0.0,1444.3036510756463,1067
density_balanced_nominal_load,use_reservation_False,2,13,5,0.8,802,802,0,0.0,2.3777391363240215,1.001,1.3767391363240213,0.0,1001.0,0.0,1001.0,0,2.6673553719008263,10094.836371212106,7334.846114353652,0,0.10196078431372549,0.0,1744.2753360922939,968
density_balanced_nominal_load,use_reservation_False,2,14,5,0.8,829,829,0,0.0,2.361446736005064,1.001,1.3604467360050643,0.0,1001.0,0.0,1001.0,0,2.6219151036525172,10467.606287776905,7701.592433191204,0,0.11518737672583826,0.0,1711.7285015244272,1013
density_balanced_nominal_load,use_reservation_False,2,15,5,0.8,788,788,0,0.0,2.3906351803020094,1.001,1.3896351803020093,0.0,1001.0,0.0,1001.0,0,2.7594799566630552,9935.45031986014,7161.67604821528,0,0.11459459459459459,0.0,1776.0837830703806,923
density_balanced_nominal_load,use_reservation_False,2,16,5,0.8,776,776,0,0.0,2.388038927434227,1.002,1.386038927434227,0.0,1002.0,0.0,1002.0,0,2.736842105263158,9814.951423103457,7086.10551649578,0,0.13041575492341356,0.0,1782.7194740285554,912
density_balanced_nominal_load,use_reservation_False,2,17,5,0.8,850,850,0,0.0,2.360567228837124,1.002,1.358567228837124,0.0,1002.0,0.0,1002.0,0,2.8964059196617336,10644.431805183951,7869.392286902922,0,0.12,0.0,1838.530315159771,946
density_balanced_nominal_load,use_reservation_False,2,18,5,0.8,811,811,0,0.0,2.396920643237431,1.001,1.3959206432374311,0.0,1001.0,0.0,1001.0,0,2.7388663967611335,10563.033859799723,7588.564515552717,0,0.10606060606060606,0.0,1693.5055550996854,988
density_balanced_nominal_load,use_reservation_False,3,19,5,0.8,768,768,0,0.0,2.3365138407255768,1.001,1.3355138407255769,0.0,1001.0,0.0,1001.0,0,3.3042944785276074,10217.93416266127,7683.385363059292,0,0.16634146341463416,0.0,1930.8663412741182,815
density_balanced_nominal_load,use_reservation_False,3,20,5,0.8,811,811,0,0.0,2.357796856977755,1.0,1.3577968569777552,0.0,1000.0,0.0,1000.0,0,3.430622009569378,10865.183490247951,8011.8883525732235,0,0.15632458233890215,0.0,1947.684964036729,836
density_balanced_nominal_load,use_reservation_False,3,21,5,0.8,820,820,0,0.0,2.3631204569678426,1.0,1.3631204569678423,0.0,1000.0,0.0,1000.0,0,3.1762749445676275,10958.40878480913,8039.207928244714,0,0.14634146341463414,0.0,1818.2782691303526,902
density_balanced_nominal_load,use_reservation_False,3,22,5,0.8,778,778,0,0.0,2.367663851372528,0.997,1.370663851372528,0.0,997.0,0.0,997.0,0,3.1831971995332555,10431.467747966974,7637.273284876259,0,0.14325581395348838,0.0,1833.580232693727,857
density_balanced_nominal_load,use_reservation_False,3,23,5,0.8,788,788,0,0.0,2.357073643766958,1.001,1.3560736437669583,0.0,1001.0,0.0,1001.0,0,2.854120267260579,10001.046373465848,7375.002397129354,0,0.14097995545657016,0.0,1813.7247219447354,898
density_balanced_nominal_load,use_reservation_False,3,24,5,0.8,766,766,0,0.0,2.3708162891574043,1.002,1.3688162891574045,0.0,1002.0,0.0,1002.0,0,3.205463182897862,10338.773185684695,7555.510992189944,0,0.14970344009489917,0.0,1858.5209964944684,842
density_balanced_nominal_load,use_reservation_False,4,25,5,0.8,782,782,0,0.0,2.3889837145844006,1.002,1.3869837145844006,0.0,1002.0,0.0,1002.0,0,2.7720364741641337,10713.186326142497,7733.702671980773,0,0.120525783619818,0.0,1657.564509062038,987
density_balanced_nominal_load,use_reservation_False,4,26,5,0.8,777,777,0,0.0,2.375487871934081,1.001,1.374487871934081,0.0,1001.0,0.0,1001.0,0,2.6650342801175317,10751.863655927044,7829.726166141526,0,0.14285714285714285,0.0,1577.729451478734,1021
density_balanced_nominal_load,use_reservation_False,4,27,5,0.8,789,789,0,0.0,2.355546232176682,1.001,1.354546232176682,0.0,1001.0,0.0,1001.0,0,2.8430583501006037,11016.78822920415,8150.42063554816,0,0.14391959798994974,0.0,1627.0055285837484,994
density_balanced_nominal_load,use_reservation_False,4,28,5,0.8,744,744,0,0.0,2.3589477254993483,1.001,1.3579477254993486,0.0,1001.0,0.0,1001.0,0,2.6116700201207244,10194.185060439253,7526.690118610366,0,0.15546639919759278,0.0,1605.2800393219638,994
density_balanced_nominal_load,use_reservation_False,4,29,5,0.8,865,865,0,0.0,2.3557501594118477,1.0,1.3557501594118475,0.0,1000.0,0.0,1000.0,0,2.667860340196956,11698.191083354515,8643.326354789016,0,0.1430357142857143,0.0,1547.432945829184,1117
density_balanced_nominal_load,use_reservation_False,4,30,5,0.8,791,791,0,0.0,2.3560698570264664,1.001,1.3550698570264665,0.0,1001.0,0.0,1001.0,0,2.7123420796890185,10948.363151213749,8104.155241593533,0,0.13792434529582928,0.0,1576.601940843572,1029
density_balanced_nominal_load,use_priority_False,0,1,5,0.8,785,785,0,0.0,2.395743745557204,1.001,1.394743745557204,0.0,1001.0,0.0,1001.0,0,3.2329749103942653,10320.349923872489,7401.849472413896,0,0.1279236276849642,0.04195804195804196,1937.3426027429293,837
density_balanced_nominal_load,use_priority_False,0,2,5,0.8,809,809,0,0.0,2.39445012180944,1.001,1.3934501218094402,0.0,1001.0,0.0,1001.0,0,3.0056369785794814,10308.396949543887,7416.88809269291,0,0.11586051743532058,0.03996003996003996,1874.1767149637542,887
density_balanced_nominal_load,use_priority_False,0,3,5,0.8,808,808,0,0.0,2.390237237464967,0.998,1.3922372374649672,0.0,998.0,0.0,998.0,0,3.1289954337899544,10545.271217082494,7588.7003542007205,0,0.1334851936218679,0.039,1862.8924843883842,876
density_balanced_nominal_load,use_priority_False,0,4,5,0.8,822,822,0,0.0,2.4017959493337413,1.001,1.4007959493337414,0.0,1001.0,0.0,1001.0,0,3.052513966480447,10490.446872334634,7500.816620720618,0,0.1117056856187291,0.057942057942057944,1878.8225202039384,895
density_balanced_nominal_load,use_priority_False,0,5,5,0.8,760,760,0,0.0,2.3901444100547846,1.0,1.3901444100547846,0.0,1000.0,0.0,1000.0,0,3.0781637717121586,9491.59545390573,6844.561412769705,0,0.10866336633663366,0.028,1954.4831686451485,806
density_balanced_nominal_load,use_priority_False,0,6,5,0.8,861,861,0,0.0,2.383663517934046,1.001,1.3826635179340463,0.0,1001.0,0.0,1001.0,0,2.9820675105485233,10979.158028320866,7991.212529299705,0,0.1225130890052356,0.03696303696303696,1853.563036971984,948
density_balanced_nominal_load,use_priority_False,1,7,5,0.8,730,730,0,0.0,2.404415041744276,1.002,1.4024150417442756,0.0,1002.0,0.0,1002.0,0,2.535288725939505,10955.125604500578,7823.498710852585,0,0.1565934065934066,0.3143712574850299,1363.8098890813847,1091
density_balanced_nominal_load,use_priority_False,1,8,5,0.8,777,777,0,0.0,2.4011473454098753,1.0,1.4011473454098753,0.0,1000.0,0.0,1000.0,0,2.5992939099735217,11690.522611525206,8362.567517667883,0,0.16109154929577466,0.364,1382.0833619704476,1133
density_balanced_nominal_load,use_priority_False,1,9,5,0.8,794,794,0,0.0,2.4070701704836144,1.001,1.4060701704836145,0.0,1001.0,0.0,1001.0,0,2.4991496598639458,11692.473839349905,8320.452813526359,0,0.15585738539898134,0.34565434565434566,1362.0292879850565,1176
density_balanced_nominal_load,use_priority_False,1,10,5,0.8,842,842,0,0.0,2.413597206749447,1.001,1.412597206749447,0.0,1001.0,0.0,1001.0,0,2.691029900332226,12728.861837698769,9032.200953488793,0,0.14813587406793705,0.5614385614385614,1353.7057171951494,1204
density_balanced_nominal_load,use_priority_False,1,11,5,0.8,796,796,0,0.0,2.400611212972172,1.001,1.399611212972172,0.0,1001.0,0.0,1001.0,0,2.64017094017094,12132.187223046602,8684.926530822866,0,0.16034042553191488,0.3786213786213786,1338.5906383058332,1170
density_balanced_nominal_load,use_priority_False,1,12,5,0.8,746,746,0,0.0,2.397313700008409,1.001,1.3963137000084092,0.0,1001.0,0.0,1001.0,0,2.5818014705882355,11133.366029856577,7997.271217149846,0,0.1532538955087076,0.26573426573426573,1397.12126444134,1088
density_balanced_nominal_load,use_priority_False,2,13,5,0.8,802,802,0,0.0,2.412398907664099,1.001,1.4113989076640994,0.0,1001.0,0.0,1001.0,0,2.6590436590436592,10044.145771448606,7125.894068762413,0,0.09896265560165975,0.07092907092907093,1745.2621360911303,962
density_balanced_nominal_load,use_priority_False,2,14,5,0.8,829,829,0,0.0,2.3881774930618582,1.001,1.3871774930618583,0.0,1001.0,0.0,1001.0,0,2.681553398058252,10822.893352905343,7818.91772356946,0,0.11616650532429816,0.07292707292707293,1647.9615670572948,1030
density_balanced_nominal_load,use_priority_False,2,15,5,0.8,788,788,0,0.0,2.4275977079319815,1.002,1.4255977079319815,0.0,1002.0,0.0,1002.0,0,2.684703433922997,10116.011176152657,7102.993446055116,0,0.1101871101871102,0.046906187624750496,1708.4032239652822,961
density_balanced_nominal_load,use_priority_False,2,16,5,0.8,776,776,0,0.0,2.4204854615984006,1.002,1.4184854615984006,0.0,1002.0,0.0,1002.0,0,2.804560260586319,10075.956992551379,7105.670518840857,0,0.12060737527114967,0.07385229540918163,1746.9729936516028,921
density_balanced_nominal_load,use_priority_False,2,17,5,0.8,850,850,0,0.0,2.4107901054819454,1.002,1.4087901054819452,0.0,1002.0,0.0,1002.0,0,2.828012358393409,10706.746217758837,7635.449862900832,0,0.10799180327868853,0.06287425149700598,1781.2407789532417,971
density_balanced_nominal_load,use_priority_False,2,18,5,0.8,811,811,0,0.0,2.438435599878126,1.001,1.437435599878126,0.0,1001.0,0.0,1001.0,0,2.8523421588594706,10884.609900318224,7581.517554299403,0,0.1017293997965412,0.06893106893106893,1699.7739583128798,982
density_balanced_nominal_load,use_priority_False,3,19,5,0.8,768,768,0,0.0,2.377513339099405,1.001,1.376513339099405,0.0,1001.0,0.0,1001.0,0,3.24330900243309,10221.792941298077,7454.917180832634,0,0.150906892382104,0.04895104895104895,1889.292501530271,822
density_balanced_nominal_load,use_priority_False,3,20,5,0.8,811,811,0,0.0,2.390174744391558,1.0,1.3901747443915582,0.0,1000.0,0.0,1000.0,0,3.4579326923076925,10893.437933604084,7871.987300699416,0,0.14904306220095695,0.067,1923.1446168266245,832
density_balanced_nominal_load,use_priority_False,3,21,5,0.8,820,820,0,0.0,2.4033205878442434,1.0,1.4033205878442436,0.0,1000.0,0.0,1000.0,0,3.2488636363636365,10954.409275380525,7806.063254731981,0,0.1431818181818182,0.064,1857.6735229130877,880
density_balanced_nominal_load,use_priority_False,3,22,5,0.8,778,778,0,0.0,2.387976849926171,0.997,1.3909768499261708,0.0,997.0,0.0,997.0,0,3.2959309494451294,10195.489676019979,7353.697518327217,0,0.14324324324324325,0.066,1918.0272735600388,811
density_balanced_nominal_load,use_priority_False,3,23,5,0.8,788,788,0,0.0,2.3745635007319557,1.001,1.3735635007319558,0.0,1001.0,0.0,1001.0,0,2.9886749716874292,10230.774065958374,7458.051552645457,0,0.14457013574660635,0.07692307692307693,1799.951017951715,883
density_balanced_nominal_load,use_priority_False,3,24,5,0.8,766,766,0,0.0,2.4082387079258547,1.001,1.407238707925855,0.0,1001.0,0.0,1001.0,0,3.192353643966547,10204.51221529358,7251.443666109452,0,0.13739545997610514,0.08491508491508491,1864.6523290093467,837
density_balanced_nominal_load,use_priority_False,4,25,5,0.8,782,782,0,0.0,2.425928194009568,1.001,1.424928194009568,0.0,1001.0,0.0,1001.0,0,2.9134328358208954,11366.907029427863,8014.607620770976,0,0.1290386521308226,0.16683316683316685,1562.9437072267176,1005
density_balanced_nominal_load,use_priority_False,4,26,5,0.8,777,777,0,0.0,2.41757384327686,1.001,1.41657384327686,0.0,1001.0,0.0,1001.0,0,2.6942857142857144,11138.056007772626,7869.731649134514,0,0.13206470028544243,0.14985014985014986,1516.6816371426582,1050
density_balanced_nominal_load,use_priority_False,4,27,5,0.8,789,789,0,0.0,2.4117423562236917,1.001,1.410742356223692,0.0,1001.0,0.0,1001.0,0,2.8434782608695652,11465.206140772214,8169.603818816717,0,0.1356388088376561,0.15984015984015984,1533.273295206389,1035
density_balanced_nominal_load,use_priority_False,4,28,5,0.8,744,744,0,0.0,2.393285991447539,1.001,1.3922859914475392,0.0,1001.0,0.0,1001.0,0,2.8231644260599795,10603.552862502367,7649.4481698372465,0,0.15901132852729144,0.13686313686313686,1584.1660142063818,967
density_balanced_nominal_load,use_priority_False,4,29,5,0.8,865,865,0,0.0,2.396014412369602,1.001,1.3950144123696022,0.0,1001.0,0.0,1001.0,0,2.7642276422764227,11962.947775289156,8597.00635989628,0,0.13015301530153014,0.13686313686313686,1541.8400544640513,1107
density_balanced_nominal_load,use_priority_False,4,30,5,0.8,791,791,0,0.0,2.4142281913338106,1.002,1.4122281913338108,0.0,1002.0,0.0,1002.0,0,2.7827352085354025,11241.71188192306,7962.626213144142,0,0.13391472868217055,0.15868263473053892,1548.85697691131,1031
density_balanced_nominal_load,use_partial_False,0,1,5,0.8,785,785,0,0.0,2.082163072153893,1.001,1.081163072153893,0.0,1001.0,0.0,1001.0,0,28.81560283687943,8255.139359607503,7892.981690647706,0,0.10273972602739725,0.005994005994005994,9621.29794539603,141
density_balanced_nominal_load,use_partial_False,0,2,5,0.8,809,809,0,0.0,2.0790011106620154,1.002,1.0770011106620152,0.0,1002.0,0.0,1002.0,0,28.78082191780822,8555.34155983532,8159.691634453708,0,0.096,0.008982035928143712,9424.042005557567,146
density_balanced_nominal_load,use_partial_False,0,3,5,0.8,808,808,0,0.0,2.076583709021616,0.997,1.0795837090216158,0.0,997.0,0.0,997.0,0,28.798657718120804,8713.554564251952,8191.347787469023,0,0.09078947368421053,0.018,9318.638818896081,149
density_balanced_nominal_load,use_partial_False,0,4,5,0.8,822,822,0,0.0,2.07810280210229,0.999,1.07910280210229,0.0,999.0,0.0,999.0,0,28.603896103896105,8912.064240956426,8320.62302325724,0,0.07770700636942675,0.006,9140.822928914931,154
density_balanced_nominal_load,use_partial_False,0,5,5,0.8,760,760,0,0.0,2.0603278777679197,1.0,1.06032787776792,0.0,1000.0,0.0,1000.0,0,28.503597122302157,8015.415660734607,7664.878412434571,0,0.07887323943661972,0.003,9623.476054066872,139
density_balanced_nominal_load,use_partial_False,0,6,5,0.8,861,861,0,0.0,2.0720369641366245,1.002,1.0700369641366245,0.0,1002.0,0.0,1002.0,0,28.62987012987013,8964.967007394314,8674.203249443228,0,0.07530864197530865,0.02694610778443114,9154.027790322692,154
density_balanced_nominal_load,use_partial_False,1,7,5,0.8,730,730,0,0.0,2.0585402842610954,1.002,1.0565402842610951,0.0,1002.0,0.0,1002.0,0,28.48905109489051,7894.942503699987,7472.448160574655,0,0.1562043795620438,0.029940119760479042,9574.445265338478,137
density_balanced_nominal_load,use_partial_False,1,8,5,0.8,777,777,0,0.0,2.07657820950477,1.001,1.0755782095047701,0.0,1001.0,0.0,1001.0,0,28.83916083916084,8408.485388239342,7953.112343177271,0,0.1401360544217687,0.01898101898101898,9475.3278908003,143
density_balanced_nominal_load,use_partial_False,1,9,5,0.8,794,794,0,0.0,2.076092741481676,1.002,1.074092741481676,0.0,1002.0,0.0,1002.0,0,29.055944055944057,8520.66259781234,8080.53040238068,0,0.21360544217687075,0.041916167664670656,9534.907487670886,143
density_balanced_nominal_load,use_partial_False,1,10,5,0.8,842,842,0,0.0,2.070103729120288,1.002,1.0681037291202882,0.0,1002.0,0.0,1002.0,0,28.807692307692307,9152.971489283114,8768.479863013965,0,0.19751552795031055,0.06686626746506986,9024.836646858603,156
density_balanced_nominal_load,use_partial_False,1,11,5,0.8,796,796,0,0.0,2.062282400747365,1.001,1.0612824007473651,0.0,1001.0,0.0,1001.0,0,28.503311258278146,8711.407514402497,8315.343154371483,0,0.16363636363636364,0.059940059940059943,8943.854538986894,151
density_balanced_nominal_load,use_partial_False,1,12,5,0.8,746,746,0,0.0,2.073280199797007,1.001,1.0722801997970068,0.0,1001.0,0.0,1001.0,0,28.46853146853147,8222.783147705475,7839.740964738879,0,0.11972789115646258,0.028971028971028972,9067.359863903981,143
density_balanced_nominal_load,use_partial_False,2,13,5,0.8,802,802,0,0.0,2.0752187098055637,1.001,1.0742187098055638,0.0,1001.0,0.0,1001.0,0,28.76388888888889,8404.57323907943,7845.615139153563,0,0.10758620689655173,0.06693306693306693,9936.45655127756,144
density_balanced_nominal_load,use_partial_False,2,14,5,0.8,829,829,0,0.0,2.06487504503243,1.002,1.0628750450324302,0.0,1002.0,0.0,1002.0,0,28.677852348993287,8665.083074240341,8328.363216902677,0,0.11168831168831168,0.018962075848303395,9540.754547282184,149
density_balanced_nominal_load,use_partial_False,2,15,5,0.8,788,788,0,0.0,2.0691138690894206,1.002,1.0671138690894209,0.0,1002.0,0.0,1002.0,0,28.395833333333332,8258.613813406637,7917.830622629616,0,0.07972972972972973,0.001996007984031936,9490.597299363062,144
density_balanced_nominal_load,use_partial_False,2,16,5,0.8,776,776,0,0.0,2.073511433481024,1.001,1.072511433481024,0.0,1001.0,0.0,1001.0,0,28.82857142857143,8208.10352426368,7778.94477239579,0,0.0979020979020979,0.002997002997002997,9918.531466444785,140
density_balanced_nominal_load,use_partial_False,2,17,5,0.8,850,850,0,0.0,2.0746395677389096,1.002,1.0726395677389098,0.0,1002.0,0.0,1002.0,0,28.442307692307693,8973.895349892875,8611.576460346187,0,0.08641975308641975,0.01996007984031936,9283.09938028156,156
density_balanced_nominal_load,use_partial_False,2,18,5,0.8,811,811,0,0.0,2.088424477052005,1.001,1.087424477052005,0.0,1001.0,0.0,1001.0,0,28.736842105263158,8878.961255097749,8309.078038369078,0,0.10193548387096774,0.004995004995004995,9191.752252198996,152
density_balanced_nominal_load,use_partial_False,3,19,5,0.8,768,768,0,0.0,2.0771686070965245,1.002,1.0751686070965245,0.0,1002.0,0.0,1002.0,0,28.26896551724138,8260.246969210755,7900.5723238995615,0,0.07894736842105263,0.017964071856287425,8941.280266490618,145
density_balanced_nominal_load,use_partial_False,3,20,5,0.8,811,811,0,0.0,2.079395307278556,1.0,1.0793953072785558,0.0,1000.0,0.0,1000.0,0,28.55483870967742,8971.53460786001,8478.905931711133,0,0.11949685534591195,0.016,8699.142129918993,155
density_balanced_nominal_load,use_partial_False,3,21,5,0.8,820,820,0,0.0,2.098267456679743,1.0,1.0982674566797428,0.0,1000.0,0.0,1000.0,0,28.879194630872483,8782.117743713308,8193.482872494576,0,0.09740259740259741,0.042,9127.066233694288,149
density_balanced_nominal_load,use_partial_False,3,22,5,0.8,778,778,0,0.0,2.0711847697841907,0.997,1.0741847697841906,0.0,997.0,0.0,997.0,0,28.448275862068964,8333.685888499593,7827.83407082939,0,0.08435374149659863,0.003,9340.507488342979,145
density_balanced_nominal_load,use_partial_False,3,23,5,0.8,788,788,0,0.0,2.063948911235766,1.0,1.0639489112357656,0.0,1000.0,0.0,1000.0,0,28.942446043165468,8198.306434247275,7776.737746998729,0,0.12482269503546099,0.005,10044.828371032543,139
density_balanced_nominal_load,use_partial_False,3,24,5,0.8,766,766,0,0.0,2.0856947044001988,1.001,1.0846947044001989,0.0,1001.0,0.0,1001.0,0,28.81118881118881,8397.49524492818,7893.969705112842,0,0.1136986301369863,0.025974025974025976,9265.128084560474,143
density_balanced_nominal_load,use_partial_False,4,25,5,0.8,782,782,0,0.0,2.090187851939649,1.002,1.088187851939649,0.0,1002.0,0.0,1002.0,0,27.954838709677418,8650.732852403273,8075.693756213724,0,0.10379746835443038,0.028942115768463075,8717.864552509818,155
density_balanced_nominal_load,use_partial_False,4,26,5,0.8,777,777,0,0.0,2.093874764661284,1.0,1.093874764661284,0.0,1000.0,0.0,1000.0,0,28.359477124183005,8750.627622759419,8051.464915321433,0,0.1135483870967742,0.026,8845.640000166191,153
density_balanced_nominal_load,use_partial_False,4,27,5,0.8,789,789,0,0.0,2.085120095443476,1.001,1.084120095443476,0.0,1001.0,0.0,1001.0,0,28.58108108108108,8561.057929211374,8119.529694439724,0,0.10256410256410256,0.02097902097902098,8906.72628100639,148
density_balanced_nominal_load,use_partial_False,4,28,5,0.8,744,744,0,0.0,2.0656817119299404,1.001,1.0646817119299408,0.0,1001.0,0.0,1001.0,0,28.309859154929576,8096.498190956888,7797.453249938539,0,0.1445945945945946,0.023976023976023976,9161.174995038105,142
density_balanced_nominal_load,use_partial_False,4,29,5,0.8,865,865,0,0.0,2.075420379466928,1.001,1.074420379466928,0.0,1001.0,0.0,1001.0,0,28.45731707317073,9435.96552537072,8968.819785681726,0,0.11715976331360947,0.024975024975024976,8570.620116774962,164
density_balanced_nominal_load,use_partial_False,4,30,5,0.8,791,791,0,0.0,2.094191958584804,1.002,1.0921919585848037,0.0,1002.0,0.0,1002.0,0,28.312101910828027,8957.726893532685,8394.374656136531,0,0.12173913043478261,0.029940119760479042,8479.818623651814,157
density_balanced_nominal_load,ours_JIT,0,1,5,0.8,785,785,0,0.0,2.4057611732663986,1.001,1.404761173266399,0.0,1001.0,0.0,1001.0,0,3.188902007083825,10318.503702320077,7347.752224424085,0,0.1268867924528302,0.0,1916.0074290719524,847
density_balanced_nominal_load,ours_JIT,0,2,5,0.8,809,809,0,0.0,2.3935258078306925,1.001,1.3925258078306924,0.0,1001.0,0.0,1001.0,0,3.1073512252042006,10215.442837852264,7355.059020754295,0,0.11967403958090803,0.0,1925.48265447298,857
density_balanced_nominal_load,ours_JIT,0,3,5,0.8,808,808,0,0.0,2.3999159325458694,0.997,1.4029159325458695,0.0,997.0,0.0,997.0,0,3.0560640732265445,10347.727383647702,7399.631350783719,0,0.12269099201824402,0.0,1892.720524685196,874
density_balanced_nominal_load,ours_JIT,0,4,5,0.8,822,822,0,0.0,2.4089418231131763,0.999,1.4099418231131762,0.0,999.0,0.0,999.0,0,3.098194130925508,10553.744400849084,7492.326440479285,0,0.11531531531531532,0.0,1897.2396389906387,886
density_balanced_nominal_load,ours_JIT,0,5,5,0.8,760,760,0,0.0,2.3912269518846054,1.0,1.3912269518846052,0.0,1000.0,0.0,1000.0,0,3.1525851197982346,9567.488010723084,6884.202464413521,0,0.12493702770780857,0.0,1979.5994968704822,793
density_balanced_nominal_load,ours_JIT,0,6,5,0.8,861,861,0,0.0,2.389923878817123,1.002,1.387923878817123,0.0,1002.0,0.0,1002.0,0,2.9843912591050987,11071.310755245011,7993.697822990992,0,0.11120331950207468,0.0,1814.19159742449,961
density_balanced_nominal_load,ours_JIT,1,7,5,0.8,730,730,0,0.0,2.390564564824605,1.002,1.3885645648246054,0.0,1002.0,0.0,1002.0,0,2.5474806201550386,10408.990944781754,7508.2267512456265,0,0.1579864472410455,0.0,1436.7677638868893,1032
density_balanced_nominal_load,ours_JIT,1,8,5,0.8,777,777,0,0.0,2.4202162898141055,0.999,1.4212162898141056,0.0,999.0,0.0,999.0,0,2.5196917808219177,11710.94276746725,8254.157267646418,0,0.15004277159965781,0.0,1348.4975185254837,1168
density_balanced_nominal_load,ours_JIT,1,9,5,0.8,794,794,0,0.0,2.4009386547109677,1.001,1.3999386547109678,0.0,1001.0,0.0,1001.0,0,2.570940170940171,11879.941446478955,8502.711700798856,0,0.15460750853242322,0.0,1349.6238901597724,1170
density_balanced_nominal_load,ours_JIT,1,10,5,0.8,842,842,0,0.0,2.444036088695495,1.001,1.4430360886954952,0.0,1001.0,0.0,1001.0,0,2.711507293354943,13099.16181547683,9093.670803945086,0,0.1423948220064725,0.0,1322.1707125816006,1234
density_balanced_nominal_load,ours_JIT,1,11,5,0.8,796,796,0,0.0,2.430835608845243,1.002,1.4288356088452432,0.0,1002.0,0.0,1002.0,0,2.515447154471545,12302.874589819367,8626.750234139085,0,0.14963562753036438,0.0,1272.7800484018555,1230
density_balanced_nominal_load,ours_JIT,1,12,5,0.8,746,746,0,0.0,2.4082418987457848,1.001,1.4072418987457849,0.0,1001.0,0.0,1001.0,0,2.607594936708861,11347.215561079038,8063.443514005419,0,0.14900542495479205,0.0,1381.7392403211875,1106
density_balanced_nominal_load,ours_JIT,2,13,5,0.8,802,802,0,0.0,2.398623810559674,1.001,1.3976238105596746,0.0,1001.0,0.0,1001.0,0,2.7951680672268906,10388.672002087951,7435.481033525903,0,0.11038824763903463,0.0,1761.928541172425,952
density_balanced_nominal_load,ours_JIT,2,14,5,0.8,829,829,0,0.0,2.3905002520565444,1.001,1.3895002520565445,0.0,1001.0,0.0,1001.0,0,2.6748046875,10764.585153069327,7756.686960257847,0,0.1165692007797271,0.0,1597.3830415770144,1024
density_balanced_nominal_load,ours_JIT,2,15,5,0.8,788,788,0,0.0,2.418106082991754,1.002,1.4161060829917538,0.0,1002.0,0.0,1002.0,0,2.741052631578947,10189.671683425157,7202.618367316167,0,0.11377497371188224,0.0,1717.7576238223862,950
density_balanced_nominal_load,ours_JIT,2,16,5,0.8,776,776,0,0.0,2.4365927470133615,1.002,1.4345927470133615,0.0,1002.0,0.0,1002.0,0,2.78021978021978,9930.693541524482,6922.308482458409,0,0.11692307692307692,0.0,1773.0117589363233,910
density_balanced_nominal_load,ours_JIT,2,17,5,0.8,850,850,0,0.0,2.3969446442871836,1.002,1.3949446442871836,0.0,1002.0,0.0,1002.0,0,2.899168399168399,10874.912821951935,7829.399921599638,0,0.11759834368530021,0.0,1800.4842660381164,962
density_balanced_nominal_load,ours_JIT,2,18,5,0.8,811,811,0,0.0,2.446188327711185,1.001,1.4451883277111852,0.0,1001.0,0.0,1001.0,0,2.819289340101523,10839.199879162334,7514.037908374144,0,0.09807497467071935,0.0,1697.5139801224398,985
density_balanced_nominal_load,ours_JIT,3,19,5,0.8,768,768,0,0.0,2.3671983751241656,1.001,1.3661983751241658,0.0,1001.0,0.0,1001.0,0,3.2853628536285364,10244.988601045385,7523.301243455193,0,0.16523867809057527,0.0,1955.6088140091863,813
density_balanced_nominal_load,ours_JIT,3,20,5,0.8,811,811,0,0.0,2.397749131162593,1.0,1.3977491311625927,0.0,1000.0,0.0,1000.0,0,3.426383981154299,11040.507594284705,7922.624082339124,0,0.14859154929577464,0.0,1904.587911227674,849
density_balanced_nominal_load,ours_JIT,3,21,5,0.8,820,820,0,0.0,2.4029434874047264,1.0,1.4029434874047264,0.0,1000.0,0.0,1000.0,0,3.2976054732041047,10991.051004682453,7843.783043871457,0,0.14516496018202502,0.0,1882.7003414003102,877
density_balanced_nominal_load,ours_JIT,3,22,5,0.8,778,778,0,0.0,2.4065468553015608,0.998,1.408546855301561,0.0,998.0,0.0,998.0,0,3.284841075794621,10294.538194610865,7320.455704023676,0,0.1446341463414634,0.0,1911.2343909133726,818
density_balanced_nominal_load,ours_JIT,3,23,5,0.8,788,788,0,0.0,2.383034962367537,1.001,1.3820349623675374,0.0,1001.0,0.0,1001.0,0,2.963923337091319,10173.521504284148,7361.26203844763,0,0.1395715896279594,0.0,1808.029198727708,887
density_balanced_nominal_load,ours_JIT,3,24,5,0.8,766,766,0,0.0,2.4120211575481165,1.002,1.4100211575481165,0.0,1002.0,0.0,1002.0,0,3.228504122497055,10457.759257501537,7419.103277162898,0,0.14611764705882352,0.0,1834.4460010720306,849
density_balanced_nominal_load,ours_JIT,4,25,5,0.8,782,782,0,0.0,2.451166342880276,1.002,1.4491663428802761,0.0,1002.0,0.0,1002.0,0,2.797676669893514,11284.731317679854,7805.451761917133,0,0.11207729468599034,0.0,1553.495942192053,1033
density_balanced_nominal_load,ours_JIT,4,26,5,0.8,777,777,0,0.0,2.448215384377668,1.001,1.4472153843776683,0.0,1001.0,0.0,1001.0,0,2.7076076993583866,11608.53162741415,8028.19798133205,0,0.1250915750915751,0.0,1479.3358050988675,1091
density_balanced_nominal_load,ours_JIT,4,27,5,0.8,789,789,0,0.0,2.4134150662266443,1.002,1.411415066226644,0.0,1002.0,0.0,1002.0,0,2.9121621621621623,11708.658909281325,8314.581484042952,0,0.12909441233140656,0.0,1553.4044321117697,1036
density_balanced_nominal_load,ours_JIT,4,28,5,0.8,744,744,0,0.0,2.39691197434972,1.001,1.39591197434972,0.0,1001.0,0.0,1001.0,0,2.785140562248996,10818.086631265878,7749.834395041144,0,0.1540160642570281,0.0,1558.2481927372119,996
density_balanced_nominal_load,ours_JIT,4,29,5,0.8,865,865,0,0.0,2.419312104669609,1.0,1.419312104669609,0.0,1000.0,0.0,1000.0,0,2.6966101694915254,12451.239385767649,8786.819576001571,0,0.12804054054054054,0.0,1444.6554515575353,1180
density_balanced_nominal_load,ours_JIT,4,30,5,0.8,791,791,0,0.0,2.435906403781448,1.002,1.433906403781448,0.0,1002.0,0.0,1002.0,0,2.8187078109932497,11425.61031156631,7970.494876624426,0,0.13333333333333333,0.0,1534.9456647218983,1037
density_balanced_nominal_load,use_charge_time_term_False,0,1,5,0.8,785,785,0,0.0,2.5729285156484583,1.0,1.5729285156484583,0.0,1000.0,0.0,1000.0,0,3.980528511821975,10699.440139417815,6810.718583949119,0,0.12371705963938974,0.0,2234.222468643626,719
density_balanced_nominal_load,use_charge_time_term_False,0,2,5,0.8,809,809,0,0.0,2.5668123039851194,1.001,1.5658123039851193,0.0,1001.0,0.0,1001.0,0,3.7392438070404173,10799.546948950794,6905.604365710869,0,0.12093628088426528,0.0,2122.2457713574677,767
density_balanced_nominal_load,use_charge_time_term_False,0,3,5,0.8,808,808,0,0.0,2.5773532444476777,0.998,1.5793532444476779,0.0,998.0,0.0,998.0,0,3.796103896103896,11013.83153512217,6982.076307008271,0,0.12684824902723735,0.0,2112.9587542745207,770
density_balanced_nominal_load,use_charge_time_term_False,0,4,5,0.8,822,822,0,0.0,2.5908241275792947,1.0,1.5908241275792947,0.0,1000.0,0.0,1000.0,0,3.740127388535032,11048.353994101468,6957.6226574732045,0,0.10698856416772554,0.0,2124.7820834170084,785
density_balanced_nominal_load,use_charge_time_term_False,0,5,5,0.8,760,760,0,0.0,2.5793106837467796,1.0,1.5793106837467796,0.0,1000.0,0.0,1000.0,0,3.698611111111111,10052.115692460315,6373.317884428929,0,0.11484049930651873,0.0,2140.2766988948556,720
density_balanced_nominal_load,use_charge_time_term_False,0,6,5,0.8,861,861,0,0.0,2.5770777899513426,1.002,1.5750777899513428,0.0,1002.0,0.0,1002.0,0,3.733734939759036,11637.019648120378,7417.847162423121,0,0.11414868105515588,0.0,2066.9748215451477,830
density_balanced_nominal_load,use_charge_time_term_False,1,7,5,0.8,730,730,0,0.0,2.415482092461593,1.001,1.414482092461593,0.0,1001.0,0.0,1001.0,0,2.678373382624769,11345.195356418955,8030.167896989502,0,0.16768236380424745,0.0,1363.4494004581065,1082
density_balanced_nominal_load,use_charge_time_term_False,1,8,5,0.8,777,777,0,0.0,2.4398293376053735,0.999,1.4408293376053734,0.0,999.0,0.0,999.0,0,2.7089487402258907,12219.141359180985,8503.765416712657,0,0.15965367965367966,0.0,1352.0143727078487,1151
density_balanced_nominal_load,use_charge_time_term_False,1,9,5,0.8,794,794,0,0.0,2.422884489473856,1.002,1.420884489473856,0.0,1002.0,0.0,1002.0,0,2.648881239242685,12136.551629655629,8546.238899981303,0,0.16391752577319588,0.000998003992015968,1383.6877145708452,1162
density_balanced_nominal_load,use_charge_time_term_False,1,10,5,0.8,842,842,0,0.0,2.4272428105361543,1.001,1.4262428105361546,0.0,1001.0,0.0,1001.0,0,2.8390611902766136,13163.457152763995,9250.498621481876,0,0.16822742474916388,0.000999000999000999,1394.539381366497,1193
density_balanced_nominal_load,use_charge_time_term_False,1,11,5,0.8,796,796,0,0.0,2.4315415925203956,1.002,1.4295415925203954,0.0,1002.0,0.0,1002.0,0,2.727820844099914,12389.11205841716,8675.819896840665,0,0.16595012897678418,0.000998003992015968,1359.5917457330297,1161
density_balanced_nominal_load,use_charge_time_term_False,1,12,5,0.8,746,746,0,0.0,2.4274990055593446,1.0,1.4274990055593446,0.0,1000.0,0.0,1000.0,0,2.784331797235023,11820.256581218955,8280.395667656981,0,0.1638709677419355,0.0,1402.871244456104,1085
density_balanced_nominal_load,use_charge_time_term_False,2,13,5,0.8,802,802,0,0.0,2.639266701119044,1.001,1.638266701119044,0.0,1001.0,0.0,1001.0,0,3.199546485260771,10859.947219862268,6630.959748967961,0,0.09263873159682899,0.0,1885.0862962090423,882
density_balanced_nominal_load,use_charge_time_term_False,2,14,5,0.8,829,829,0,0.0,2.629438162198654,1.001,1.6284381621986543,0.0,1001.0,0.0,1001.0,0,3.0130260521042085,11603.55934546537,7135.810423677443,0,0.0986,0.0,1690.4750002431683,998
density_balanced_nominal_load,use_charge_time_term_False,2,15,5,0.8,788,788,0,0.0,2.62262419644989,1.001,1.62162419644989,0.0,1001.0,0.0,1001.0,0,3.1256952169076753,10797.691836475102,6666.788269116592,0,0.10543840177580466,0.0,1802.7992229123129,899
density_balanced_nominal_load,use_charge_time_term_False,2,16,5,0.8,776,776,0,0.0,2.634807170039882,1.002,1.6328071700398823,0.0,1002.0,0.0,1002.0,0,3.0936454849498327,10692.90485947423,6550.8275496766955,0,0.10244988864142539,0.0,1797.0105788576104,897
density_balanced_nominal_load,use_charge_time_term_False,2,17,5,0.8,850,850,0,0.0,2.6157569631030393,1.002,1.6137569631030395,0.0,1002.0,0.0,1002.0,0,3.2,11493.292172353638,7146.858192435556,0,0.09861554845580404,0.0,1832.3285405869228,935
density_balanced_nominal_load,use_charge_time_term_False,2,18,5,0.8,811,811,0,0.0,2.6515632632955297,1.001,1.6505632632955298,0.0,1001.0,0.0,1001.0,0,3.0989690721649485,11625.836433654826,7053.654567032621,0,0.09165808444902163,0.0,1694.5728130689433,970
density_balanced_nominal_load,use_charge_time_term_False,3,19,5,0.8,768,768,0,0.0,2.463096238353928,1.002,1.461096238353928,0.0,1002.0,0.0,1002.0,0,3.5480295566502464,10947.655844374192,7533.833539106728,0,0.15201958384332925,0.0,1882.8554469932467,812
density_balanced_nominal_load,use_charge_time_term_False,3,20,5,0.8,811,811,0,0.0,2.4804283625630004,0.999,1.4814283625630003,0.0,999.0,0.0,999.0,0,3.6707920792079207,11212.032219602486,7588.64384110487,0,0.13341553637484588,0.0,1986.6977792472087,808
density_balanced_nominal_load,use_charge_time_term_False,3,21,5,0.8,820,820,0,0.0,2.481541977794846,1.0,1.481541977794846,0.0,1000.0,0.0,1000.0,0,3.655131264916468,11548.138232059713,7794.675010995911,0,0.15489260143198091,0.0,1942.3416456588832,838
density_balanced_nominal_load,use_charge_time_term_False,3,22,5,0.8,778,778,0,0.0,2.475458870343499,0.997,1.4784588703434993,0.0,997.0,0.0,997.0,0,3.643037974683544,10862.624774662894,7372.062666035869,0,0.13997477931904162,0.0,1942.397603570762,790
density_balanced_nominal_load,use_charge_time_term_False,3,23,5,0.8,788,788,0,0.0,2.480554924220743,1.001,1.4795549242207435,0.0,1001.0,0.0,1001.0,0,3.1981460023174972,10616.621673746205,7184.5626228965575,0,0.13287037037037036,0.0,1844.4829856889555,863
density_balanced_nominal_load,use_charge_time_term_False,3,24,5,0.8,766,766,0,0.0,2.503449165576125,1.002,1.501449165576125,0.0,1002.0,0.0,1002.0,0,3.643489254108723,10890.258995392345,7255.385382657959,0,0.14494949494949494,0.0,1929.4579565258123,791
density_balanced_nominal_load,use_charge_time_term_False,4,25,5,0.8,782,782,0,0.0,2.5018291404053725,1.002,1.4998291404053723,0.0,1002.0,0.0,1002.0,0,3.352250489236791,13047.072325714465,8721.263847101665,0,0.131640625,0.0,1500.6424808916563,1022
density_balanced_nominal_load,use_charge_time_term_False,4,26,5,0.8,777,777,0,0.0,2.493559419256348,1.001,1.4925594192563485,0.0,1001.0,0.0,1001.0,0,3.1688931297709924,12813.119722324813,8591.362968124224,0,0.13994280266920878,0.0,1388.3761675727399,1048
density_balanced_nominal_load,use_charge_time_term_False,4,27,5,0.8,789,789,0,0.0,2.4892348831247837,1.001,1.4882348831247838,0.0,1001.0,0.0,1001.0,0,3.2546992481203008,13318.39345278643,8975.998079508443,0,0.14114339268978443,0.0,997.3918468776073,1064
density_balanced_nominal_load,use_charge_time_term_False,4,28,5,0.8,744,744,0,0.0,2.4933841634219283,1.001,1.4923841634219281,0.0,1001.0,0.0,1001.0,0,3.0285986653956147,12275.831414257813,8243.519585945593,0,0.14342857142857143,0.0,969.0546656271355,1049
density_balanced_nominal_load,use_charge_time_term_False,4,29,5,0.8,865,865,0,0.0,2.5101491659787056,1.0,1.5101491659787056,0.0,1000.0,0.0,1000.0,0,3.0224625623960066,14152.349284460879,9380.320127921294,0,0.14364089775561098,0.0,938.2442230686192,1202
density_balanced_nominal_load,use_charge_time_term_False,4,30,5,0.8,791,791,0,0.0,2.4840860022313587,1.002,1.482086002231359,0.0,1002.0,0.0,1002.0,0,3.170892018779343,12982.800032281819,8762.064648112864,0,0.13639774859287054,0.0,988.0403360774771,1065
density_abundant,baseline,0,1,10,0.8,785,785,0,0.0,2.023014123297866,1.001,1.022014123297866,0.0,1001.0,0.0,1001.0,0,31.05,7926.603997537195,7957.6760072316865,0,0.5258064516129032,0.04095904095904096,45.42983445008436,120
density_abundant,baseline,0,2,10,0.8,809,809,0,0.0,2.0082569356656266,1.002,1.0062569356656266,0.0,1002.0,0.0,1002.0,0,31.166666666666668,7983.303276614771,8127.670741453317,0,0.5588709677419355,0.09481037924151696,48.808882580018576,120
density_abundant,baseline,0,3,10,0.8,808,808,0,0.0,2.001529563927553,0.998,1.0035295639275534,0.0,998.0,0.0,998.0,0,31.206611570247933,8050.431071819585,8233.139428813294,0,0.5744,0.062,46.89520364627242,121
density_abundant,baseline,0,4,10,0.8,822,822,0,0.0,2.01565163271494,1.001,1.01465163271494,0.0,1001.0,0.0,1001.0,0,31.15447154471545,8148.320211672061,8177.364229308232,0,0.5377952755905512,0.13586413586413587,48.49605597775635,123
density_abundant,baseline,0,5,10,0.8,760,760,0,0.0,2.0167253595808967,1.001,1.015725359580897,0.0,1001.0,0.0,1001.0,0,31.054054054054053,7345.409269194854,7458.531733910424,0,0.5439655172413793,0.09490509490509491,49.59224516541922,111
density_abundant,baseline,0,6,10,0.8,861,861,0,0.0,1.996458030698185,1.001,0.9954580306981851,0.0,1001.0,0.0,1001.0,0,31.228346456692915,8460.328170329407,8733.928773334008,0,0.5734848484848485,0.09090909090909091,47.43939445523376,127
density_abundant,baseline,1,7,10,0.8,730,730,0,0.0,2.0061651254764907,1.002,1.0041651254764907,0.0,1002.0,0.0,1002.0,0,31.26126126126126,7389.178924735645,7408.18016800769,0,0.5910714285714286,0.04590818363273453,50.88124765149716,111
density_abundant,baseline,1,8,10,0.8,777,777,0,0.0,2.0191169316277335,1.0,1.0191169316277333,0.0,1000.0,0.0,1000.0,0,31.275229357798164,7294.625448504847,7424.414728164014,0,0.625438596491228,0.114,52.55438940877324,109
density_abundant,baseline,1,9,10,0.8,794,794,0,0.0,2.0111652085384994,1.002,1.0091652085384994,0.0,1002.0,0.0,1002.0,0,31.33050847457627,7908.488491997653,7943.678044357393,0,0.6368852459016393,0.1377245508982036,46.08852151384364,118
density_abundant,baseline,1,10,10,0.8,842,842,0,0.0,2.0118592767124914,1.002,1.0098592767124914,0.0,1002.0,0.0,1002.0,0,31.21951219512195,8179.430252211786,8270.348899281813,0,0.5811023622047244,0.08483033932135728,48.574021702089645,123
density_abundant,baseline,1,11,10,0.8,796,796,0,0.0,2.0213430320228465,1.001,1.0203430320228464,0.0,1001.0,0.0,1001.0,0,31.441666666666666,8068.944562259615,8048.298628196726,0,0.6284552845528455,0.24075924075924077,49.586181634870485,120
density_abundant,baseline,1,12,10,0.8,746,746,0,0.0,2.0224328015053725,1.001,1.0214328015053729,0.0,1001.0,0.0,1001.0,0,31.25438596491228,7610.776374713858,7562.606331508889,0,0.65,0.10589410589410589,54.17932095889259,114
density_abundant,baseline,2,13,10,0.8,802,802,0,0.0,2.0166213826213593,1.001,1.0156213826213591,0.0,1001.0,0.0,1001.0,0,31.316239316239315,7831.372413485054,7811.453901705643,0,0.6008403361344538,0.03896103896103896,51.60841138000373,117
density_abundant,baseline,2,14,10,0.8,829,829,0,0.0,2.0149226674869833,1.002,1.0129226674869836,0.0,1002.0,0.0,1002.0,0,31.3,8021.486392920821,8292.532000971387,0,0.6023255813953489,0.07984031936127745,50.18759822083074,120
density_abundant,baseline,2,15,10,0.8,788,788,0,0.0,2.016242333024721,1.002,1.0142423330247208,0.0,1002.0,0.0,1002.0,0,31.232758620689655,7722.153606690706,7805.526772209172,0,0.5791666666666667,0.11976047904191617,49.74251351086423,116
density_abundant,baseline,2,16,10,0.8,776,776,0,0.0,2.0201857972394257,1.002,1.0181857972394257,0.0,1002.0,0.0,1002.0,0,31.442477876106196,7601.991552943365,7575.277325710003,0,0.6137931034482759,0.16067864271457086,51.04223462945685,113
density_abundant,baseline,2,17,10,0.8,850,850,0,0.0,2.01487544550891,1.002,1.0128754455089102,0.0,1002.0,0.0,1002.0,0,31.1171875,8498.996853284885,8581.94201010287,0,0.5962121212121212,0.08582834331337326,46.68561582961543,128
density_abundant,baseline,2,18,10,0.8,811,811,0,0.0,2.016635244116717,1.001,1.0156352441167174,0.0,1001.0,0.0,1001.0,0,31.237704918032787,8134.840046957007,8147.0947122740845,0,0.5753968253968254,0.12687312687312688,46.39125998235411,122
density_abundant,baseline,3,19,10,0.8,768,768,0,0.0,2.0025264326970014,1.002,1.0005264326970014,0.0,1002.0,0.0,1002.0,0,31.110169491525422,7827.22334632256,7950.960740012659,0,0.5713114754098361,0.043912175648702596,49.17459627308074,118
density_abundant,baseline,3,20,10,0.8,811,811,0,0.0,2.012718988714391,1.0,1.012718988714391,0.0,1000.0,0.0,1000.0,0,31.024193548387096,8162.739198716712,8267.210342138487,0,0.5627906976744186,0.111,47.385265289033335,124
density_abundant,baseline,3,21,10,0.8,820,820,0,0.0,1.9976382072200076,1.0,0.9976382072200077,0.0,1000.0,0.0,1000.0,0,31.125,7951.8852828511635,8281.24689006973,0,0.5640625,0.06,47.91405262949411,120
density_abundant,baseline,3,22,10,0.8,778,778,0,0.0,1.9936605657104138,0.997,0.996660565710414,0.0,997.0,0.0,997.0,0,31.2,7645.490566082084,7819.447183666464,0,0.5638655462184874,0.061,50.07563149086943,115
density_abundant,baseline,3,23,10,0.8,788,788,0,0.0,2.0096487165630332,1.0,1.0096487165630335,0.0,1000.0,0.0,1000.0,0,30.891666666666666,7888.072767663416,7893.400938924995,0,0.5229508196721312,0.068,51.24180699836035,120
density_abundant,baseline,3,24,10,0.8,766,766,0,0.0,2.0130372319804444,1.002,1.0110372319804442,0.0,1002.0,0.0,1002.0,0,31.035087719298247,7516.6213048036625,7768.333027619342,0,0.5258333333333334,0.1377245508982036,51.478321256581694,114
density_abundant,baseline,4,25,10,0.8,782,782,0,0.0,2.0017310243024187,1.001,1.0007310243024188,0.0,1001.0,0.0,1001.0,0,31.213675213675213,7798.274309250953,8020.55645993478,0,0.6564516129032258,0.3146853146853147,53.66692869668646,117
density_abundant,baseline,4,26,10,0.8,777,777,0,0.0,2.0226747800051266,1.0,1.0226747800051268,0.0,1000.0,0.0,1000.0,0,31.358333333333334,8032.45671968789,7944.021952142444,0,0.6319672131147541,0.222,45.44263117809276,120
density_abundant,baseline,4,27,10,0.8,789,789,0,0.0,1.9969328479590278,1.001,0.9959328479590279,0.0,1001.0,0.0,1001.0,0,31.189655172413794,7718.4737380708175,7928.2034706423065,0,0.6311475409836066,0.11688311688311688,47.372952752487095,116
density_abundant,baseline,4,28,10,0.8,744,744,0,0.0,2.012818617749285,1.001,1.0118186177492852,0.0,1001.0,0.0,1001.0,0,31.309734513274336,7545.093290975145,7665.444941634703,0,0.6398305084745762,0.11388611388611389,50.201685013944065,113
density_abundant,baseline,4,29,10,0.8,865,865,0,0.0,1.9969079970316999,1.0,0.9969079970316999,0.0,1000.0,0.0,1000.0,0,31.106870229007633,8667.99952090434,8823.726555598141,0,0.5956204379562043,0.506,43.887590622379825,131
density_abundant,baseline,4,30,10,0.8,791,791,0,0.0,2.012739621657217,1.002,1.0107396216572173,0.0,1002.0,0.0,1002.0,0,31.1496062992126,8401.642739575747,8500.91149756598,0,0.6145038167938931,0.22554890219560877,44.73587681134125,127
density_abundant,jsq,0,1,10,0.8,785,785,0,0.0,2.0565798417320567,1.001,1.0555798417320565,0.0,1001.0,0.0,1001.0,0,31.720338983050848,8058.074943452774,7805.878048189143,0,0.4959016393442623,0.0,68.3508210311659,118
density_abundant,jsq,0,2,10,0.8,809,809,0,0.0,2.0489940330192518,1.001,1.047994033019252,0.0,1001.0,0.0,1001.0,0,31.89344262295082,8403.619497912048,8153.000081687614,0,0.5634920634920635,0.0,59.79126500379708,122
density_abundant,jsq,0,3,10,0.8,808,808,0,0.0,2.0337772573662782,0.997,1.0367772573662783,0.0,997.0,0.0,997.0,0,31.793388429752067,8316.14695976699,8151.59117450657,0,0.5637096774193548,0.0,55.55484864500261,121
density_abundant,jsq,0,4,10,0.8,822,822,0,0.0,2.0615067932638826,1.0,1.0615067932638826,0.0,1000.0,0.0,1000.0,0,31.793650793650794,8653.854896360852,8271.038839043893,0,0.5534883720930233,0.008,64.55581683968735,126
density_abundant,jsq,0,5,10,0.8,760,760,0,0.0,2.0438816768863015,1.001,1.0428816768863016,0.0,1001.0,0.0,1001.0,0,31.785714285714285,7685.824475545513,7513.877166921781,0,0.5672413793103448,0.0,59.94223816930477,112
density_abundant,jsq,0,6,10,0.8,861,861,0,0.0,2.039625955466753,1.003,1.0366259554667527,0.0,1003.0,0.0,1003.0,0,31.785714285714285,8642.96573769577,8575.676398244796,0,0.5712121212121212,0.0,55.14545553138085,126
density_abundant,jsq,1,7,10,0.8,730,730,0,0.0,2.0465141962207705,1.001,1.0455141962207704,0.0,1001.0,0.0,1001.0,0,31.845454545454544,7553.241660015229,7397.879445017336,0,0.612280701754386,0.0,60.627205305520384,110
density_abundant,jsq,1,8,10,0.8,777,777,0,0.0,2.0416270042638414,1.0,1.0416270042638414,0.0,1000.0,0.0,1000.0,0,31.862385321100916,7499.680767798717,7375.70195516036,0,0.6212389380530974,0.0,56.284959366198926,109
density_abundant,jsq,1,9,10,0.8,794,794,0,0.0,2.051558635206262,1.001,1.050558635206262,0.0,1001.0,0.0,1001.0,0,31.88135593220339,8132.47161674849,7860.801754814057,0,0.5983471074380166,0.002997002997002997,59.32067557476646,118
density_abundant,jsq,1,10,10,0.8,842,842,0,0.0,2.0514169948982346,1.001,1.050416994898235,0.0,1001.0,0.0,1001.0,0,31.80314960629921,8722.714499702703,8558.571648006084,0,0.5977443609022557,0.0,53.41653276192851,127
density_abundant,jsq,1,11,10,0.8,796,796,0,0.0,2.0498254030208267,1.001,1.0488254030208268,0.0,1001.0,0.0,1001.0,0,31.838709677419356,8524.456745737587,8184.829163188034,0,0.6236220472440945,0.011988011988011988,55.843303768389575,124
density_abundant,jsq,1,12,10,0.8,746,746,0,0.0,2.051708406697934,1.001,1.0507084066979342,0.0,1001.0,0.0,1001.0,0,31.6875,7632.030020115585,7368.59432754978,0,0.593859649122807,0.0,59.71930416611334,112
density_abundant,jsq,2,13,10,0.8,802,802,0,0.0,2.0466656257036338,1.001,1.0456656257036339,0.0,1001.0,0.0,1001.0,0,32.00833333333333,8315.312886714299,8055.719605858519,0,0.5926829268292683,0.0,55.136577400371316,120
density_abundant,jsq,2,14,10,0.8,829,829,0,0.0,2.0520739336334985,1.001,1.0510739336334984,0.0,1001.0,0.0,1001.0,0,31.830645161290324,8508.608790661317,8323.377652744017,0,0.6069767441860465,0.001998001998001998,55.376739446940114,124
density_abundant,jsq,2,15,10,0.8,788,788,0,0.0,2.057143724188296,1.002,1.0551437241882957,0.0,1002.0,0.0,1002.0,0,31.796610169491526,8080.672859445544,7821.90004191308,0,0.5611570247933885,0.0,67.70744606129024,118
density_abundant,jsq,2,16,10,0.8,776,776,0,0.0,2.062444752466975,1.001,1.0614447524669752,0.0,1001.0,0.0,1001.0,0,31.779661016949152,8088.776447700077,7767.161769415012,0,0.547107438016529,0.0,57.12893104550144,118
density_abundant,jsq,2,17,10,0.8,850,850,0,0.0,2.0356898343929717,1.002,1.0336898343929717,0.0,1002.0,0.0,1002.0,0,31.77952755905512,8713.696047684361,8602.915109942665,0,0.5946969696969697,0.0,54.44469085584084,127
density_abundant,jsq,2,18,10,0.8,811,811,0,0.0,2.0513255056991913,1.0,1.051325505699191,0.0,1000.0,0.0,1000.0,0,31.873949579831933,8183.60279595827,8061.239419387091,0,0.6008,0.0,54.69677783548832,119
density_abundant,jsq,3,19,10,0.8,768,768,0,0.0,2.0431973970109674,1.002,1.0411973970109674,0.0,1002.0,0.0,1002.0,0,31.811965811965813,8034.2235181478745,7915.699485022178,0,0.5702479338842975,0.0,54.50908937452992,117
density_abundant,jsq,3,20,10,0.8,811,811,0,0.0,2.045048537415733,1.0,1.0450485374157326,0.0,1000.0,0.0,1000.0,0,31.758064516129032,8482.797573658943,8297.724517102846,0,0.565625,0.025,57.80546416644938,124
density_abundant,jsq,3,21,10,0.8,820,820,0,0.0,2.0550429017907543,1.001,1.0540429017907544,0.0,1001.0,0.0,1001.0,0,31.90082644628099,8337.922420941992,8234.614113764974,0,0.517829457364341,0.0,55.98217221843296,121
density_abundant,jsq,3,22,10,0.8,778,778,0,0.0,2.0475956075077506,0.997,1.0505956075077507,0.0,997.0,0.0,997.0,0,31.88888888888889,8045.67182257024,7775.3278208907905,0,0.5508333333333333,0.0,59.56834841830035,117
density_abundant,jsq,3,23,10,0.8,788,788,0,0.0,2.0376298530874037,1.0,1.0376298530874037,0.0,1000.0,0.0,1000.0,0,31.862068965517242,7969.306934034155,7819.079229188448,0,0.5445378151260504,0.0,57.3352919382771,116
density_abundant,jsq,3,24,10,0.8,766,766,0,0.0,2.0462597590103875,1.002,1.0442597590103875,0.0,1002.0,0.0,1002.0,0,31.836206896551722,7954.032754244275,7744.3149137119335,0,0.5508474576271186,0.0,59.998308119001024,116
density_abundant,jsq,4,25,10,0.8,782,782,0,0.0,2.0330717424819813,1.001,1.0320717424819816,0.0,1001.0,0.0,1001.0,0,31.689075630252102,8129.926688373268,7991.631558974243,0,0.6319672131147541,0.0989010989010989,56.29344663933897,119
density_abundant,jsq,4,26,10,0.8,777,777,0,0.0,2.0385700973774687,1.0,1.0385700973774687,0.0,1000.0,0.0,1000.0,0,31.940677966101696,8128.813676749689,7884.71856431052,0,0.6546218487394958,0.055,52.43193385574748,118
density_abundant,jsq,4,27,10,0.8,789,789,0,0.0,2.0286799883037694,1.001,1.0276799883037695,0.0,1001.0,0.0,1001.0,0,31.781512605042018,8167.060614290627,8127.496028718398,0,0.6314516129032258,0.01998001998001998,55.56289960945686,119
density_abundant,jsq,4,28,10,0.8,744,744,0,0.0,2.0302317087433153,1.001,1.0292317087433154,0.0,1001.0,0.0,1001.0,0,31.808695652173913,7886.2794071054695,7871.9004471286335,0,0.6433333333333333,0.017982017982017984,59.43166858439023,115
density_abundant,jsq,4,29,10,0.8,865,865,0,0.0,2.046036181981821,1.001,1.0450361819818212,0.0,1001.0,0.0,1001.0,0,31.76153846153846,8892.978978054982,8811.184459400134,0,0.6306569343065693,0.06493506493506493,49.87372297888798,130
density_abundant,jsq,4,30,10,0.8,791,791,0,0.0,2.0294780891676374,1.002,1.0274780891676374,0.0,1002.0,0.0,1002.0,0,31.694214876033058,8270.050954505263,8201.337713648369,0,0.5991935483870968,0.011976047904191617,58.33145968931457,121
density_abundant,ours,0,1,10,0.8,785,785,0,0.0,2.256040237463364,1.0,1.256040237463364,0.0,1000.0,0.0,1000.0,0,2.7281993204983013,9443.224002273702,7526.211119927497,0,0.2161764705882353,0.004,1928.7788444799182,883
density_abundant,ours,0,2,10,0.8,809,809,0,0.0,2.2571578167787516,1.001,1.256157816778752,0.0,1001.0,0.0,1001.0,0,2.6584317937701396,9635.935313200938,7697.495105614385,0,0.2039572192513369,0.0,1901.2546535944914,931
density_abundant,ours,0,3,10,0.8,808,808,0,0.0,2.240472659633978,0.998,1.2424726596339783,0.0,998.0,0.0,998.0,0,2.8379578246392896,9950.16138469103,8032.499795714217,0,0.22964601769911505,0.021,1919.3811934370242,901
density_abundant,ours,0,4,10,0.8,822,822,0,0.0,2.246007947798483,1.001,1.245007947798483,0.0,1001.0,0.0,1001.0,0,2.532520325203252,9803.773471088272,7885.176011751866,0,0.20050709939148073,0.013986013986013986,1816.742696398378,984
density_abundant,ours,0,5,10,0.8,760,760,0,0.0,2.247281443429772,1.001,1.246281443429772,0.0,1001.0,0.0,1001.0,0,2.6760233918128655,9010.69998681855,7240.766816937585,0,0.21869158878504674,0.00999000999000999,1946.68446219511,855
density_abundant,ours,0,6,10,0.8,861,861,0,0.0,2.2288363248113887,1.001,1.2278363248113886,0.0,1001.0,0.0,1001.0,0,2.617148554336989,10329.090014129537,8461.298793815038,0,0.21665014866204163,0.003996003996003996,1822.5012888681474,1003
density_abundant,ours,1,7,10,0.8,730,730,0,0.0,2.277898881883553,1.002,1.2758988818835528,0.0,1002.0,0.0,1002.0,0,2.3223300970873786,9564.02666314794,7495.912723920931,0,0.2287378640776699,0.03493013972055888,1554.6338838972692,1030
density_abundant,ours,1,8,10,0.8,777,777,0,0.0,2.2975035185623556,1.0,1.2975035185623554,0.0,1000.0,0.0,1000.0,0,2.2988929889298895,10031.479296804588,7741.64577315912,0,0.22953081876724932,0.025,1570.009198538846,1084
density_abundant,ours,1,9,10,0.8,794,794,0,0.0,2.2836832114572627,1.002,1.2816832114572627,0.0,1002.0,0.0,1002.0,0,2.3007985803016857,10384.810585893989,8110.280678541904,0,0.23179805137289636,0.02594810379241517,1523.3632410048244,1127
density_abundant,ours,1,10,10,0.8,842,842,0,0.0,2.292477135557644,1.001,1.2914771355576442,0.0,1001.0,0.0,1001.0,0,2.4177323103154307,11361.209656790512,8815.133211946055,0,0.22414965986394558,0.030969030969030968,1538.6180263895662,1173
density_abundant,ours,1,11,10,0.8,796,796,0,0.0,2.2986985802329034,1.002,1.2966985802329032,0.0,1002.0,0.0,1002.0,0,2.3209876543209877,10530.248829008935,8141.379698109013,0,0.22576956904133685,0.054890219560878244,1508.7878618126435,1134
density_abundant,ours,1,12,10,0.8,746,746,0,0.0,2.285120252735791,1.001,1.2841202527357911,0.0,1001.0,0.0,1001.0,0,2.4546304957904583,10421.920507501385,8118.596228525559,0,0.2363551401869159,0.028971028971028972,1537.7146736979832,1069
density_abundant,ours,2,13,10,0.8,802,802,0,0.0,2.256500349631771,1.001,1.2555003496317712,0.0,1001.0,0.0,1001.0,0,2.3758262511803587,10067.979624586149,8021.752411994715,0,0.21056603773584906,0.022977022977022976,1664.2653778138272,1059
density_abundant,ours,2,14,10,0.8,829,829,0,0.0,2.240227413361949,1.001,1.239227413361949,0.0,1001.0,0.0,1001.0,0,2.456093189964158,10822.288502197885,8749.232292063924,0,0.22761394101876675,0.007992007992007992,1594.275782730387,1116
density_abundant,ours,2,15,10,0.8,788,788,0,0.0,2.2723573899309546,1.002,1.2703573899309548,0.0,1002.0,0.0,1002.0,0,2.3632119514472456,10124.971820373636,7983.295541415244,0,0.21053122087604847,0.011976047904191617,1610.764119281969,1071
density_abundant,ours,2,16,10,0.8,776,776,0,0.0,2.258659541212613,1.002,1.2566595412126131,0.0,1002.0,0.0,1002.0,0,2.367816091954023,9868.722335431201,7858.444294759455,0,0.22160611854684512,0.02594810379241517,1626.2646260124634,1044
density_abundant,ours,2,17,10,0.8,850,850,0,0.0,2.2452747495735457,1.001,1.2442747495735458,0.0,1001.0,0.0,1001.0,0,2.4872262773722627,10826.235047600476,8727.628994042572,0,0.21807447774750227,0.024975024975024976,1626.171390327213,1096
density_abundant,ours,2,18,10,0.8,811,811,0,0.0,2.2824544261799575,1.001,1.2814544261799576,0.0,1001.0,0.0,1001.0,0,2.4056776556776556,10464.259676971933,8181.531440197291,0,0.20894977168949772,0.03396603396603397,1601.5610962757441,1092
density_abundant,ours,3,19,10,0.8,768,768,0,0.0,2.2145899616619538,1.002,1.212589961661954,0.0,1002.0,0.0,1002.0,0,2.6379690949227372,9368.422960489383,7750.701603704137,0,0.2531868131868132,0.041916167664670656,1832.2849464551596,906
density_abundant,ours,3,20,10,0.8,811,811,0,0.0,2.217026687607518,1.0,1.2170266876075184,0.0,1000.0,0.0,1000.0,0,2.5650364203954212,9706.971008178552,8008.839171258433,0,0.23575129533678757,0.02,1792.6540938109506,961
density_abundant,ours,3,21,10,0.8,820,820,0,0.0,2.226795364671225,1.001,1.2257953646712252,0.0,1001.0,0.0,1001.0,0,2.5462962962962963,9726.972915058472,7951.549823058902,0,0.22533333333333333,0.02197802197802198,1717.9499491929816,972
density_abundant,ours,3,22,10,0.8,778,778,0,0.0,2.217002404962437,0.997,1.220002404962437,0.0,997.0,0.0,997.0,0,2.513918629550321,9277.710564750452,7631.9881503593715,0,0.24044823906083243,0.02,1777.291141739642,934
density_abundant,ours,3,23,10,0.8,788,788,0,0.0,2.227001385266912,1.001,1.2260013852669123,0.0,1001.0,0.0,1001.0,0,2.47781217750258,9499.179362868876,7761.692722282931,0,0.23422680412371133,0.014985014985014986,1769.9538148008287,969
density_abundant,ours,3,24,10,0.8,766,766,0,0.0,2.2238476174788673,1.001,1.2228476174788676,0.0,1001.0,0.0,1001.0,0,2.535300316122234,9510.849553542797,7777.624470619369,0,0.2482613277133825,0.03196803196803197,1784.2708119447368,949
density_abundant,ours,4,25,10,0.8,782,782,0,0.0,2.2356445720034235,1.002,1.2336445720034235,0.0,1002.0,0.0,1002.0,0,2.3819379115710255,10059.58551853484,8175.979057582969,0,0.25338345864661654,0.10878243512974052,1578.789943552583,1063
density_abundant,ours,4,26,10,0.8,777,777,0,0.0,2.216898534437138,1.0,1.2168985344371381,0.0,1000.0,0.0,1000.0,0,2.215004574565416,9831.057924179457,8078.781957549248,0,0.25645013723696247,0.09,1560.4259835663513,1093
density_abundant,ours,4,27,10,0.8,789,789,0,0.0,2.224744934115917,1.002,1.222744934115917,0.0,1002.0,0.0,1002.0,0,2.261927034611787,9740.57706369504,7982.512780354873,0,0.25563839701770735,0.07085828343313373,1608.581453132576,1069
density_abundant,ours,4,28,10,0.8,744,744,0,0.0,2.20293982645079,1.001,1.20193982645079,0.0,1001.0,0.0,1001.0,0,2.1435228331780056,9327.002325334206,7798.783920556045,0,0.26100278551532036,0.054945054945054944,1552.8342612442268,1073
density_abundant,ours,4,29,10,0.8,865,865,0,0.0,2.233684047186955,1.001,1.232684047186955,0.0,1001.0,0.0,1001.0,0,2.166802943581357,10781.15740974066,8759.603972362438,0,0.24975530179445352,0.08291708291708291,1506.2841764430182,1223
density_abundant,ours,4,30,10,0.8,791,791,0,0.0,2.212992347258825,1.002,1.2109923472588249,0.0,1002.0,0.0,1002.0,0,2.2358235823582358,9980.973982406495,8244.73196576302,0,0.24496402877697843,0.04590818363273453,1545.4366002290462,1111
density_abundant,B3_use_queue_term_False,0,1,10,0.8,785,785,0,0.0,2.2439839385209828,1.0,1.243983938520983,0.0,1000.0,0.0,1000.0,0,2.699205448354143,9353.659349564572,7527.154539227258,0,0.21315192743764172,0.0,1971.9990932138728,881
density_abundant,B3_use_queue_term_False,0,2,10,0.8,809,809,0,0.0,2.2408746587624124,1.001,1.2398746587624125,0.0,1001.0,0.0,1001.0,0,2.6578108395324125,9771.294725772172,7905.068997502376,0,0.21228813559322035,0.0,1856.036440770722,941
density_abundant,B3_use_queue_term_False,0,3,10,0.8,808,808,0,0.0,2.230961713085301,0.998,1.2329617130853008,0.0,998.0,0.0,998.0,0,2.8706411698537684,9941.102919949071,8092.521836422045,0,0.23531390134529148,0.0,1932.6146854914625,889
density_abundant,B3_use_queue_term_False,0,4,10,0.8,822,822,0,0.0,2.2239611673247617,1.001,1.2229611673247618,0.0,1001.0,0.0,1001.0,0,2.532994923857868,9771.766251422618,8006.604390261723,0,0.2043566362715299,0.0,1818.9754807687505,985
density_abundant,B3_use_queue_term_False,0,5,10,0.8,760,760,0,0.0,2.2452393411824128,1.001,1.2442393411824129,0.0,1001.0,0.0,1001.0,0,2.6387921022067364,8972.577315793438,7222.011354010769,0,0.21925754060324826,0.0,1929.0228538391268,861
density_abundant,B3_use_queue_term_False,0,6,10,0.8,861,861,0,0.0,2.225676687886499,1.001,1.224676687886499,0.0,1001.0,0.0,1001.0,0,2.5496031746031744,10154.12964781098,8340.266250546103,0,0.21518737672583826,0.0,1813.5937871856897,1008
density_abundant,B3_use_queue_term_False,1,7,10,0.8,730,730,0,0.0,2.258377630000256,1.002,1.256377630000256,0.0,1002.0,0.0,1002.0,0,2.3985943775100402,9521.4616183704,7578.5029843041,0,0.24528112449799197,0.0,1604.846285246537,996
density_abundant,B3_use_queue_term_False,1,8,10,0.8,777,777,0,0.0,2.2666876012925314,1.0,1.2666876012925317,0.0,1000.0,0.0,1000.0,0,2.3603431839847473,9884.456762296937,7813.915669127872,0,0.24182509505703423,0.0,1612.879086339832,1049
density_abundant,B3_use_queue_term_False,1,9,10,0.8,794,794,0,0.0,2.268558984771912,1.001,1.2675589847719122,0.0,1001.0,0.0,1001.0,0,2.2768014059753954,10429.856651458782,8230.930560339053,0,0.23634767339771728,0.0,1538.1582953564046,1138
density_abundant,B3_use_queue_term_False,1,10,10,0.8,842,842,0,0.0,2.274957059886696,1.001,1.273957059886696,0.0,1001.0,0.0,1001.0,0,2.4361702127659575,10961.939089527645,8617.720409799416,0,0.23185840707964603,0.0,1594.9928319180565,1128
density_abundant,B3_use_queue_term_False,1,11,10,0.8,796,796,0,0.0,2.270819372860943,1.001,1.269819372860943,0.0,1001.0,0.0,1001.0,0,2.428181818181818,10608.617389381394,8359.680347395259,0,0.24600725952813068,0.0,1540.2626134341115,1100
density_abundant,B3_use_queue_term_False,1,12,10,0.8,746,746,0,0.0,2.2724436086895468,1.001,1.2714436086895469,0.0,1001.0,0.0,1001.0,0,2.4043767840152235,10119.667542855415,7977.546787656867,0,0.24259962049335865,0.0,1555.0926948992085,1051
density_abundant,B3_use_queue_term_False,2,13,10,0.8,802,802,0,0.0,2.247893650448968,1.001,1.2468936504489683,0.0,1001.0,0.0,1001.0,0,2.337078651685393,10016.436138085182,8035.785143191721,0,0.20739008419083255,0.0,1661.862019960001,1068
density_abundant,B3_use_queue_term_False,2,14,10,0.8,829,829,0,0.0,2.234415402819767,1.001,1.2334154028197675,0.0,1001.0,0.0,1001.0,0,2.4520795660036168,10724.509808200555,8711.185042473426,0,0.2344454463480613,0.0,1608.7109097145242,1106
density_abundant,B3_use_queue_term_False,2,15,10,0.8,788,788,0,0.0,2.2583940541224408,1.002,1.2563940541224405,0.0,1002.0,0.0,1002.0,0,2.290174471992654,10036.344230125378,8001.479204558344,0,0.20219981668194317,0.0,1589.7456464045242,1089
density_abundant,B3_use_queue_term_False,2,16,10,0.8,776,776,0,0.0,2.2520053345853155,1.003,1.2490053345853154,0.0,1003.0,0.0,1003.0,0,2.3554274735830933,9786.477676492816,7848.760987408974,0,0.2199424736337488,0.0,1629.2468841680552,1041
density_abundant,B3_use_queue_term_False,2,17,10,0.8,850,850,0,0.0,2.240048665057835,1.001,1.239048665057835,0.0,1001.0,0.0,1001.0,0,2.467948717948718,10743.650155598934,8716.620361122632,0,0.22331511839708562,0.0,1662.4572856914938,1092
density_abundant,B3_use_queue_term_False,2,18,10,0.8,811,811,0,0.0,2.264905256582842,1.001,1.2639052565828421,0.0,1001.0,0.0,1001.0,0,2.4076137418755805,10308.910849633456,8172.219235450136,0,0.21046296296296296,0.0,1628.72777744067,1077
density_abundant,B3_use_queue_term_False,3,19,10,0.8,768,768,0,0.0,2.2083122033678197,1.003,1.2053122033678196,0.0,1003.0,0.0,1003.0,0,2.607497243660419,9308.329235706411,7753.174552005068,0,0.25835164835164837,0.0,1836.6506585472644,907
density_abundant,B3_use_queue_term_False,3,20,10,0.8,811,811,0,0.0,2.2104733171598685,1.0,1.2104733171598685,0.0,1000.0,0.0,1000.0,0,2.5020120724346078,9845.365726347873,8147.253023431563,0,0.23082329317269076,0.0,1744.6017060050156,994
density_abundant,B3_use_queue_term_False,3,21,10,0.8,820,820,0,0.0,2.209782920159732,1.001,1.2087829201597322,0.0,1001.0,0.0,1001.0,0,2.480558325024925,9813.9010661503,8140.889127980084,0,0.2188679245283019,0.0,1743.9754707660145,1003
density_abundant,B3_use_queue_term_False,3,22,10,0.8,778,778,0,0.0,2.2106722865670783,0.998,1.212672286567078,0.0,998.0,0.0,998.0,0,2.521598272138229,9239.449741761915,7649.318378246745,0,0.24359526372443488,0.0,1828.8675997410253,926
density_abundant,B3_use_queue_term_False,3,23,10,0.8,788,788,0,0.0,2.2195578975676504,1.001,1.2185578975676508,0.0,1001.0,0.0,1001.0,0,2.3958115183246074,9126.171545267754,7502.998610229206,0,0.22740585774058578,0.0,1785.5144342700814,955
density_abundant,B3_use_queue_term_False,3,24,10,0.8,766,766,0,0.0,2.2091850881790323,1.001,1.2081850881790324,0.0,1001.0,0.0,1001.0,0,2.544262295081967,9164.403881259825,7585.264849669532,0,0.25420765027322406,0.0,1831.677049217756,915
density_abundant,B3_use_queue_term_False,4,25,10,0.8,782,782,0,0.0,2.2182149710464723,1.003,1.2152149710464726,0.0,1003.0,0.0,1003.0,0,2.2863805970149254,9795.102651074603,8060.386750040647,0,0.23908582089552238,0.0,1597.9607281346334,1072
density_abundant,B3_use_queue_term_False,4,26,10,0.8,777,777,0,0.0,2.2103416940949767,1.0,1.2103416940949765,0.0,1000.0,0.0,1000.0,0,2.1981395348837207,9617.204883188977,7945.859363606907,0,0.26027906976744186,0.0,1589.3217656479846,1075
density_abundant,B3_use_queue_term_False,4,27,10,0.8,789,789,0,0.0,2.2138609505838636,1.002,1.2118609505838636,0.0,1002.0,0.0,1002.0,0,2.1874431301182895,9723.020459779995,8056.22167714512,0,0.2509502262443439,0.0,1571.9821731922348,1099
density_abundant,B3_use_queue_term_False,4,28,10,0.8,744,744,0,0.0,2.193652669941117,1.001,1.1926526699411168,0.0,1001.0,0.0,1001.0,0,2.1158878504672898,9209.655720493889,7741.557359094797,0,0.25638397017707365,0.0,1563.8023296992562,1070
density_abundant,B3_use_queue_term_False,4,29,10,0.8,865,865,0,0.0,2.212770661034751,1.001,1.211770661034751,0.0,1001.0,0.0,1001.0,0,2.143092105263158,10644.312615965637,8797.852287930522,0,0.25069729286300246,0.0,1519.355947433316,1216
density_abundant,B3_use_queue_term_False,4,30,10,0.8,791,791,0,0.0,2.2104339903973447,1.002,1.2084339903973447,0.0,1002.0,0.0,1002.0,0,2.166967509025271,9723.937568510184,8049.484687735838,0,0.239404869251578,0.0,1567.6097382876999,1108
density_abundant,use_reservation_False,0,1,10,0.8,785,785,0,0.0,2.2439839385209828,1.0,1.243983938520983,0.0,1000.0,0.0,1000.0,0,2.699205448354143,9353.659349564572,7527.154539227258,0,0.21315192743764172,0.0,1966.3481851944662,881
density_abundant,use_reservation_False,0,2,10,0.8,809,809,0,0.0,2.2408746587624124,1.001,1.2398746587624125,0.0,1001.0,0.0,1001.0,0,2.6578108395324125,9771.294725772172,7905.068997502376,0,0.21228813559322035,0.0,1855.5870761486142,941
density_abundant,use_reservation_False,0,3,10,0.8,808,808,0,0.0,2.230961713085301,0.998,1.2329617130853008,0.0,998.0,0.0,998.0,0,2.8706411698537684,9941.102919949071,8092.521836422045,0,0.23531390134529148,0.0,1943.8123323817867,889
density_abundant,use_reservation_False,0,4,10,0.8,822,822,0,0.0,2.2239611673247617,1.001,1.2229611673247618,0.0,1001.0,0.0,1001.0,0,2.532994923857868,9771.766251422618,8006.604390261723,0,0.2043566362715299,0.0,1841.1524812153068,985
density_abundant,use_reservation_False,0,5,10,0.8,760,760,0,0.0,2.2452393411824128,1.001,1.2442393411824129,0.0,1001.0,0.0,1001.0,0,2.6387921022067364,8972.577315793438,7222.011354010769,0,0.21925754060324826,0.0,1937.8337582758047,861
density_abundant,use_reservation_False,0,6,10,0.8,861,861,0,0.0,2.225676687886499,1.001,1.224676687886499,0.0,1001.0,0.0,1001.0,0,2.5496031746031744,10154.12964781098,8340.266250546103,0,0.21518737672583826,0.0,1817.1124259943117,1008
density_abundant,use_reservation_False,1,7,10,0.8,730,730,0,0.0,2.258377630000256,1.002,1.256377630000256,0.0,1002.0,0.0,1002.0,0,2.3985943775100402,9521.4616183704,7578.5029843041,0,0.24528112449799197,0.0,1628.507127149412,996
density_abundant,use_reservation_False,1,8,10,0.8,777,777,0,0.0,2.2666876012925314,1.0,1.2666876012925317,0.0,1000.0,0.0,1000.0,0,2.3603431839847473,9884.456762296937,7813.915669127872,0,0.24182509505703423,0.0,1616.14962026854,1049
density_abundant,use_reservation_False,1,9,10,0.8,794,794,0,0.0,2.268558984771912,1.001,1.2675589847719122,0.0,1001.0,0.0,1001.0,0,2.2768014059753954,10429.856651458782,8230.930560339053,0,0.23634767339771728,0.0,1530.8144865692466,1138
density_abundant,use_reservation_False,1,10,10,0.8,842,842,0,0.0,2.274957059886696,1.001,1.273957059886696,0.0,1001.0,0.0,1001.0,0,2.4361702127659575,10961.939089527645,8617.720409799416,0,0.23185840707964603,0.0,1592.5604436418816,1128
density_abundant,use_reservation_False,1,11,10,0.8,796,796,0,0.0,2.270819372860943,1.001,1.269819372860943,0.0,1001.0,0.0,1001.0,0,2.428181818181818,10608.617389381394,8359.680347395259,0,0.24600725952813068,0.0,1553.3597101017956,1100
density_abundant,use_reservation_False,1,12,10,0.8,746,746,0,0.0,2.2724436086895468,1.001,1.2714436086895469,0.0,1001.0,0.0,1001.0,0,2.4043767840152235,10119.667542855415,7977.546787656867,0,0.24259962049335865,0.0,1551.7960153312458,1051
density_abundant,use_reservation_False,2,13,10,0.8,802,802,0,0.0,2.247893650448968,1.001,1.2468936504489683,0.0,1001.0,0.0,1001.0,0,2.337078651685393,10016.436138085182,8035.785143191721,0,0.20739008419083255,0.0,1639.62338572774,1068
density_abundant,use_reservation_False,2,14,10,0.8,829,829,0,0.0,2.234415402819767,1.001,1.2334154028197675,0.0,1001.0,0.0,1001.0,0,2.4520795660036168,10724.509808200555,8711.185042473426,0,0.2344454463480613,0.0,1607.5587921504628,1106
density_abundant,use_reservation_False,2,15,10,0.8,788,788,0,0.0,2.2583940541224408,1.002,1.2563940541224405,0.0,1002.0,0.0,1002.0,0,2.290174471992654,10036.344230125378,8001.479204558344,0,0.20219981668194317,0.0,1597.248028778564,1089
density_abundant,use_reservation_False,2,16,10,0.8,776,776,0,0.0,2.2520053345853155,1.003,1.2490053345853154,0.0,1003.0,0.0,1003.0,0,2.3554274735830933,9786.477676492816,7848.760987408974,0,0.2199424736337488,0.0,1635.5795787682189,1041
density_abundant,use_reservation_False,2,17,10,0.8,850,850,0,0.0,2.240048665057835,1.001,1.239048665057835,0.0,1001.0,0.0,1001.0,0,2.467948717948718,10743.650155598934,8716.620361122632,0,0.22331511839708562,0.0,1655.842622662326,1092
density_abundant,use_reservation_False,2,18,10,0.8,811,811,0,0.0,2.264905256582842,1.001,1.2639052565828421,0.0,1001.0,0.0,1001.0,0,2.4076137418755805,10308.910849633456,8172.219235450136,0,0.21046296296296296,0.0,1626.3208335321567,1077
density_abundant,use_reservation_False,3,19,10,0.8,768,768,0,0.0,2.2083122033678197,1.003,1.2053122033678196,0.0,1003.0,0.0,1003.0,0,2.607497243660419,9308.329235706411,7753.174552005068,0,0.25835164835164837,0.0,1844.976154273724,907
density_abundant,use_reservation_False,3,20,10,0.8,811,811,0,0.0,2.2104733171598685,1.0,1.2104733171598685,0.0,1000.0,0.0,1000.0,0,2.5020120724346078,9845.365726347873,8147.253023431563,0,0.23082329317269076,0.0,1766.2726913183276,994
density_abundant,use_reservation_False,3,21,10,0.8,820,820,0,0.0,2.209782920159732,1.001,1.2087829201597322,0.0,1001.0,0.0,1001.0,0,2.480558325024925,9813.9010661503,8140.889127980084,0,0.2188679245283019,0.0,1734.4291949558674,1003
density_abundant,use_reservation_False,3,22,10,0.8,778,778,0,0.0,2.2106722865670783,0.998,1.212672286567078,0.0,998.0,0.0,998.0,0,2.521598272138229,9239.449741761915,7649.318378246745,0,0.24359526372443488,0.0,1811.8631860478886,926
density_abundant,use_reservation_False,3,23,10,0.8,788,788,0,0.0,2.2195578975676504,1.001,1.2185578975676508,0.0,1001.0,0.0,1001.0,0,2.3958115183246074,9126.171545267754,7502.998610229206,0,0.22740585774058578,0.0,1800.44780378415,955
density_abundant,use_reservation_False,3,24,10,0.8,766,766,0,0.0,2.2091850881790323,1.001,1.2081850881790324,0.0,1001.0,0.0,1001.0,0,2.544262295081967,9164.403881259825,7585.264849669532,0,0.25420765027322406,0.0,1821.7187984897423,915
density_abundant,use_reservation_False,4,25,10,0.8,782,782,0,0.0,2.2182149710464723,1.003,1.2152149710464726,0.0,1003.0,0.0,1003.0,0,2.2863805970149254,9795.102651074603,8060.386750040647,0,0.23908582089552238,0.0,1615.3975746202555,1072
density_abundant,use_reservation_False,4,26,10,0.8,777,777,0,0.0,2.2103416940949767,1.0,1.2103416940949765,0.0,1000.0,0.0,1000.0,0,2.1981395348837207,9617.204883188977,7945.859363606907,0,0.26027906976744186,0.0,1595.2844650831162,1075
density_abundant,use_reservation_False,4,27,10,0.8,789,789,0,0.0,2.2138609505838636,1.002,1.2118609505838636,0.0,1002.0,0.0,1002.0,0,2.1874431301182895,9723.020459779995,8056.22167714512,0,0.2509502262443439,0.0,1580.7426238550522,1099
density_abundant,use_reservation_False,4,28,10,0.8,744,744,0,0.0,2.193652669941117,1.001,1.1926526699411168,0.0,1001.0,0.0,1001.0,0,2.1158878504672898,9209.655720493889,7741.557359094797,0,0.25638397017707365,0.0,1573.9705501461033,1070
density_abundant,use_reservation_False,4,29,10,0.8,865,865,0,0.0,2.212770661034751,1.001,1.211770661034751,0.0,1001.0,0.0,1001.0,0,2.143092105263158,10644.312615965637,8797.852287930522,0,0.25069729286300246,0.0,1535.587284371709,1216
density_abundant,use_reservation_False,4,30,10,0.8,791,791,0,0.0,2.2104339903973447,1.002,1.2084339903973447,0.0,1002.0,0.0,1002.0,0,2.166967509025271,9723.937568510184,8049.484687735838,0,0.239404869251578,0.0,1570.9530207352852,1108
density_abundant,use_priority_False,0,1,10,0.8,785,785,0,0.0,2.2555914343518024,1.0,1.2555914343518026,0.0,1000.0,0.0,1000.0,0,2.7563218390804596,9412.28973979369,7504.264111723076,0,0.21572904707233065,0.012,1969.1032149008852,870
density_abundant,use_priority_False,0,2,10,0.8,809,809,0,0.0,2.25013627103962,1.001,1.24913627103962,0.0,1001.0,0.0,1001.0,0,2.650526315789474,9846.90139094916,7906.984706102803,0,0.2099685204616999,0.000999000999000999,1835.0198315353898,950
density_abundant,use_priority_False,0,3,10,0.8,808,808,0,0.0,2.238809919924349,0.998,1.2408099199243492,0.0,998.0,0.0,998.0,0,2.8257993384785007,9988.078483689318,8073.822043830457,0,0.23076923076923078,0.026,1902.1591207442375,907
density_abundant,use_priority_False,0,4,10,0.8,822,822,0,0.0,2.2462567716654203,1.001,1.2452567716654206,0.0,1001.0,0.0,1001.0,0,2.570408163265306,9837.633293478346,7916.145101780125,0,0.20122199592668025,0.00999000999000999,1809.0472504251888,980
density_abundant,use_priority_False,0,5,10,0.8,760,760,0,0.0,2.2441184570730153,1.001,1.2431184570730156,0.0,1001.0,0.0,1001.0,0,2.705399061032864,9069.279492240068,7306.313226945675,0,0.22332942555685814,0.00999000999000999,1963.480774085021,852
density_abundant,use_priority_False,0,6,10,0.8,861,861,0,0.0,2.2280682459518246,1.001,1.2270682459518247,0.0,1001.0,0.0,1001.0,0,2.613131313131313,10149.120618500896,8319.928946234897,0,0.21977911646586346,0.004995004995004995,1842.900602033373,990
density_abundant,use_priority_False,1,7,10,0.8,730,730,0,0.0,2.2723959835274314,1.002,1.2703959835274317,0.0,1002.0,0.0,1002.0,0,2.3751233958538993,9600.777232152557,7557.310757149994,0,0.23672260612043436,0.04291417165668663,1578.0148064204643,1013
density_abundant,use_priority_False,1,8,10,0.8,777,777,0,0.0,2.295526368197552,1.0,1.2955263681975524,0.0,1000.0,0.0,1000.0,0,2.3458371454711804,10261.858218900254,7920.995257840128,0,0.23482632541133455,0.032,1544.9763249186203,1093
density_abundant,use_priority_False,1,9,10,0.8,794,794,0,0.0,2.2782489765915557,1.002,1.2762489765915557,0.0,1002.0,0.0,1002.0,0,2.297891036906854,10459.454368624174,8200.68907184693,0,0.2305263157894737,0.03792415169660679,1511.7128074818634,1138
density_abundant,use_priority_False,1,10,10,0.8,842,842,0,0.0,2.294982399967168,1.001,1.2939823999671682,0.0,1001.0,0.0,1001.0,0,2.472711267605634,11162.715996488156,8644.668837925927,0,0.22768014059753955,0.04595404595404595,1571.6435849504555,1136
density_abundant,use_priority_False,1,11,10,0.8,796,796,0,0.0,2.292622786099879,1.002,1.2906227860998791,0.0,1002.0,0.0,1002.0,0,2.4061096136567834,10638.055370814938,8260.654328260513,0,0.23476702508960573,0.043912175648702596,1517.7740150579423,1113
density_abundant,use_priority_False,1,12,10,0.8,746,746,0,0.0,2.3008609930296826,1.001,1.2998609930296825,0.0,1001.0,0.0,1001.0,0,2.3591874422899353,10244.828223621074,7917.381124192356,0,0.22796688132474702,0.028971028971028972,1514.1112231795112,1083
density_abundant,use_priority_False,2,13,10,0.8,802,802,0,0.0,2.2557795436512267,1.001,1.254779543651227,0.0,1001.0,0.0,1001.0,0,2.392620624408704,10148.539531129089,8090.562932609922,0,0.21172022684310018,0.025974025974025976,1665.213894477952,1057
density_abundant,use_priority_False,2,14,10,0.8,829,829,0,0.0,2.2386351158303057,1.002,1.2366351158303057,0.0,1002.0,0.0,1002.0,0,2.441016333938294,10680.6747720858,8655.752993259912,0,0.23694670280036134,0.0249500998003992,1610.4676602462976,1102
density_abundant,use_priority_False,2,15,10,0.8,788,788,0,0.0,2.265868951656061,1.001,1.2648689516560612,0.0,1001.0,0.0,1001.0,0,2.3808193668528865,10217.994795205099,8086.2090747134125,0,0.2128252788104089,0.012987012987012988,1613.7963761017247,1074
density_abundant,use_priority_False,2,16,10,0.8,776,776,0,0.0,2.2602161858746506,1.002,1.2582161858746506,0.0,1002.0,0.0,1002.0,0,2.425166825548141,10079.975526911381,8027.217929874086,0,0.2223384030418251,0.022954091816367265,1619.6350758596936,1049
density_abundant,use_priority_False,2,17,10,0.8,850,850,0,0.0,2.2512375884673093,1.002,1.249237588467309,0.0,1002.0,0.0,1002.0,0,2.48,10831.489451495316,8686.489705139546,0,0.21751361161524502,0.036926147704590816,1647.4773146646492,1100
density_abundant,use_priority_False,2,18,10,0.8,811,811,0,0.0,2.2771668741923508,1.0,1.277166874192351,0.0,1000.0,0.0,1000.0,0,2.407169117647059,10423.889256761835,8174.778201971632,0,0.2079816513761468,0.023,1605.8376160399016,1088
density_abundant,use_priority_False,3,19,10,0.8,768,768,0,0.0,2.2130093331215503,1.002,1.2110093331215501,0.0,1002.0,0.0,1002.0,0,2.636963696369637,9419.384960626488,7830.4254431435365,0,0.2573770491803279,0.04091816367265469,1844.1150819277136,909
density_abundant,use_priority_False,3,20,10,0.8,811,811,0,0.0,2.2212877061359184,1.0,1.2212877061359184,0.0,1000.0,0.0,1000.0,0,2.57201646090535,9835.571952261082,8067.090636733806,0,0.23716632443531827,0.018,1778.6981508415956,972
density_abundant,use_priority_False,3,21,10,0.8,820,820,0,0.0,2.2183777530350746,1.001,1.2173777530350745,0.0,1001.0,0.0,1001.0,0,2.586519114688129,10124.779498119216,8333.304492238676,0,0.2287863590772317,0.01998001998001998,1744.54353132529,994
density_abundant,use_priority_False,3,22,10,0.8,778,778,0,0.0,2.215362648819841,0.997,1.218362648819841,0.0,997.0,0.0,997.0,0,2.600872410032715,9381.536125205186,7719.269355185771,0,0.25070729053318824,0.025,1807.7897715738998,917
density_abundant,use_priority_False,3,23,10,0.8,788,788,0,0.0,2.2267582948841156,1.001,1.225758294884116,0.0,1001.0,0.0,1001.0,0,2.3876923076923076,9294.11638862199,7595.93722037049,0,0.22674180327868854,0.01898101898101898,1768.648155776929,975
density_abundant,use_priority_False,3,24,10,0.8,766,766,0,0.0,2.2279635673081852,1.001,1.2269635673081853,0.0,1001.0,0.0,1001.0,0,2.5570971184631803,9436.651071623948,7691.060535991541,0,0.24919957310565635,0.03196803196803197,1762.8656351628733,937
density_abundant,use_priority_False,4,25,10,0.8,782,782,0,0.0,2.234587735434581,1.002,1.2325877354345809,0.0,1002.0,0.0,1002.0,0,2.375813953488372,10159.993150497334,8264.450086850658,0,0.254182156133829,0.1187624750499002,1575.5210036206747,1075
density_abundant,use_priority_False,4,26,10,0.8,777,777,0,0.0,2.2172671392196093,1.0,1.2172671392196093,0.0,1000.0,0.0,1000.0,0,2.2043996333638862,9768.329353342393,8024.8032979879,0,0.2552703941338222,0.072,1559.7844176894134,1091
density_abundant,use_priority_False,4,27,10,0.8,789,789,0,0.0,2.215944245288023,1.002,1.213944245288023,0.0,1002.0,0.0,1002.0,0,2.217511520737327,9725.869560627736,8036.505464311892,0,0.25110091743119267,0.07285429141716566,1581.9253214130845,1085
density_abundant,use_priority_False,4,28,10,0.8,744,744,0,0.0,2.2004263408156524,1.001,1.1994263408156525,0.0,1001.0,0.0,1001.0,0,2.174484052532833,9388.696440718799,7847.109450381994,0,0.27072029934518244,0.05194805194805195,1555.167819480904,1066
density_abundant,use_priority_False,4,29,10,0.8,865,865,0,0.0,2.226095269396494,1.001,1.225095269396494,0.0,1001.0,0.0,1001.0,0,2.201995012468828,10764.832301194727,8814.143605212676,0,0.2570008285004142,0.0969030969030969,1515.507374034829,1203
density_abundant,use_priority_False,4,30,10,0.8,791,791,0,0.0,2.212615881335126,1.002,1.210615881335126,0.0,1002.0,0.0,1002.0,0,2.2309782608695654,9935.201650358526,8209.486705833198,0,0.24497737556561086,0.04890219560878244,1554.2655190288583,1104
density_abundant,use_partial_False,0,1,10,0.8,785,785,0,0.0,2.0460013279252136,1.001,1.0450013279252135,0.0,1001.0,0.0,1001.0,0,28.411347517730498,8091.920266101105,7932.137518792519,0,0.11172413793103449,0.000999000999000999,10145.56551336086,141
density_abundant,use_partial_False,0,2,10,0.8,809,809,0,0.0,2.0457178387485957,1.001,1.0447178387485958,0.0,1001.0,0.0,1001.0,0,28.80851063829787,8290.10626532803,8124.020886443984,0,0.1836734693877551,0.0,10084.678232828219,141
density_abundant,use_partial_False,0,3,10,0.8,808,808,0,0.0,2.045196345343766,0.997,1.0481963453437657,0.0,997.0,0.0,997.0,0,28.655172413793103,8447.800800917363,8280.674052883867,0,0.19072847682119207,0.013,9814.992707780877,145
density_abundant,use_partial_False,0,4,10,0.8,822,822,0,0.0,2.0346807542452496,1.0,1.0346807542452496,0.0,1000.0,0.0,1000.0,0,28.697986577181208,8695.58279114514,8526.565974867035,0,0.16842105263157894,0.0,9872.856583617824,149
density_abundant,use_partial_False,0,5,10,0.8,760,760,0,0.0,2.022262524525278,1.0,1.022262524525278,0.0,1000.0,0.0,1000.0,0,28.5,7962.113219441851,7931.855486415478,0,0.13404255319148936,0.0,9945.536177218992,138
density_abundant,use_partial_False,0,6,10,0.8,861,861,0,0.0,2.0328792551231225,1.001,1.0318792551231226,0.0,1001.0,0.0,1001.0,0,28.580645161290324,8982.816661994082,8866.95535059673,0,0.15,0.0,9609.72311477235,155
density_abundant,use_partial_False,1,7,10,0.8,730,730,0,0.0,2.0313784993726642,1.002,1.0293784993726642,0.0,1002.0,0.0,1002.0,0,28.8359375,7507.621431039329,7386.608615900584,0,0.26692307692307693,0.003992015968063872,10605.290008243173,128
density_abundant,use_partial_False,1,8,10,0.8,777,777,0,0.0,2.04396466865691,1.0,1.04396466865691,0.0,1000.0,0.0,1000.0,0,28.8,7932.8358610856185,7695.273164073176,0,0.23115942028985506,0.02,10493.778984696753,135
density_abundant,use_partial_False,1,9,10,0.8,794,794,0,0.0,2.0402247656544388,1.002,1.0382247656544388,0.0,1002.0,0.0,1002.0,0,29.12857142857143,8354.397989702366,8130.951725704468,0,0.2783216783216783,0.000998003992015968,10034.402796975824,140
density_abundant,use_partial_False,1,10,10,0.8,842,842,0,0.0,2.0496879696298933,1.002,1.0476879696298935,0.0,1002.0,0.0,1002.0,0,28.73548387096774,9051.17072766206,8827.000969160428,0,0.20943396226415095,0.001996007984031936,9574.77358081993,155
density_abundant,use_partial_False,1,11,10,0.8,796,796,0,0.0,2.0364252177601014,1.001,1.0354252177601015,0.0,1001.0,0.0,1001.0,0,28.93006993006993,8450.096668200544,8251.46965959549,0,0.24421768707482994,0.02197802197802198,9525.385031517797,143
density_abundant,use_partial_False,1,12,10,0.8,746,746,0,0.0,2.0234118798899203,1.001,1.0224118798899204,0.0,1001.0,0.0,1001.0,0,28.727272727272727,7719.035015577773,7647.6788862931535,0,0.24402985074626865,0.00999000999000999,10513.548507726988,132
density_abundant,use_partial_False,2,13,10,0.8,802,802,0,0.0,2.0294020363466503,1.001,1.0284020363466502,0.0,1001.0,0.0,1001.0,0,28.444444444444443,8284.553686872583,8078.442794336634,0,0.16827586206896553,0.0,10348.50206683743,144
density_abundant,use_partial_False,2,14,10,0.8,829,829,0,0.0,2.0374787854056375,1.002,1.0354787854056375,0.0,1002.0,0.0,1002.0,0,28.818791946308725,8744.098519489231,8561.32468064528,0,0.20394736842105263,0.0,9895.551328219497,149
density_abundant,use_partial_False,2,15,10,0.8,788,788,0,0.0,2.0439501195511447,1.002,1.0419501195511445,0.0,1002.0,0.0,1002.0,0,28.53191489361702,8153.731166693282,7967.718487768445,0,0.17083333333333334,0.012974051896207584,10216.125701440938,141
density_abundant,use_partial_False,2,16,10,0.8,776,776,0,0.0,2.044748919773809,1.001,1.043748919773809,0.0,1001.0,0.0,1001.0,0,28.642335766423358,7988.393711631594,7907.4405886444365,0,0.2119718309859155,0.012987012987012988,10157.58662546893,137
density_abundant,use_partial_False,2,17,10,0.8,850,850,0,0.0,2.0419395366021282,1.002,1.0399395366021285,0.0,1002.0,0.0,1002.0,0,28.62987012987013,8956.886072661993,8840.751019629304,0,0.204375,0.0029940119760479044,9536.409372230992,154
density_abundant,use_partial_False,2,18,10,0.8,811,811,0,0.0,2.0415400434084257,1.001,1.0405400434084258,0.0,1001.0,0.0,1001.0,0,28.767123287671232,8558.482586127442,8334.185510756326,0,0.22666666666666666,0.013986013986013986,9817.157333406309,146
density_abundant,use_partial_False,3,19,10,0.8,768,768,0,0.0,2.021823990832462,1.002,1.0198239908324616,0.0,1002.0,0.0,1002.0,0,28.61764705882353,7903.792549023549,7957.876148526032,0,0.19357142857142856,0.0,10205.220718385784,136
density_abundant,use_partial_False,3,20,10,0.8,811,811,0,0.0,2.0287654244588995,0.999,1.0297654244588996,0.0,999.0,0.0,999.0,0,28.708333333333332,8389.762420142355,8285.762127162157,0,0.1864864864864865,0.0,10031.048651325289,144
density_abundant,use_partial_False,3,21,10,0.8,820,820,0,0.0,2.0196732492372025,1.0,1.0196732492372025,0.0,1000.0,0.0,1000.0,0,28.889655172413793,8559.031805433764,8577.188017491937,0,0.2348993288590604,0.0,9815.628187584021,145
density_abundant,use_partial_False,3,22,10,0.8,778,778,0,0.0,2.0184824091072606,0.998,1.0204824091072604,0.0,998.0,0.0,998.0,0,28.7007299270073,7997.45870028118,7993.635866702078,0,0.18652482269503545,0.009,10084.826945069623,137
density_abundant,use_partial_False,3,23,10,0.8,788,788,0,0.0,2.0218496124446643,1.0,1.021849612444664,0.0,1000.0,0.0,1000.0,0,28.89051094890511,8085.380404999347,7965.796659542127,0,0.20434782608695654,0.002,10522.48550864085,137
density_abundant,use_partial_False,3,24,10,0.8,766,766,0,0.0,2.0409868489848746,1.001,1.0399868489848747,0.0,1001.0,0.0,1001.0,0,28.56338028169014,8235.591450919273,7975.159845217346,0,0.17202797202797201,0.004995004995004995,9840.958044291116,142
density_abundant,use_partial_False,4,25,10,0.8,782,782,0,0.0,2.038018355282488,1.002,1.0360183552824878,0.0,1002.0,0.0,1002.0,0,28.739436619718308,8306.798175488942,8250.794146794415,0,0.24421768707482994,0.0029940119760479044,9769.251017726729,142
density_abundant,use_partial_False,4,26,10,0.8,777,777,0,0.0,2.037914222229796,1.0,1.037914222229796,0.0,1000.0,0.0,1000.0,0,28.900709219858157,8299.497891776111,8048.521204330466,0,0.24929577464788732,0.014,10034.416191866885,141
density_abundant,use_partial_False,4,27,10,0.8,789,789,0,0.0,2.0248733899223557,1.002,1.0228733899223557,0.0,1002.0,0.0,1002.0,0,28.68840579710145,8043.113987349513,8071.330964185151,0,0.23448275862068965,0.022954091816367265,10251.717917733537,138
density_abundant,use_partial_False,4,28,10,0.8,744,744,0,0.0,2.0283799579301443,1.001,1.0273799579301441,0.0,1001.0,0.0,1001.0,0,29.165354330708663,7589.316142891053,7627.054245115729,0,0.27669172932330827,0.053946053946053944,10641.62482017357,127
density_abundant,use_partial_False,4,29,10,0.8,865,865,0,0.0,2.03363547957171,1.0,1.0336354795717102,0.0,1000.0,0.0,1000.0,0,28.826923076923077,9172.142797272258,9082.12764946063,0,0.23148148148148148,0.003,9328.608017739622,156
density_abundant,use_partial_False,4,30,10,0.8,791,791,0,0.0,2.0269765268196647,1.002,1.0249765268196644,0.0,1002.0,0.0,1002.0,0,28.66896551724138,8422.436674701694,8358.930732735114,0,0.2080536912751678,0.0029940119760479044,9599.469795482444,145
density_abundant,ours_JIT,0,1,10,0.8,785,785,0,0.0,2.256040237463364,1.0,1.256040237463364,0.0,1000.0,0.0,1000.0,0,2.7281993204983013,9443.224002273702,7526.211119927497,0,0.2161764705882353,0.0,1959.51323666003,883
density_abundant,ours_JIT,0,2,10,0.8,809,809,0,0.0,2.2571578167787516,1.001,1.256157816778752,0.0,1001.0,0.0,1001.0,0,2.6584317937701396,9635.935313200938,7697.495105614385,0,0.2039572192513369,0.0,1888.6217114112194,931
density_abundant,ours_JIT,0,3,10,0.8,808,808,0,0.0,2.240472659633978,0.998,1.2424726596339783,0.0,998.0,0.0,998.0,0,2.8379578246392896,9950.16138469103,8032.499795714217,0,0.22964601769911505,0.0,1929.4723152473841,901
density_abundant,ours_JIT,0,4,10,0.8,822,822,0,0.0,2.246007947798483,1.001,1.245007947798483,0.0,1001.0,0.0,1001.0,0,2.532520325203252,9803.773471088272,7885.176011751866,0,0.20050709939148073,0.0,1825.9491899563661,984
density_abundant,ours_JIT,0,5,10,0.8,760,760,0,0.0,2.247281443429772,1.001,1.246281443429772,0.0,1001.0,0.0,1001.0,0,2.6760233918128655,9010.69998681855,7240.766816937585,0,0.21869158878504674,0.0,1948.1999997624032,855
density_abundant,ours_JIT,0,6,10,0.8,861,861,0,0.0,2.2288363248113887,1.001,1.2278363248113886,0.0,1001.0,0.0,1001.0,0,2.617148554336989,10329.090014129537,8461.298793815038,0,0.21665014866204163,0.0,1811.0945489676624,1003
density_abundant,ours_JIT,1,7,10,0.8,730,730,0,0.0,2.277898881883553,1.002,1.2758988818835528,0.0,1002.0,0.0,1002.0,0,2.3223300970873786,9564.02666314794,7495.912723920931,0,0.2287378640776699,0.0,1562.7905820808328,1030
density_abundant,ours_JIT,1,8,10,0.8,777,777,0,0.0,2.2975035185623556,1.0,1.2975035185623554,0.0,1000.0,0.0,1000.0,0,2.2988929889298895,10031.479296804588,7741.64577315912,0,0.22953081876724932,0.0,1571.2401089828252,1084
density_abundant,ours_JIT,1,9,10,0.8,794,794,0,0.0,2.2836832114572627,1.002,1.2816832114572627,0.0,1002.0,0.0,1002.0,0,2.3007985803016857,10384.810585893989,8110.280678541904,0,0.23179805137289636,0.0,1526.6796277441658,1127
density_abundant,ours_JIT,1,10,10,0.8,842,842,0,0.0,2.292477135557644,1.001,1.2914771355576442,0.0,1001.0,0.0,1001.0,0,2.4177323103154307,11361.209656790512,8815.133211946055,0,0.22414965986394558,0.0,1532.6357138941862,1173
density_abundant,ours_JIT,1,11,10,0.8,796,796,0,0.0,2.2986985802329034,1.002,1.2966985802329032,0.0,1002.0,0.0,1002.0,0,2.3209876543209877,10530.248829008935,8141.379698109013,0,0.22576956904133685,0.0,1500.7703607654562,1134
density_abundant,ours_JIT,1,12,10,0.8,746,746,0,0.0,2.285120252735791,1.001,1.2841202527357911,0.0,1001.0,0.0,1001.0,0,2.4546304957904583,10421.920507501385,8118.596228525559,0,0.2363551401869159,0.0,1537.4981311898434,1069
density_abundant,ours_JIT,2,13,10,0.8,802,802,0,0.0,2.256500349631771,1.001,1.2555003496317712,0.0,1001.0,0.0,1001.0,0,2.3758262511803587,10067.979624586149,8021.752411994715,0,0.21056603773584906,0.0,1671.0119807372257,1059
density_abundant,ours_JIT,2,14,10,0.8,829,829,0,0.0,2.240227413361949,1.001,1.239227413361949,0.0,1001.0,0.0,1001.0,0,2.456093189964158,10822.288502197885,8749.232292063924,0,0.22761394101876675,0.0,1585.0443246510542,1116
density_abundant,ours_JIT,2,15,10,0.8,788,788,0,0.0,2.2723573899309546,1.002,1.2703573899309548,0.0,1002.0,0.0,1002.0,0,2.3632119514472456,10124.971820373636,7983.295541415244,0,0.21053122087604847,0.0,1635.507735862498,1071
density_abundant,ours_JIT,2,16,10,0.8,776,776,0,0.0,2.258659541212613,1.002,1.2566595412126131,0.0,1002.0,0.0,1002.0,0,2.367816091954023,9868.722335431201,7858.444294759455,0,0.22160611854684512,0.0,1639.610803434554,1044
density_abundant,ours_JIT,2,17,10,0.8,850,850,0,0.0,2.2452747495735457,1.001,1.2442747495735458,0.0,1001.0,0.0,1001.0,0,2.4872262773722627,10826.235047600476,8727.628994042572,0,0.21807447774750227,0.0,1663.1570389958692,1096
density_abundant,ours_JIT,2,18,10,0.8,811,811,0,0.0,2.2824544261799575,1.001,1.2814544261799576,0.0,1001.0,0.0,1001.0,0,2.4056776556776556,10464.259676971933,8181.531440197291,0,0.20894977168949772,0.0,1601.7731516218007,1092
density_abundant,ours_JIT,3,19,10,0.8,768,768,0,0.0,2.2145899616619538,1.002,1.212589961661954,0.0,1002.0,0.0,1002.0,0,2.6379690949227372,9368.422960489383,7750.701603704137,0,0.2531868131868132,0.0,1849.2243974213745,906
density_abundant,ours_JIT,3,20,10,0.8,811,811,0,0.0,2.217026687607518,1.0,1.2170266876075184,0.0,1000.0,0.0,1000.0,0,2.5650364203954212,9706.971008178552,8008.839171258433,0,0.23575129533678757,0.0,1814.4129531173317,961
density_abundant,ours_JIT,3,21,10,0.8,820,820,0,0.0,2.226795364671225,1.001,1.2257953646712252,0.0,1001.0,0.0,1001.0,0,2.5462962962962963,9726.972915058472,7951.549823058902,0,0.22533333333333333,0.0,1785.7665639633362,972
density_abundant,ours_JIT,3,22,10,0.8,778,778,0,0.0,2.217002404962437,0.997,1.220002404962437,0.0,997.0,0.0,997.0,0,2.513918629550321,9277.710564750452,7631.9881503593715,0,0.24044823906083243,0.0,1791.4417275081496,934
density_abundant,ours_JIT,3,23,10,0.8,788,788,0,0.0,2.227001385266912,1.001,1.2260013852669123,0.0,1001.0,0.0,1001.0,0,2.47781217750258,9499.179362868876,7761.692722282931,0,0.23422680412371133,0.0,1781.316288955721,969
density_abundant,ours_JIT,3,24,10,0.8,766,766,0,0.0,2.2238476174788673,1.001,1.2228476174788676,0.0,1001.0,0.0,1001.0,0,2.535300316122234,9510.849553542797,7777.624470619369,0,0.2482613277133825,0.0,1765.604425887543,949
density_abundant,ours_JIT,4,25,10,0.8,782,782,0,0.0,2.2356445720034235,1.002,1.2336445720034235,0.0,1002.0,0.0,1002.0,0,2.3819379115710255,10059.58551853484,8175.979057582969,0,0.25338345864661654,0.0,1595.436749269545,1063
density_abundant,ours_JIT,4,26,10,0.8,777,777,0,0.0,2.216898534437138,1.0,1.2168985344371381,0.0,1000.0,0.0,1000.0,0,2.215004574565416,9831.057924179457,8078.781957549248,0,0.25645013723696247,0.0,1553.1083254619907,1093
density_abundant,ours_JIT,4,27,10,0.8,789,789,0,0.0,2.224744934115917,1.002,1.222744934115917,0.0,1002.0,0.0,1002.0,0,2.261927034611787,9740.57706369504,7982.512780354873,0,0.25563839701770735,0.0,1624.0668217265304,1069
density_abundant,ours_JIT,4,28,10,0.8,744,744,0,0.0,2.20293982645079,1.001,1.20193982645079,0.0,1001.0,0.0,1001.0,0,2.1435228331780056,9327.002325334206,7798.783920556045,0,0.26100278551532036,0.0,1549.5179190552044,1073
density_abundant,ours_JIT,4,29,10,0.8,865,865,0,0.0,2.233684047186955,1.001,1.232684047186955,0.0,1001.0,0.0,1001.0,0,2.166802943581357,10781.15740974066,8759.603972362438,0,0.24975530179445352,0.0,1525.1991839157981,1223
density_abundant,ours_JIT,4,30,10,0.8,791,791,0,0.0,2.212992347258825,1.002,1.2109923472588249,0.0,1002.0,0.0,1002.0,0,2.2358235823582358,9980.973982406495,8244.73196576302,0,0.24496402877697843,0.0,1549.2257196246815,1111
density_abundant,use_charge_time_term_False,0,1,10,0.8,785,785,0,0.0,2.5223865487635804,1.001,1.5213865487635807,0.0,1001.0,0.0,1001.0,0,3.776566757493188,10423.489343074283,6862.263911972218,0,0.2266304347826087,0.0,2271.4585602048114,734
density_abundant,use_charge_time_term_False,0,2,10,0.8,809,809,0,0.0,2.5148190686480083,1.001,1.5138190686480082,0.0,1001.0,0.0,1001.0,0,3.650259067357513,10575.935145214527,7006.078444160435,0,0.20980645161290323,0.0,2190.633161639374,772
density_abundant,use_charge_time_term_False,0,3,10,0.8,808,808,0,0.0,2.5055141523384017,0.997,1.5085141523384018,0.0,997.0,0.0,997.0,0,3.552369077306733,10798.39506302842,7171.556890107873,0,0.20497512437810944,0.0,2128.7115669834766,802
density_abundant,use_charge_time_term_False,0,4,10,0.8,822,822,0,0.0,2.5299452319746596,1.0,1.5299452319746596,0.0,1000.0,0.0,1000.0,0,3.7493573264781492,10961.869753637082,7177.949592000976,0,0.2232051282051282,0.0,2203.286792530726,778
density_abundant,use_charge_time_term_False,0,5,10,0.8,760,760,0,0.0,2.5300437274000807,1.0,1.5300437274000804,0.0,1000.0,0.0,1000.0,0,3.5237449118046134,9835.937691897476,6437.248066084035,0,0.2021680216802168,0.0,2191.9056913262702,737
density_abundant,use_charge_time_term_False,0,6,10,0.8,861,861,0,0.0,2.541837645861872,1.002,1.539837645861872,0.0,1002.0,0.0,1002.0,0,3.661037394451146,11426.128289230797,7448.487607369604,0,0.21656662665066026,0.0,2070.2583417643,829
density_abundant,use_charge_time_term_False,1,7,10,0.8,730,730,0,0.0,2.4157293055328344,1.002,1.4137293055328346,0.0,1002.0,0.0,1002.0,0,2.4609306409130816,11101.319421985374,7861.938428961768,0,0.2206140350877193,0.0,1372.5003511992104,1139
density_abundant,use_charge_time_term_False,1,8,10,0.8,777,777,0,0.0,2.437311205222594,1.001,1.436311205222594,0.0,1001.0,0.0,1001.0,0,2.6109215017064846,12050.886237720344,8399.446810124437,0,0.22921635434412266,0.0,1325.4802375381378,1172
density_abundant,use_charge_time_term_False,1,9,10,0.8,794,794,0,0.0,2.4205654035641455,1.002,1.4185654035641457,0.0,1002.0,0.0,1002.0,0,2.4972244250594766,12457.111535314441,8786.18509281634,0,0.2286053882725832,0.0,1277.7664022676634,1261
density_abundant,use_charge_time_term_False,1,10,10,0.8,842,842,0,0.0,2.4178681595982248,1.001,1.4168681595982247,0.0,1001.0,0.0,1001.0,0,2.6029992107340174,13080.792247528007,9255.713378850422,0,0.2188976377952756,0.0,1369.7195275206354,1267
density_abundant,use_charge_time_term_False,1,11,10,0.8,796,796,0,0.0,2.4227876822089325,1.002,1.4207876822089325,0.0,1002.0,0.0,1002.0,0,2.6016326530612246,12558.69975842595,8855.674390558393,0,0.2264657980456026,0.0,1342.3267916316645,1225
density_abundant,use_charge_time_term_False,1,12,10,0.8,746,746,0,0.0,2.4156814762156475,1.0,1.4156814762156473,0.0,1000.0,0.0,1000.0,0,2.5877659574468086,11553.766009680478,8168.33885585028,0,0.21780336581045173,0.0,1425.8451725065913,1128
density_abundant,use_charge_time_term_False,2,13,10,0.8,802,802,0,0.0,2.5605892292818497,1.001,1.5595892292818498,0.0,1001.0,0.0,1001.0,0,3.3333333333333335,10665.102349597744,6840.542036727795,0,0.22568370986920333,0.0,2011.0653968047304,840
density_abundant,use_charge_time_term_False,2,14,10,0.8,829,829,0,0.0,2.5295399006010584,1.001,1.5285399006010585,0.0,1001.0,0.0,1001.0,0,3.0938818565400843,11321.877884515585,7417.892425786813,0,0.2096740273396425,0.0,1845.8699255561814,948
density_abundant,use_charge_time_term_False,2,15,10,0.8,788,788,0,0.0,2.5524992773217354,1.001,1.5514992773217358,0.0,1001.0,0.0,1001.0,0,3.0997732426303855,10503.271866092964,6776.201587564236,0,0.20361990950226244,0.0,1899.687783756795,882
density_abundant,use_charge_time_term_False,2,16,10,0.8,776,776,0,0.0,2.558381876657478,1.003,1.5553818766574783,0.0,1003.0,0.0,1003.0,0,3.1500586166471276,10334.844644137274,6653.142956576195,0,0.2088888888888889,0.0,1977.2640941392262,853
density_abundant,use_charge_time_term_False,2,17,10,0.8,850,850,0,0.0,2.5747182604144516,1.002,1.5727182604144516,0.0,1002.0,0.0,1002.0,0,3.1277486910994763,11508.926632935927,7353.887591127723,0,0.20104166666666667,0.0,1861.5881250904447,955
density_abundant,use_charge_time_term_False,2,18,10,0.8,811,811,0,0.0,2.5731039255949604,1.0,1.5731039255949604,0.0,1000.0,0.0,1000.0,0,3.19934282584885,11274.813733453875,7184.191849146579,0,0.20666666666666667,0.0,1830.1908200342066,913
density_abundant,use_charge_time_term_False,3,19,10,0.8,768,768,0,0.0,2.4280194060332025,1.002,1.4260194060332028,0.0,1002.0,0.0,1002.0,0,3.3252131546894033,10430.414641688947,7333.0568042153745,0,0.25910194174757284,0.0,1973.7679620236113,821
density_abundant,use_charge_time_term_False,3,20,10,0.8,811,811,0,0.0,2.427209770421104,0.999,1.4282097704211043,0.0,999.0,0.0,999.0,0,3.5012048192771084,11043.46159710986,7755.719894827846,0,0.2646282973621103,0.0,2007.9962829378048,830
density_abundant,use_charge_time_term_False,3,21,10,0.8,820,820,0,0.0,2.428028076677832,1.0,1.428028076677832,0.0,1000.0,0.0,1000.0,0,3.478823529411765,11252.74169614985,7907.926938257803,0,0.25955451348182884,0.0,1976.5762015953353,850
density_abundant,use_charge_time_term_False,3,22,10,0.8,778,778,0,0.0,2.442347292520121,0.997,1.4453472925201207,0.0,997.0,0.0,997.0,0,3.58974358974359,10610.480516424432,7373.416228917905,0,0.2725765306122449,0.0,2037.8130108411474,780
density_abundant,use_charge_time_term_False,3,23,10,0.8,788,788,0,0.0,2.42687613920435,1.0,1.4268761392043499,0.0,1000.0,0.0,1000.0,0,3.3276283618581908,10404.000825543137,7314.814420189139,0,0.26528623629719855,0.0,2057.4518883102837,818
density_abundant,use_charge_time_term_False,3,24,10,0.8,766,766,0,0.0,2.4302751245493175,1.001,1.4292751245493176,0.0,1001.0,0.0,1001.0,0,3.3494558645707375,10597.692325897206,7414.7322260563615,0,0.2666263603385732,0.0,1942.074969422158,827
density_abundant,use_charge_time_term_False,4,25,10,0.8,782,782,0,0.0,2.3973779599529497,1.003,1.3943779599529496,0.0,1003.0,0.0,1003.0,0,2.7244525547445257,11738.59746774718,8423.300189576574,0,0.24211485870556063,0.0,1526.9302643233623,1096
density_abundant,use_charge_time_term_False,4,26,10,0.8,777,777,0,0.0,2.4109929236370107,1.0,1.410992923637011,0.0,1000.0,0.0,1000.0,0,2.6990825688073397,11569.890456996403,8204.546549972965,0,0.2615032080659945,0.0,1567.2680112067185,1090
density_abundant,use_charge_time_term_False,4,27,10,0.8,789,789,0,0.0,2.404091558666294,1.003,1.4010915586662942,0.0,1003.0,0.0,1003.0,0,2.7765258215962443,11606.753061853326,8315.007197870544,0,0.2607476635514019,0.0,1559.8301867688963,1065
density_abundant,use_charge_time_term_False,4,28,10,0.8,744,744,0,0.0,2.388101270314185,1.001,1.3871012703141854,0.0,1001.0,0.0,1001.0,0,2.572735590118939,11165.886696773976,8064.217758404613,0,0.25643835616438354,0.0,1476.427122842112,1093
density_abundant,use_charge_time_term_False,4,29,10,0.8,865,865,0,0.0,2.4090984954344083,1.001,1.4080984954344087,0.0,1001.0,0.0,1001.0,0,2.6415686274509804,13309.618327535702,9464.02899897296,0,0.2508607198748044,0.0,1381.930906991642,1275
density_abundant,use_charge_time_term_False,4,30,10,0.8,791,791,0,0.0,2.4008613148562628,1.002,1.3988613148562627,0.0,1002.0,0.0,1002.0,0,2.6687009590235395,12103.473570729951,8654.758535020666,0,0.23658536585365852,0.0,1438.5683801737434,1147
load_light,baseline,0,1,5,0.3,286,286,0,0.0,2.010743218497188,0.995,1.015743218497188,0.0,995.0,0.0,995.0,0,31.5,2710.191652735537,2802.00906386377,0,0.4790697674418605,0.019,92.55346484742192,40
load_light,baseline,0,2,5,0.3,306,306,0,0.0,1.9884871284323793,1.001,0.9874871284323794,0.0,1001.0,0.0,1001.0,0,31.488888888888887,3037.797106565177,3086.417046674339,0,0.4826086956521739,0.015984015984015984,87.02391768684205,45
load_light,baseline,0,3,5,0.3,307,307,0,0.0,2.0172357814575195,1.0,1.0172357814575197,0.0,1000.0,0.0,1000.0,0,31.288888888888888,3008.2594567837236,3026.636600951682,0,0.45217391304347826,0.0,87.26955781204869,45
load_light,baseline,0,4,5,0.3,303,303,0,0.0,1.9893830928423704,1.0,0.9893830928423702,0.0,1000.0,0.0,1000.0,0,31.511627906976745,2904.316767472184,2948.9589239123707,0,0.5181818181818182,0.0,89.54089902214368,43
load_light,baseline,0,5,5,0.3,293,293,0,0.0,1.978860893055181,0.996,0.9828608930551811,0.0,996.0,0.0,996.0,0,30.953488372093023,2842.840678571376,2919.5457521138237,0,0.4090909090909091,0.041,89.6841163260185,43
load_light,baseline,0,6,5,0.3,331,331,0,0.0,2.0153829262827943,0.998,1.0173829262827945,0.0,998.0,0.0,998.0,0,31.282608695652176,3070.47448990778,3066.5377307253293,0,0.4553191489361702,0.0,86.45743389237434,46
load_light,baseline,1,7,5,0.3,282,282,0,0.0,1.9645192707899475,1.001,0.9635192707899475,0.0,1001.0,0.0,1001.0,0,31.435897435897434,2613.517908243385,2788.580698934952,0,0.5219512195121951,0.055944055944055944,95.26343016726214,39
load_light,baseline,1,8,5,0.3,295,295,0,0.0,2.0012348990115347,1.0,1.0012348990115345,0.0,1000.0,0.0,1000.0,0,31.333333333333332,2817.6739834010723,2814.1987321684637,0,0.5857142857142857,0.032,92.69283674213858,42
load_light,baseline,1,9,5,0.3,309,309,0,0.0,2.0212464240599948,0.998,1.0232464240599946,0.0,998.0,0.0,998.0,0,31.25581395348837,2871.6589246220765,2909.471730627765,0,0.5333333333333333,0.0,95.19334028785427,43
load_light,baseline,1,10,5,0.3,332,332,0,0.0,1.9805933208610802,1.002,0.9785933208610803,0.0,1002.0,0.0,1002.0,0,31.488888888888887,3032.1717589660416,3098.500362027809,0,0.5422222222222223,0.07684630738522955,86.59999972830217,45
load_light,baseline,1,11,5,0.3,313,313,0,0.0,2.0038089578047695,0.995,1.0088089578047696,0.0,995.0,0.0,995.0,0,31.659574468085108,3202.0498894911952,3174.089469287686,0,0.5702127659574469,0.004,82.89362650681684,47
load_light,baseline,1,12,5,0.3,267,267,0,0.0,1.9994831807795164,1.002,0.9974831807795164,0.0,1002.0,0.0,1002.0,0,31.44736842105263,2569.0419844717176,2710.0772537008716,0,0.6048780487804878,0.0,99.15121779890686,38
load_light,baseline,2,13,5,0.3,275,275,0,0.0,2.001911544446615,1.003,0.9989115444466153,0.0,1003.0,0.0,1003.0,0,31.263157894736842,2537.9597939726323,2640.3310105037367,0,0.435,0.011964107676969093,95.11500247754157,38
load_light,baseline,2,14,5,0.3,311,311,0,0.0,1.997169575011199,0.996,1.001169575011199,0.0,996.0,0.0,996.0,0,31.355555555555554,3008.8771789558514,3058.633211316816,0,0.4340425531914894,0.041,86.18509015464718,45
load_light,baseline,2,15,5,0.3,306,306,0,0.0,2.00480300933956,1.0,1.0048030093395601,0.0,1000.0,0.0,1000.0,0,31.302325581395348,2878.7215244181334,2933.757087054537,0,0.4318181818181818,0.045,88.96591316442937,43
load_light,baseline,2,16,5,0.3,285,285,0,0.0,2.0022495459024654,1.0,1.0022495459024656,0.0,1000.0,0.0,1000.0,0,31.153846153846153,2587.0296940578933,2695.618994559924,0,0.424390243902439,0.0,97.64631835334912,39
load_light,baseline,2,17,5,0.3,314,314,0,0.0,1.9968931130185124,1.0,0.9968931130185125,0.0,1000.0,0.0,1000.0,0,31.3953488372093,2895.0961963931272,2964.8559744886998,0,0.4863636363636364,0.013,91.65683216203682,43
load_light,baseline,2,18,5,0.3,315,315,0,0.0,2.007032905405311,0.999,1.0080329054053108,0.0,999.0,0.0,999.0,0,31.318181818181817,2965.2153962304874,3073.572673210809,0,0.46382978723404256,0.0,84.17661871483669,44
load_light,baseline,3,19,5,0.3,299,299,0,0.0,1.9957410253104404,0.998,0.9977410253104404,0.0,998.0,0.0,998.0,0,31.522727272727273,2978.5405388794757,3049.185344751561,0,0.5111111111111111,0.003,87.92222425755527,44
load_light,baseline,3,20,5,0.3,304,304,0,0.0,2.010878566279273,0.996,1.0148785662792734,0.0,996.0,0.0,996.0,0,31.266666666666666,3009.101741895741,2964.986986499927,0,0.48444444444444446,0.0,90.079999063164,45
load_light,baseline,3,21,5,0.3,329,329,0,0.0,1.9848125471464446,0.995,0.9898125471464446,0.0,995.0,0.0,995.0,0,31.4468085106383,3173.868505086404,3269.97141371254,0,0.4625,0.0,84.47293536543536,47
load_light,baseline,3,22,5,0.3,303,303,0,0.0,2.0099102743216988,1.001,1.0089102743216989,0.0,1001.0,0.0,1001.0,0,31.177777777777777,2987.2545152242706,2970.7840147027623,0,0.4391304347826087,0.0,87.13478176935536,45
load_light,baseline,3,23,5,0.3,298,298,0,0.0,1.9717417551907228,1.0,0.9717417551907228,0.0,1000.0,0.0,1000.0,0,31.11904761904762,2790.292825294005,2925.782134915019,0,0.4325581395348837,0.014,96.088403911698,42
load_light,baseline,3,24,5,0.3,283,283,0,0.0,1.9789618288943727,1.0,0.9789618288943728,0.0,1000.0,0.0,1000.0,0,31.384615384615383,2628.9385583311146,2722.889847511512,0,0.545,0.02,96.92248131614178,39
load_light,baseline,4,25,5,0.3,289,289,0,0.0,2.011692638541045,1.001,1.0106926385410449,0.0,1001.0,0.0,1001.0,0,31.404761904761905,2834.3308533768204,2858.7601166593895,0,0.5636363636363636,0.0,90.90685820080002,42
load_light,baseline,4,26,5,0.3,286,286,0,0.0,1.9791249328785212,1.0,0.9791249328785212,0.0,1000.0,0.0,1000.0,0,31.15,2667.377598265565,2791.1137162620294,0,0.47317073170731705,0.0,97.58776996466446,40
load_light,baseline,4,27,5,0.3,316,316,0,0.0,2.023180068465854,1.001,1.022180068465854,0.0,1001.0,0.0,1001.0,0,31.21276595744681,3144.7141394955815,3197.1436441354294,0,0.5020408163265306,0.027972027972027972,80.7795737755998,47
load_light,baseline,4,28,5,0.3,256,256,0,0.0,2.006763261463596,0.994,1.0127632614635962,0.0,994.0,0.0,994.0,0,31.333333333333332,2622.097062685534,2648.2240043664174,0,0.495,0.015,96.26499959267676,39
load_light,baseline,4,29,5,0.3,342,342,0,0.0,1.9954965042821144,1.002,0.9934965042821146,0.0,1002.0,0.0,1002.0,0,31.645833333333332,3275.667025798778,3313.8855328378286,0,0.563265306122449,0.0,82.98370070109259,48
load_light,baseline,4,30,5,0.3,309,309,0,0.0,1.9905471941046422,1.002,0.9885471941046422,0.0,1002.0,0.0,1002.0,0,31.2,2995.1412394986596,3072.4699635057486,0,0.5260869565217391,0.010978043912175649,86.48039985691075,45
load_light,jsq,0,1,5,0.3,286,286,0,0.0,2.0348892067009077,0.995,1.0398892067009076,0.0,995.0,0.0,995.0,0,31.80952380952381,2881.9994085784124,2800.2977526970058,0,0.4558139534883721,0.0,105.93718751658534,42
load_light,jsq,0,2,5,0.3,306,306,0,0.0,2.0361461165821857,1.001,1.0351461165821858,0.0,1001.0,0.0,1001.0,0,31.88888888888889,3092.6479708976335,2997.3043623463263,0,0.45217391304347826,0.0,98.65652005512105,45
load_light,jsq,0,3,5,0.3,307,307,0,0.0,2.0528380263169455,1.0,1.0528380263169452,0.0,1000.0,0.0,1000.0,0,31.75,3274.4188736479764,3175.583753412273,0,0.4122448979591837,0.0,91.78982843283792,48
load_light,jsq,0,4,5,0.3,303,303,0,0.0,2.036109444276518,1.0,1.036109444276518,0.0,1000.0,0.0,1000.0,0,31.627906976744185,2932.928649760426,2950.9519992424466,0,0.39111111111111113,0.003,100.5555580680569,43
load_light,jsq,0,5,5,0.3,293,293,0,0.0,2.0284234010755844,0.996,1.0324234010755842,0.0,996.0,0.0,996.0,0,31.651162790697676,2930.5113963498957,2861.0788234806632,0,0.4,0.0,111.18636757601053,43
load_light,jsq,0,6,5,0.3,331,331,0,0.0,2.0380763042015086,0.998,1.0400763042015089,0.0,998.0,0.0,998.0,0,31.829787234042552,3224.210496318102,3229.175868086123,0,0.4448979591836735,0.0,93.95919350565087,47
load_light,jsq,1,7,5,0.3,282,282,0,0.0,1.9995729099920114,1.001,0.9985729099920115,0.0,1001.0,0.0,1001.0,0,31.7,2728.668063098788,2803.682865390393,0,0.5619047619047619,0.0,104.75472247760212,40
load_light,jsq,1,8,5,0.3,295,295,0,0.0,2.0312943768631198,1.0,1.0312943768631198,0.0,1000.0,0.0,1000.0,0,31.906976744186046,2961.6552980594283,2871.784588865771,0,0.5720930232558139,0.021,103.34881331208486,43
load_light,jsq,1,9,5,0.3,309,309,0,0.0,2.0243668224038895,0.998,1.0263668224038895,0.0,998.0,0.0,998.0,0,31.886363636363637,3028.822138499661,2951.0132950378907,0,0.5954545454545455,0.007,99.22724381216209,44
load_light,jsq,1,10,5,0.3,332,332,0,0.0,2.014576028257906,1.002,1.0125760282579062,0.0,1002.0,0.0,1002.0,0,31.74468085106383,3219.42122229424,3182.7284724211736,0,0.44583333333333336,0.0,100.71873233149138,47
load_light,jsq,1,11,5,0.3,313,313,0,0.0,2.051519117983786,0.995,1.0565191179837863,0.0,995.0,0.0,995.0,0,31.666666666666668,3277.655002243166,3167.03076769687,0,0.4816326530612245,0.0,93.98161295839415,48
load_light,jsq,1,12,5,0.3,267,267,0,0.0,1.9749061373935612,1.003,0.9719061373935614,0.0,1003.0,0.0,1003.0,0,31.58974358974359,2650.656024865509,2844.46933141481,0,0.5658536585365853,0.0029910269192422734,104.13416837364798,39
load_light,jsq,2,13,5,0.3,275,275,0,0.0,2.003800086667823,1.003,1.000800086667823,0.0,1003.0,0.0,1003.0,0,31.605263157894736,2590.124684968482,2657.760904871791,0,0.4,0.0,111.43251322209835,38
load_light,jsq,2,14,5,0.3,311,311,0,0.0,2.036325038604951,0.996,1.0403250386049512,0.0,996.0,0.0,996.0,0,31.75,3005.609710146439,2948.818822855751,0,0.4533333333333333,0.0,100.85332388472226,44
load_light,jsq,2,15,5,0.3,306,306,0,0.0,2.0405210355582577,1.0,1.0405210355582577,0.0,1000.0,0.0,1000.0,0,31.928571428571427,2898.229959442488,2851.7985541503035,0,0.4186046511627907,0.0,102.66275210089461,42
load_light,jsq,2,16,5,0.3,285,285,0,0.0,1.984419979369266,1.0,0.9844199793692662,0.0,1000.0,0.0,1000.0,0,31.657894736842106,2592.1885196988605,2690.555255817691,0,0.40512820512820513,0.0,122.90512677282095,38
load_light,jsq,2,17,5,0.3,314,314,0,0.0,2.0114816841281993,1.0,1.0114816841281995,0.0,1000.0,0.0,1000.0,0,31.886363636363637,3032.287849030603,3061.333800713177,0,0.4711111111111111,0.001,101.4733363667296,44
load_light,jsq,2,18,5,0.3,315,315,0,0.0,2.0393049769040217,0.999,1.0403049769040216,0.0,999.0,0.0,999.0,0,32.0,3117.037251655097,3055.1310764337222,0,0.46808510638297873,0.0,99.01699624916024,45
load_light,jsq,3,19,5,0.3,299,299,0,0.0,2.026797394793348,0.998,1.028797394793348,0.0,998.0,0.0,998.0,0,31.818181818181817,3019.389692178803,2986.5395558369114,0,0.5288888888888889,0.0,102.07778670721585,44
load_light,jsq,3,20,5,0.3,304,304,0,0.0,2.022405273412807,0.996,1.0264052734128069,0.0,996.0,0.0,996.0,0,31.65909090909091,2997.685591673742,2920.5672158195566,0,0.42272727272727273,0.0,101.22722332281145,44
load_light,jsq,3,21,5,0.3,329,329,0,0.0,2.019763249297814,0.997,1.0227632492978143,0.0,997.0,0.0,997.0,0,31.80851063829787,3229.5499282763367,3268.1969578921,0,0.492,0.0,93.12001755461097,47
load_light,jsq,3,22,5,0.3,303,303,0,0.0,1.9967518725902713,1.001,0.9957518725902714,0.0,1001.0,0.0,1001.0,0,31.75,3014.819791930136,3037.7244323544332,0,0.4622222222222222,0.0,103.21329399529431,44
load_light,jsq,3,23,5,0.3,298,298,0,0.0,2.0386960771839244,1.0,1.0386960771839244,0.0,1000.0,0.0,1000.0,0,31.53488372093023,2909.8585006878143,2911.9178188800074,0,0.4711111111111111,0.0,99.70220788899395,43
load_light,jsq,3,24,5,0.3,283,283,0,0.0,2.053018856688305,1.0,1.053018856688305,0.0,1000.0,0.0,1000.0,0,31.9,2753.623655651987,2660.5080669656327,0,0.5170731707317073,0.0,108.15363451157037,40
load_light,jsq,4,25,5,0.3,289,289,0,0.0,2.032150727531108,1.001,1.0311507275311083,0.0,1001.0,0.0,1001.0,0,31.813953488372093,2945.7048249256577,2907.6719899845157,0,0.55,0.0,98.87955225580795,43
load_light,jsq,4,26,5,0.3,286,286,0,0.0,2.0267083737173373,1.0,1.026708373717337,0.0,1000.0,0.0,1000.0,0,31.682926829268293,2805.7596437951006,2856.5149893561825,0,0.4558139534883721,0.0,102.24881305814137,41
load_light,jsq,4,27,5,0.3,316,316,0,0.0,2.030728967542159,1.001,1.029728967542159,0.0,1001.0,0.0,1001.0,0,31.77777777777778,3084.3935031444553,3167.3532484343145,0,0.5083333333333333,0.01898101898101898,97.4583260055321,45
load_light,jsq,4,28,5,0.3,256,256,0,0.0,2.0472042222124704,0.994,1.0532042222124705,0.0,994.0,0.0,994.0,0,32.08108108108108,2570.810341260202,2602.4573849967164,0,0.565,0.015,116.67749786283821,37
load_light,jsq,4,29,5,0.3,342,342,0,0.0,2.009102657545963,1.002,1.0071026575459632,0.0,1002.0,0.0,1002.0,0,31.895833333333332,3315.8357862095345,3322.2390598813868,0,0.524,0.0,89.9179873522371,48
load_light,jsq,4,30,5,0.3,309,309,0,0.0,1.9939689065281168,1.002,0.9919689065281168,0.0,1002.0,0.0,1002.0,0,31.767441860465116,2955.322371328931,3081.1119753731164,0,0.5695652173913044,0.0,94.91521126145254,43
load_light,ours,0,1,5,0.3,286,286,0,0.0,2.297644022755517,0.996,1.301644022755517,0.0,996.0,0.0,996.0,0,2.6991150442477876,3575.6475534041924,2757.2675969731,0,0.16470588235294117,0.001,2050.175004714059,339
load_light,ours,0,2,5,0.3,306,306,0,0.0,2.3415824169474426,1.001,1.3405824169474425,0.0,1001.0,0.0,1001.0,0,2.8269794721407626,3740.669373019395,2797.790964288328,0,0.14678362573099416,0.003996003996003996,2202.7318729074095,341
load_light,ours,0,3,5,0.3,307,307,0,0.0,2.322064801600219,1.0,1.3220648016002192,0.0,1000.0,0.0,1000.0,0,2.9550898203592815,3809.478875642325,2881.4615373099077,0,0.1718562874251497,0.001,2230.062879500688,334
load_light,ours,0,4,5,0.3,303,303,0,0.0,2.3420354079766463,1.001,1.3410354079766462,0.0,1001.0,0.0,1001.0,0,2.5467032967032965,3642.6187920272255,2728.7015964887873,0,0.13150684931506848,0.0,2071.747396377311,364
load_light,ours,0,5,5,0.3,293,293,0,0.0,2.333352676305305,0.995,1.338352676305305,0.0,995.0,0.0,995.0,0,2.6058823529411765,3506.307972853589,2632.3215860006853,0,0.16774193548387098,0.0,2121.056013882619,340
load_light,ours,0,6,5,0.3,331,331,0,0.0,2.303393990957026,0.998,1.305393990957026,0.0,998.0,0.0,998.0,0,2.819178082191781,3980.9247228793843,3049.5963291211324,0,0.17095890410958905,0.003,2180.936710896251,365
load_light,ours,1,7,5,0.3,282,282,0,0.0,2.2698538903357157,1.001,1.2688538903357158,0.0,1001.0,0.0,1001.0,0,2.414438502673797,3612.692446209994,2873.47960810416,0,0.19682539682539682,0.02197802197802198,1863.346824258635,374
load_light,ours,1,8,5,0.3,295,295,0,0.0,2.32615613781927,1.0,1.32615613781927,0.0,1000.0,0.0,1000.0,0,2.4187643020594964,4223.286762646438,3189.634545045928,0,0.2141552511415525,0.026,1679.5093604027545,437
load_light,ours,1,9,5,0.3,309,309,0,0.0,2.340573667327195,0.999,1.3415736673271947,0.0,999.0,0.0,999.0,0,2.257085020242915,4491.608847649607,3355.4689968073326,0,0.17939393939393938,0.038,1551.0375750241708,494
load_light,ours,1,10,5,0.3,332,332,0,0.0,2.3552884966795533,1.002,1.353288496679553,0.0,1002.0,0.0,1002.0,0,2.433333333333333,4663.646885369248,3460.937484402626,0,0.1983402489626556,0.05588822355289421,1681.9607891302742,480
load_light,ours,1,11,5,0.3,313,313,0,0.0,2.366034747451885,0.995,1.371034747451885,0.0,995.0,0.0,995.0,0,2.454732510288066,4751.253274681282,3489.76320031774,0,0.1762295081967213,0.016,1567.3104509736077,486
load_light,ours,1,12,5,0.3,267,267,0,0.0,2.2795126548961924,1.002,1.2775126548961924,0.0,1002.0,0.0,1002.0,0,2.595567867036011,3670.868653743669,2873.4499338810338,0,0.19168975069252078,0.016966067864271458,1872.5047085351644,361
load_light,ours,2,13,5,0.3,275,275,0,0.0,2.3302686764126035,1.001,1.3292686764126038,0.0,1001.0,0.0,1001.0,0,2.624615384615385,3349.25365297165,2527.144220412625,0,0.14478527607361963,0.001998001998001998,2142.657669035409,325
load_light,ours,2,14,5,0.3,311,311,0,0.0,2.34543157822718,0.995,1.3504315782271799,0.0,995.0,0.0,995.0,0,2.7195467422096318,3763.612400876334,2786.9700779784016,0,0.16543909348441926,0.003,2126.9521214300107,353
load_light,ours,2,15,5,0.3,306,306,0,0.0,2.3741455066225057,1.0,1.3741455066225057,0.0,1000.0,0.0,1000.0,0,2.635294117647059,3530.6954008167313,2569.3752108499525,0,0.1411764705882353,0.0,2242.306467857869,340
load_light,ours,2,16,5,0.3,285,285,0,0.0,2.3431010835296298,1.001,1.3421010835296299,0.0,1001.0,0.0,1001.0,0,2.9442724458204332,3678.4629268619906,2750.758721158417,0,0.18703703703703703,0.006993006993006993,2202.1783955961487,323
load_light,ours,2,17,5,0.3,314,314,0,0.0,2.323396089215975,1.0,1.3233960892159746,0.0,1000.0,0.0,1000.0,0,2.807471264367816,3783.686811058835,2859.073592472521,0,0.1632183908045977,0.0,2204.677009762361,348
load_light,ours,2,18,5,0.3,315,315,0,0.0,2.3716306653385764,0.998,1.3736306653385764,0.0,998.0,0.0,998.0,0,2.789041095890411,3950.76102197664,2885.851674207372,0,0.17540983606557378,0.002,2149.098632123087,365
load_light,ours,3,19,5,0.3,299,299,0,0.0,2.325551851767232,0.998,1.327551851767232,0.0,998.0,0.0,998.0,0,2.796195652173913,3988.45464610709,3004.3682593622398,0,0.20380434782608695,0.007,2000.9565221540547,368
load_light,ours,3,20,5,0.3,304,304,0,0.0,2.3189021984719322,0.997,1.3219021984719321,0.0,997.0,0.0,997.0,0,2.8295454545454546,3866.088234030881,2944.813092222228,0,0.19491525423728814,0.008,2104.5954778295873,352
load_light,ours,3,21,5,0.3,329,329,0,0.0,2.351225690982332,0.995,1.3562256909823323,0.0,995.0,0.0,995.0,0,2.7055837563451774,4184.2735869697035,3085.233980443854,0,0.15583756345177666,0.006,1995.7093895131695,394
load_light,ours,3,22,5,0.3,303,303,0,0.0,2.318148565871234,1.0,1.3181485658712344,0.0,1000.0,0.0,1000.0,0,2.9848024316109423,3763.850101490272,2860.4641887728085,0,0.1903030303030303,0.005,2181.292122236989,329
load_light,ours,3,23,5,0.3,298,298,0,0.0,2.322014516678417,1.0,1.3220145166784172,0.0,1000.0,0.0,1000.0,0,2.727272727272727,3644.446410376446,2756.737058782952,0,0.18885630498533723,0.008,2197.6738995080404,341
load_light,ours,3,24,5,0.3,283,283,0,0.0,2.3177564128665287,1.0,1.3177564128665287,0.0,1000.0,0.0,1000.0,0,2.6676557863501484,3512.5800718943415,2665.576154741209,0,0.1774480712166172,0.008,2091.845104544084,337
load_light,ours,4,25,5,0.3,289,289,0,0.0,2.3240815373046484,1.002,1.3220815373046486,0.0,1002.0,0.0,1002.0,0,2.55012853470437,3938.6576105053014,2981.6549377697174,0,0.15794871794871795,0.023952095808383235,1878.2917926541697,389
load_light,ours,4,26,5,0.3,286,286,0,0.0,2.321624462196744,1.001,1.3206244621967442,0.0,1001.0,0.0,1001.0,0,2.5078125,3786.4277951308486,2869.6735801487516,0,0.17714285714285713,0.01898101898101898,1869.5877960205755,384
load_light,ours,4,27,5,0.3,316,316,0,0.0,2.365334042332776,1.001,1.3643340423327763,0.0,1001.0,0.0,1001.0,0,2.4229074889867843,4357.3046243778035,3215.7114667286237,0,0.15570175438596492,0.026973026973026972,1730.5087681610562,454
load_light,ours,4,28,5,0.3,256,256,0,0.0,2.322252345723929,0.995,1.3272523457239287,0.0,995.0,0.0,995.0,0,2.5561959654178676,3499.9305353907484,2649.5317287530065,0,0.1793103448275862,0.018,1881.364369851901,347
load_light,ours,4,29,5,0.3,342,342,0,0.0,2.3305428670953097,1.002,1.3285428670953099,0.0,1002.0,0.0,1002.0,0,2.4264069264069263,4455.31867393379,3366.0828350821703,0,0.14038876889848811,0.016966067864271458,1825.6911415793807,462
load_light,ours,4,30,5,0.3,309,309,0,0.0,2.31696309485786,1.002,1.3149630948578601,0.0,1002.0,0.0,1002.0,0,2.444976076555024,4072.6095461556793,3112.3379524183592,0,0.16515513126491646,0.016966067864271458,1874.7704037462934,418
load_light,B3_use_queue_term_False,0,1,5,0.3,286,286,0,0.0,2.2943146486680925,0.996,1.2983146486680925,0.0,996.0,0.0,996.0,0,2.7091988130563798,3559.6720238326775,2752.0334618664615,0,0.1650887573964497,0.0,2134.228700230493,337
load_light,B3_use_queue_term_False,0,2,5,0.3,306,306,0,0.0,2.3413774983525872,1.001,1.3403774983525871,0.0,1001.0,0.0,1001.0,0,2.8294117647058825,3736.010506963222,2794.742907552003,0,0.14838709677419354,0.0,2216.7894462481295,340
load_light,B3_use_queue_term_False,0,3,5,0.3,307,307,0,0.0,2.3140671377987765,1.0,1.3140671377987765,0.0,1000.0,0.0,1000.0,0,2.9697885196374623,3796.785213112986,2889.338835056045,0,0.17462235649546828,0.0,2279.5613289928892,331
load_light,B3_use_queue_term_False,0,4,5,0.3,303,303,0,0.0,2.338465249162673,1.001,1.3374652491626728,0.0,1001.0,0.0,1001.0,0,2.5382513661202184,3652.457428475402,2743.3416288304434,0,0.1329700272479564,0.0,2095.3921013707118,366
load_light,B3_use_queue_term_False,0,5,5,0.3,293,293,0,0.0,2.3353170057573163,0.995,1.3403170057573164,0.0,995.0,0.0,995.0,0,2.5935672514619883,3508.8158991867494,2630.3348765327396,0,0.16793002915451896,0.0,2173.965885242822,342
load_light,B3_use_queue_term_False,0,6,5,0.3,331,331,0,0.0,2.302921033104795,0.998,1.3049210331047951,0.0,998.0,0.0,998.0,0,2.82967032967033,3980.597104655468,3050.45056648707,0,0.17142857142857143,0.0,2185.2645602468706,364
load_light,B3_use_queue_term_False,1,7,5,0.3,282,282,0,0.0,2.266649952257178,1.0,1.266649952257178,0.0,1000.0,0.0,1000.0,0,2.450402144772118,3632.2161521583826,2883.366588890716,0,0.2026595744680851,0.0,1891.0507983007924,373
load_light,B3_use_queue_term_False,1,8,5,0.3,295,295,0,0.0,2.3142477245249635,1.0,1.3142477245249637,0.0,1000.0,0.0,1000.0,0,2.3515981735159817,4143.175828295659,3157.5801255141805,0,0.21594533029612756,0.0,1663.316629539564,438
load_light,B3_use_queue_term_False,1,9,5,0.3,309,309,0,0.0,2.3268582569435607,0.999,1.3278582569435606,0.0,999.0,0.0,999.0,0,2.287784679089027,4435.025108958271,3347.51475597227,0,0.18099173553719008,0.0,1588.7646698479518,483
load_light,B3_use_queue_term_False,1,10,5,0.3,332,332,0,0.0,2.3316560223568548,1.002,1.329656022356855,0.0,1002.0,0.0,1002.0,0,2.443496801705757,4564.055292132152,3450.0566675388045,0,0.20254777070063695,0.0,1710.0711247583183,469
load_light,B3_use_queue_term_False,1,11,5,0.3,313,313,0,0.0,2.3509623017525336,0.995,1.3559623017525337,0.0,995.0,0.0,995.0,0,2.4465408805031448,4653.734344221245,3456.635683378966,0,0.17369519832985386,0.0,1607.7290202096292,477
load_light,B3_use_queue_term_False,1,12,5,0.3,267,267,0,0.0,2.2661803538408387,1.002,1.2641803538408385,0.0,1002.0,0.0,1002.0,0,2.5702479338842976,3652.490206858476,2889.2160804124555,0,0.18898071625344354,0.0,1923.1639116471401,363
load_light,B3_use_queue_term_False,2,13,5,0.3,275,275,0,0.0,2.335569322370662,1.001,1.3345693223706623,0.0,1001.0,0.0,1001.0,0,2.6215384615384614,3354.38680636426,2523.450886549186,0,0.14539877300613496,0.0,2185.36932145651,325
load_light,B3_use_queue_term_False,2,14,5,0.3,311,311,0,0.0,2.338680707986793,0.995,1.343680707986793,0.0,995.0,0.0,995.0,0,2.696883852691218,3724.842705278792,2772.1189142170615,0,0.16090651558073654,0.0,2164.886968385787,353
load_light,B3_use_queue_term_False,2,15,5,0.3,306,306,0,0.0,2.3536957914885197,1.0,1.3536957914885197,0.0,1000.0,0.0,1000.0,0,2.664705882352941,3550.701132018815,2622.968287516398,0,0.14411764705882352,0.0,2278.0394116553534,340
load_light,B3_use_queue_term_False,2,16,5,0.3,285,285,0,0.0,2.323044481705348,1.001,1.3220444817053478,0.0,1001.0,0.0,1001.0,0,2.9472049689440993,3665.6613072351743,2782.807001942039,0,0.18637770897832817,0.0,2211.4133103692975,322
load_light,B3_use_queue_term_False,2,17,5,0.3,314,314,0,0.0,2.3254175043880903,1.0,1.32541750438809,0.0,1000.0,0.0,1000.0,0,2.8202898550724638,3777.723533430617,2850.214004963409,0,0.1646376811594203,0.0,2260.999709698439,345
load_light,B3_use_queue_term_False,2,18,5,0.3,315,315,0,0.0,2.3663621478205297,0.998,1.36836214782053,0.0,998.0,0.0,998.0,0,2.73224043715847,3896.046924025708,2856.977784415979,0,0.17057220708446866,0.0,2097.5572225505775,366
load_light,B3_use_queue_term_False,3,19,5,0.3,299,299,0,0.0,2.31911548276047,0.998,1.3211154827604696,0.0,998.0,0.0,998.0,0,2.7225274725274726,3855.6236144841405,2918.4606983999456,0,0.19725274725274725,0.0,2044.3975242944741,364
load_light,B3_use_queue_term_False,3,20,5,0.3,304,304,0,0.0,2.2910408605309662,0.997,1.2940408605309663,0.0,997.0,0.0,997.0,0,2.806179775280899,3871.2470118938613,3012.202935354835,0,0.2005586592178771,0.0,2097.2715081665247,356
load_light,B3_use_queue_term_False,3,21,5,0.3,329,329,0,0.0,2.343835719090497,0.995,1.3488357190904967,0.0,995.0,0.0,995.0,0,2.68974358974359,4133.521050211995,3064.5103712104496,0,0.15743589743589745,0.0,2010.4705147110883,390
load_light,B3_use_queue_term_False,3,22,5,0.3,303,303,0,0.0,2.3155018246245103,1.0,1.3155018246245105,0.0,1000.0,0.0,1000.0,0,2.933333333333333,3708.416501109343,2824.0805890454703,0,0.19093655589123867,0.0,2212.6132924126578,330
load_light,B3_use_queue_term_False,3,23,5,0.3,298,298,0,0.0,2.3114221536628348,1.0,1.3114221536628348,0.0,1000.0,0.0,1000.0,0,2.679525222551929,3546.2039846715634,2704.0903455587595,0,0.18694362017804153,0.0,2225.202670457665,337
load_light,B3_use_queue_term_False,3,24,5,0.3,283,283,0,0.0,2.3019104825180805,1.0,1.3019104825180805,0.0,1000.0,0.0,1000.0,0,2.6816816816816815,3493.9488520815407,2683.708979225466,0,0.1825825825825826,0.0,2092.4018022629457,333
load_light,B3_use_queue_term_False,4,25,5,0.3,289,289,0,0.0,2.3377260024280684,1.002,1.3357260024280682,0.0,1002.0,0.0,1002.0,0,2.5245478036175713,3880.694344964166,2907.802701480028,0,0.15515463917525774,0.0,1901.9159795020312,387
load_light,B3_use_queue_term_False,4,26,5,0.3,286,286,0,0.0,2.323745081455901,1.001,1.322745081455901,0.0,1001.0,0.0,1001.0,0,2.4505208333333335,3719.44459342472,2814.4333923060153,0,0.17142857142857143,0.0,1882.122336378829,384
load_light,B3_use_queue_term_False,4,27,5,0.3,316,316,0,0.0,2.343821579355234,1.001,1.3428215793552343,0.0,1001.0,0.0,1001.0,0,2.4533029612756265,4268.883738019014,3201.3811842993155,0,0.16780045351473924,0.0,1814.1467112080613,439
load_light,B3_use_queue_term_False,4,28,5,0.3,256,256,0,0.0,2.3134008831117003,0.995,1.3184008831117005,0.0,995.0,0.0,995.0,0,2.6253687315634218,3499.89444597681,2667.292746606516,0,0.18705882352941178,0.0,1948.5594088430792,339
load_light,B3_use_queue_term_False,4,29,5,0.3,342,342,0,0.0,2.3157698481778937,1.002,1.3137698481778937,0.0,1002.0,0.0,1002.0,0,2.356223175965665,4362.1320135217775,3333.002874332562,0,0.13875802997858672,0.0,1734.2629542821576,466
load_light,B3_use_queue_term_False,4,30,5,0.3,309,309,0,0.0,2.300988047099057,1.002,1.298988047099057,0.0,1002.0,0.0,1002.0,0,2.426190476190476,4050.2923590730143,3135.9993662017455,0,0.16066350710900473,0.0,1758.0125581305385,420
load_light,use_reservation_False,0,1,5,0.3,286,286,0,0.0,2.2943146486680925,0.996,1.2983146486680925,0.0,996.0,0.0,996.0,0,2.7091988130563798,3559.6720238326775,2752.0334618664615,0,0.1650887573964497,0.0,2083.4565088263103,337
load_light,use_reservation_False,0,2,5,0.3,306,306,0,0.0,2.3413774983525872,1.001,1.3403774983525871,0.0,1001.0,0.0,1001.0,0,2.8294117647058825,3736.010506963222,2794.742907552003,0,0.14838709677419354,0.0,2248.249559859879,340
load_light,use_reservation_False,0,3,5,0.3,307,307,0,0.0,2.3140671377987765,1.0,1.3140671377987765,0.0,1000.0,0.0,1000.0,0,2.9697885196374623,3796.785213112986,2889.338835056045,0,0.17462235649546828,0.0,2291.1483390619724,331
load_light,use_reservation_False,0,4,5,0.3,303,303,0,0.0,2.338465249162673,1.001,1.3374652491626728,0.0,1001.0,0.0,1001.0,0,2.5382513661202184,3652.457428475402,2743.3416288304434,0,0.1329700272479564,0.0,2054.5089922842826,366
load_light,use_reservation_False,0,5,5,0.3,293,293,0,0.0,2.3353170057573163,0.995,1.3403170057573164,0.0,995.0,0.0,995.0,0,2.5935672514619883,3508.8158991867494,2630.3348765327396,0,0.16793002915451896,0.0,2169.697087274392,342
load_light,use_reservation_False,0,6,5,0.3,331,331,0,0.0,2.302921033104795,0.998,1.3049210331047951,0.0,998.0,0.0,998.0,0,2.82967032967033,3980.597104655468,3050.45056648707,0,0.17142857142857143,0.0,2189.5230771746014,364
load_light,use_reservation_False,1,7,5,0.3,282,282,0,0.0,2.266649952257178,1.0,1.266649952257178,0.0,1000.0,0.0,1000.0,0,2.450402144772118,3632.2161521583826,2883.366588890716,0,0.2026595744680851,0.0,1896.094947408122,373
load_light,use_reservation_False,1,8,5,0.3,295,295,0,0.0,2.3142477245249635,1.0,1.3142477245249637,0.0,1000.0,0.0,1000.0,0,2.3515981735159817,4143.175828295659,3157.5801255141805,0,0.21594533029612756,0.0,1674.233028847631,438
load_light,use_reservation_False,1,9,5,0.3,309,309,0,0.0,2.3268582569435607,0.999,1.3278582569435606,0.0,999.0,0.0,999.0,0,2.287784679089027,4435.025108958271,3347.51475597227,0,0.18099173553719008,0.0,1583.8832659637246,483
load_light,use_reservation_False,1,10,5,0.3,332,332,0,0.0,2.3316560223568548,1.002,1.329656022356855,0.0,1002.0,0.0,1002.0,0,2.443496801705757,4564.055292132152,3450.0566675388045,0,0.20254777070063695,0.0,1756.9108276416384,469
load_light,use_reservation_False,1,11,5,0.3,313,313,0,0.0,2.3509623017525336,0.995,1.3559623017525337,0.0,995.0,0.0,995.0,0,2.4465408805031448,4653.734344221245,3456.635683378966,0,0.17369519832985386,0.0,1636.9450931429535,477
load_light,use_reservation_False,1,12,5,0.3,267,267,0,0.0,2.2661803538408387,1.002,1.2641803538408385,0.0,1002.0,0.0,1002.0,0,2.5702479338842976,3652.490206858476,2889.2160804124555,0,0.18898071625344354,0.0,1873.7228632488957,363
load_light,use_reservation_False,2,13,5,0.3,275,275,0,0.0,2.335569322370662,1.001,1.3345693223706623,0.0,1001.0,0.0,1001.0,0,2.6215384615384614,3354.38680636426,2523.450886549186,0,0.14539877300613496,0.0,2132.785889717173,325
load_light,use_reservation_False,2,14,5,0.3,311,311,0,0.0,2.338680707986793,0.995,1.343680707986793,0.0,995.0,0.0,995.0,0,2.696883852691218,3724.842705278792,2772.1189142170615,0,0.16090651558073654,0.0,2158.2603394898133,353
load_light,use_reservation_False,2,15,5,0.3,306,306,0,0.0,2.3536957914885197,1.0,1.3536957914885197,0.0,1000.0,0.0,1000.0,0,2.664705882352941,3550.701132018815,2622.968287516398,0,0.14411764705882352,0.0,2279.0852906730242,340
load_light,use_reservation_False,2,16,5,0.3,285,285,0,0.0,2.323044481705348,1.001,1.3220444817053478,0.0,1001.0,0.0,1001.0,0,2.9472049689440993,3665.6613072351743,2782.807001942039,0,0.18637770897832817,0.0,2229.0396317046702,322
load_light,use_reservation_False,2,17,5,0.3,314,314,0,0.0,2.3254175043880903,1.0,1.32541750438809,0.0,1000.0,0.0,1000.0,0,2.8202898550724638,3777.723533430617,2850.214004963409,0,0.1646376811594203,0.0,2221.179708156843,345
load_light,use_reservation_False,2,18,5,0.3,315,315,0,0.0,2.3663621478205297,0.998,1.36836214782053,0.0,998.0,0.0,998.0,0,2.73224043715847,3896.046924025708,2856.977784415979,0,0.17057220708446866,0.0,2104.9119863590627,366
load_light,use_reservation_False,3,19,5,0.3,299,299,0,0.0,2.31911548276047,0.998,1.3211154827604696,0.0,998.0,0.0,998.0,0,2.7225274725274726,3855.6236144841405,2918.4606983999456,0,0.19725274725274725,0.0,2043.1271980639424,364
load_light,use_reservation_False,3,20,5,0.3,304,304,0,0.0,2.2910408605309662,0.997,1.2940408605309663,0.0,997.0,0.0,997.0,0,2.806179775280899,3871.2470118938613,3012.202935354835,0,0.2005586592178771,0.0,2086.641341246217,356
load_light,use_reservation_False,3,21,5,0.3,329,329,0,0.0,2.343835719090497,0.995,1.3488357190904967,0.0,995.0,0.0,995.0,0,2.68974358974359,4133.521050211995,3064.5103712104496,0,0.15743589743589745,0.0,2012.486407795969,390
load_light,use_reservation_False,3,22,5,0.3,303,303,0,0.0,2.3155018246245103,1.0,1.3155018246245105,0.0,1000.0,0.0,1000.0,0,2.933333333333333,3708.416501109343,2824.0805890454703,0,0.19093655589123867,0.0,2200.8613285149963,330
load_light,use_reservation_False,3,23,5,0.3,298,298,0,0.0,2.3114221536628348,1.0,1.3114221536628348,0.0,1000.0,0.0,1000.0,0,2.679525222551929,3546.2039846715634,2704.0903455587595,0,0.18694362017804153,0.0,2208.101481457658,337
load_light,use_reservation_False,3,24,5,0.3,283,283,0,0.0,2.3019104825180805,1.0,1.3019104825180805,0.0,1000.0,0.0,1000.0,0,2.6816816816816815,3493.9488520815407,2683.708979225466,0,0.1825825825825826,0.0,2069.078679839792,333
load_light,use_reservation_False,4,25,5,0.3,289,289,0,0.0,2.3377260024280684,1.002,1.3357260024280682,0.0,1002.0,0.0,1002.0,0,2.5245478036175713,3880.694344964166,2907.802701480028,0,0.15515463917525774,0.0,1876.4157200738614,387
load_light,use_reservation_False,4,26,5,0.3,286,286,0,0.0,2.323745081455901,1.001,1.322745081455901,0.0,1001.0,0.0,1001.0,0,2.4505208333333335,3719.44459342472,2814.4333923060153,0,0.17142857142857143,0.0,1865.3049345382235,384
load_light,use_reservation_False,4,27,5,0.3,316,316,0,0.0,2.343821579355234,1.001,1.3428215793552343,0.0,1001.0,0.0,1001.0,0,2.4533029612756265,4268.883738019014,3201.3811842993155,0,0.16780045351473924,0.0,1796.0303816247454,439
load_light,use_reservation_False,4,28,5,0.3,256,256,0,0.0,2.3134008831117003,0.995,1.3184008831117005,0.0,995.0,0.0,995.0,0,2.6253687315634218,3499.89444597681,2667.292746606516,0,0.18705882352941178,0.0,1913.225882077206,339
load_light,use_reservation_False,4,29,5,0.3,342,342,0,0.0,2.3157698481778937,1.002,1.3137698481778937,0.0,1002.0,0.0,1002.0,0,2.356223175965665,4362.1320135217775,3333.002874332562,0,0.13875802997858672,0.0,1737.0931478616099,466
load_light,use_reservation_False,4,30,5,0.3,309,309,0,0.0,2.300988047099057,1.002,1.298988047099057,0.0,1002.0,0.0,1002.0,0,2.426190476190476,4050.2923590730143,3135.9993662017455,0,0.16066350710900473,0.0,1805.4026067841762,420
load_light,use_priority_False,0,1,5,0.3,286,286,0,0.0,2.297763388646615,0.996,1.301763388646615,0.0,996.0,0.0,996.0,0,2.702064896755162,3574.556885297686,2756.176928866594,0,0.16470588235294117,0.001,2069.8138261008457,339
load_light,use_priority_False,0,2,5,0.3,306,306,0,0.0,2.340528305784416,1.001,1.339528305784416,0.0,1001.0,0.0,1001.0,0,2.855457227138643,3752.544732159583,2808.8579509010337,0,0.14882352941176472,0.001998001998001998,2207.6179415521706,339
load_light,use_priority_False,0,3,5,0.3,307,307,0,0.0,2.322064801600219,1.0,1.3220648016002192,0.0,1000.0,0.0,1000.0,0,2.9550898203592815,3809.478875642325,2881.4615373099077,0,0.1718562874251497,0.001,2261.6056893731907,334
load_light,use_priority_False,0,4,5,0.3,303,303,0,0.0,2.340970646847481,1.001,1.339970646847481,0.0,1001.0,0.0,1001.0,0,2.543956043956044,3642.250249251589,2730.5948264810745,0,0.13150684931506848,0.0,2070.649040939465,364
load_light,use_priority_False,0,5,5,0.3,293,293,0,0.0,2.3371011006212203,0.995,1.3421011006212205,0.0,995.0,0.0,995.0,0,2.5964912280701755,3507.767869202113,2626.0574067314346,0,0.16676384839650146,0.0,2105.3256540635257,342
load_light,use_priority_False,0,6,5,0.3,331,331,0,0.0,2.303393990957026,0.998,1.305393990957026,0.0,998.0,0.0,998.0,0,2.819178082191781,3980.9247228793843,3049.5963291211324,0,0.17095890410958905,0.003,2180.3923243057134,365
load_light,use_priority_False,1,7,5,0.3,282,282,0,0.0,2.2698538903357157,1.001,1.2688538903357158,0.0,1001.0,0.0,1001.0,0,2.414438502673797,3612.692446209994,2873.47960810416,0,0.19682539682539682,0.02197802197802198,1883.2513216510908,374
load_light,use_priority_False,1,8,5,0.3,295,295,0,0.0,2.318162923941788,1.0,1.318162923941788,0.0,1000.0,0.0,1000.0,0,2.3386727688787183,4101.265393949006,3116.4069220907836,0,0.21187214611872146,0.01,1655.24611650375,437
load_light,use_priority_False,1,9,5,0.3,309,309,0,0.0,2.323490846325359,0.999,1.3244908463253593,0.0,999.0,0.0,999.0,0,2.273469387755102,4475.812042326111,3386.8199654013206,0,0.17922606924643583,0.027,1559.5845191487226,490
load_light,use_priority_False,1,10,5,0.3,332,332,0,0.0,2.3485051909723067,1.002,1.3465051909723065,0.0,1002.0,0.0,1002.0,0,2.41875,4651.575348185442,3469.4076038518765,0,0.1979253112033195,0.06287425149700598,1675.5024880543738,480
load_light,use_priority_False,1,11,5,0.3,313,313,0,0.0,2.366034747451885,0.995,1.371034747451885,0.0,995.0,0.0,995.0,0,2.454732510288066,4751.253274681282,3489.76320031774,0,0.1762295081967213,0.016,1589.063525063436,486
load_light,use_priority_False,1,12,5,0.3,267,267,0,0.0,2.2824833133060887,1.002,1.2804833133060889,0.0,1002.0,0.0,1002.0,0,2.4918918918918918,3644.635516868208,2846.2967685678636,0,0.17567567567567569,0.007984031936127744,1827.5345897465643,370
load_light,use_priority_False,2,13,5,0.3,275,275,0,0.0,2.3302686764126035,1.001,1.3292686764126038,0.0,1001.0,0.0,1001.0,0,2.624615384615385,3349.25365297165,2527.144220412625,0,0.14478527607361963,0.001998001998001998,2140.3049064537313,325
load_light,use_priority_False,2,14,5,0.3,311,311,0,0.0,2.3456643493987137,0.995,1.3506643493987138,0.0,995.0,0.0,995.0,0,2.7195467422096318,3761.762408736574,2785.1200858386414,0,0.16543909348441926,0.003,2141.0501392547662,353
load_light,use_priority_False,2,15,5,0.3,306,306,0,0.0,2.355270425240433,1.0,1.355270425240433,0.0,1000.0,0.0,1000.0,0,2.643478260869565,3588.8257790325574,2648.0514236823665,0,0.14144927536231883,0.0,2165.0313075793824,345
load_light,use_priority_False,2,16,5,0.3,285,285,0,0.0,2.331709207240789,1.001,1.3307092072407893,0.0,1001.0,0.0,1001.0,0,2.956386292834891,3663.765954952798,2763.262828781746,0,0.18695652173913044,0.00999000999000999,2204.1167686433064,321
load_light,use_priority_False,2,17,5,0.3,314,314,0,0.0,2.3233052435945734,1.0,1.3233052435945736,0.0,1000.0,0.0,1000.0,0,2.807471264367816,3784.490182863917,2859.8769642776037,0,0.1632183908045977,0.0,2223.5985620525375,348
load_light,use_priority_False,2,18,5,0.3,315,315,0,0.0,2.370549875624037,0.998,1.3725498756240369,0.0,998.0,0.0,998.0,0,2.793956043956044,3944.213860982691,2883.3540147432886,0,0.17589041095890412,0.003,2135.1438371324275,364
load_light,use_priority_False,3,19,5,0.3,299,299,0,0.0,2.325551851767232,0.998,1.3275518517672316,0.0,998.0,0.0,998.0,0,2.7886178861788617,3988.45464610709,3004.3682593622398,0,0.2032520325203252,0.007,2007.9184279380856,369
load_light,use_priority_False,3,20,5,0.3,304,304,0,0.0,2.3156419790033715,0.997,1.3186419790033714,0.0,997.0,0.0,997.0,0,2.874285714285714,3885.059786933853,2966.481058457537,0,0.19943181818181818,0.007,2083.8005710340276,350
load_light,use_priority_False,3,21,5,0.3,329,329,0,0.0,2.3503319174264394,0.995,1.3553319174264395,0.0,995.0,0.0,995.0,0,2.6956521739130435,4143.927200868384,3057.4998991663842,0,0.1565217391304348,0.007,2013.1728910517108,391
load_light,use_priority_False,3,22,5,0.3,303,303,0,0.0,2.318169804910864,1.0,1.3181698049108639,0.0,1000.0,0.0,1000.0,0,2.987878787878788,3777.131558028047,2870.4937790245767,0,0.18851963746223566,0.002,2205.476134219221,330
load_light,use_priority_False,3,23,5,0.3,298,298,0,0.0,2.3234466067262733,1.0,1.3234466067262731,0.0,1000.0,0.0,1000.0,0,2.7315634218289087,3617.69444382801,2733.54015601495,0,0.1887905604719764,0.008,2182.6873121681488,339
load_light,use_priority_False,3,24,5,0.3,283,283,0,0.0,2.319529708354863,1.0,1.3195297083548627,0.0,1000.0,0.0,1000.0,0,2.6816816816816815,3493.822035020166,2647.778229545219,0,0.17717717717717718,0.014,2097.8750736877746,333
load_light,use_priority_False,4,25,5,0.3,289,289,0,0.0,2.342731877259042,1.002,1.3407318772590417,0.0,1002.0,0.0,1002.0,0,2.5370843989769822,3946.963929682084,2946.3737903295428,0,0.15612244897959185,0.022954091816367265,1836.946428627517,391
load_light,use_priority_False,4,26,5,0.3,286,286,0,0.0,2.32057457528445,1.001,1.31957457528445,0.0,1001.0,0.0,1001.0,0,2.5287958115183247,3791.525539051517,2875.819937320928,0,0.18276762402088773,0.015984015984015984,1862.8073147104144,382
load_light,use_priority_False,4,27,5,0.3,316,316,0,0.0,2.3453022081770802,1.001,1.3443022081770801,0.0,1001.0,0.0,1001.0,0,2.4263038548752833,4260.927540009919,3191.9366894654536,0,0.16027088036117382,0.015984015984015984,1795.165011218831,441
load_light,use_priority_False,4,28,5,0.3,256,256,0,0.0,2.313431513604299,0.995,1.3184315136042992,0.0,995.0,0.0,995.0,0,2.6041055718475072,3497.3818825222033,2665.325057031009,0,0.18304093567251462,0.01,1894.9412277148087,341
load_light,use_priority_False,4,29,5,0.3,342,342,0,0.0,2.3277649968280727,1.002,1.3257649968280725,0.0,1002.0,0.0,1002.0,0,2.417910447761194,4497.260307126829,3404.7715730865575,0,0.14212765957446807,0.03592814371257485,1717.087448242695,469
load_light,use_priority_False,4,30,5,0.3,309,309,0,0.0,2.3276627681443505,1.002,1.3256627681443505,0.0,1002.0,0.0,1002.0,0,2.454761904761905,4086.9495022107117,3098.034885568611,0,0.16294536817102137,0.0249500998003992,1790.050356765001,420
load_light,use_partial_False,0,1,5,0.3,286,286,0,0.0,2.042662057575269,0.996,1.0466620575752688,0.0,996.0,0.0,996.0,0,28.666666666666668,2963.868297873799,2929.9237436915405,0,0.0830188679245283,0.0,12306.35472577733,51
load_light,use_partial_False,0,2,5,0.3,306,306,0,0.0,2.0445618390171143,1.001,1.0435618390171144,0.0,1001.0,0.0,1001.0,0,28.90566037735849,3124.9683945684783,3053.612883809491,0,0.1259259259259259,0.0,12909.542569778514,53
load_light,use_partial_False,0,3,5,0.3,307,307,0,0.0,2.077262936427865,1.0,1.0772629364278652,0.0,1000.0,0.0,1000.0,0,29.035087719298247,3387.9696966350457,3242.4381850431037,0,0.10847457627118644,0.0,11951.335587428284,57
load_light,use_partial_False,0,4,5,0.3,303,303,0,0.0,2.0589138160296128,1.0,1.0589138160296128,0.0,1000.0,0.0,1000.0,0,28.666666666666668,3153.0402171865494,3033.5313749704655,0,0.07272727272727272,0.0,12824.816376351837,54
load_light,use_partial_False,0,5,5,0.3,293,293,0,0.0,2.020727377661921,0.996,1.0247273776619208,0.0,996.0,0.0,996.0,0,29.14,2994.1293163814958,2944.6491969402273,0,0.16862745098039217,0.0,13274.825485103636,50
load_light,use_partial_False,0,6,5,0.3,331,331,0,0.0,2.046082651163948,0.998,1.048082651163948,0.0,998.0,0.0,998.0,0,28.88135593220339,3477.7604620709576,3321.392441272056,0,0.14,0.0,12343.034977675416,59
load_light,use_partial_False,1,7,5,0.3,282,282,0,0.0,2.019042191562106,1.0,1.019042191562106,0.0,1000.0,0.0,1000.0,0,29.42222222222222,2723.723915626492,2776.443059284141,0,0.24166666666666667,0.0,13967.237483787661,45
load_light,use_partial_False,1,8,5,0.3,295,295,0,0.0,2.0474482462249806,1.0,1.0474482462249806,0.0,1000.0,0.0,1000.0,0,29.25,3130.5042564162245,2988.6958784824174,0,0.2076923076923077,0.0,13234.594245799459,52
load_light,use_partial_False,1,9,5,0.3,309,309,0,0.0,2.0429826117174636,0.998,1.0449826117174636,0.0,998.0,0.0,998.0,0,29.50943396226415,3244.6410890665297,3182.955686482243,0,0.2581818181818182,0.004,12961.089096709407,53
load_light,use_partial_False,1,10,5,0.3,332,332,0,0.0,2.0569549250921457,1.002,1.0549549250921457,0.0,1002.0,0.0,1002.0,0,28.982758620689655,3435.332839419342,3289.4730389044457,0,0.21016949152542372,0.008982035928143712,12830.596602663903,58
load_light,use_partial_False,1,11,5,0.3,313,313,0,0.0,2.062269082383009,0.996,1.066269082383009,0.0,996.0,0.0,996.0,0,28.616666666666667,3480.318834040348,3356.274525217444,0,0.19032258064516128,0.002,11494.211298638895,60
load_light,use_partial_False,1,12,5,0.3,267,267,0,0.0,2.051964439716245,1.003,1.0489644397162452,0.0,1003.0,0.0,1003.0,0,28.979591836734695,2892.453586757894,2854.0897133317403,0,0.27450980392156865,0.0,12458.594105042079,49
load_light,use_partial_False,2,13,5,0.3,275,275,0,0.0,2.0479153549263014,1.002,1.0459153549263014,0.0,1002.0,0.0,1002.0,0,29.195652173913043,2760.5448006225165,2709.318623196137,0,0.16666666666666666,0.0,13633.16874509716,46
load_light,use_partial_False,2,14,5,0.3,311,311,0,0.0,2.029151002388966,0.996,1.033151002388966,0.0,996.0,0.0,996.0,0,28.754716981132077,3115.34093357749,3074.3293857100502,0,0.14074074074074075,0.0,12934.533341278977,53
load_light,use_partial_False,2,15,5,0.3,306,306,0,0.0,2.0510131543870527,1.0,1.0510131543870527,0.0,1000.0,0.0,1000.0,0,29.03921568627451,3027.9228642347343,2973.7215358854687,0,0.1259259259259259,0.0,13184.142594346431,51
load_light,use_partial_False,2,16,5,0.3,285,285,0,0.0,2.008927114928097,1.001,1.0079271149280973,0.0,1001.0,0.0,1001.0,0,29.17391304347826,2765.3766095532606,2783.3129677768384,0,0.15833333333333333,0.0,14141.039582076095,46
load_light,use_partial_False,2,17,5,0.3,314,314,0,0.0,2.0369068086929416,1.0,1.0369068086929416,0.0,1000.0,0.0,1000.0,0,28.946428571428573,3322.84987753874,3204.579090118352,0,0.12142857142857143,0.0,12816.982135908413,56
load_light,use_partial_False,2,18,5,0.3,315,315,0,0.0,2.0505046906293396,0.998,1.0525046906293396,0.0,998.0,0.0,998.0,0,29.12280701754386,3380.4730795062105,3285.546003626802,0,0.12203389830508475,0.002,12340.764414471716,57
load_light,use_partial_False,3,19,5,0.3,299,299,0,0.0,2.0481637680327665,0.998,1.0501637680327665,0.0,998.0,0.0,998.0,0,29.12962962962963,3225.0161745501155,3113.8343373852367,0,0.17454545454545456,0.0,12688.549092589792,54
load_light,use_partial_False,3,20,5,0.3,304,304,0,0.0,2.023465487552353,0.996,1.0274654875523532,0.0,996.0,0.0,996.0,0,28.814814814814813,3169.371571565299,3084.650151233249,0,0.10740740740740741,0.0,12955.725920619443,54
load_light,use_partial_False,3,21,5,0.3,329,329,0,0.0,2.0720674004474113,0.995,1.0770674004474114,0.0,995.0,0.0,995.0,0,29.084745762711865,3521.513760861105,3345.770857196223,0,0.14754098360655737,0.0,11923.075405514388,59
load_light,use_partial_False,3,22,5,0.3,303,303,0,0.0,2.0323324250976986,1.001,1.0313324250976985,0.0,1001.0,0.0,1001.0,0,29.21153846153846,3128.6402236932854,3036.8225421885068,0,0.2,0.0,12942.701904322812,52
load_light,use_partial_False,3,23,5,0.3,298,298,0,0.0,2.0624625442759683,1.0,1.062462544275968,0.0,1000.0,0.0,1000.0,0,29.21153846153846,3124.6326120315134,2994.0994684793523,0,0.16226415094339622,0.0,13202.873605549476,52
load_light,use_partial_False,3,24,5,0.3,283,283,0,0.0,2.053359872309198,1.001,1.0523598723091983,0.0,1001.0,0.0,1001.0,0,29.3265306122449,2950.1802401219174,2853.356715784684,0,0.2,0.0,13162.294016219676,49
load_light,use_partial_False,4,25,5,0.3,289,289,0,0.0,2.0802152772451734,1.002,1.0782152772451734,0.0,1002.0,0.0,1002.0,0,28.826923076923077,3049.703023327123,2915.485198202582,0,0.17777777777777778,0.0,12451.227785614146,52
load_light,use_partial_False,4,26,5,0.3,286,286,0,0.0,2.042534559404614,1.001,1.0415345594046141,0.0,1001.0,0.0,1001.0,0,27.87037037037037,3009.0941085038194,2938.847856887885,0,0.13454545454545455,0.000999000999000999,12093.605458821086,54
load_light,use_partial_False,4,27,5,0.3,316,316,0,0.0,2.0292833854027483,1.001,1.0282833854027487,0.0,1001.0,0.0,1001.0,0,28.46551724137931,3327.9305748733746,3287.0781708990107,0,0.14576271186440679,0.0,12413.355915499376,58
load_light,use_partial_False,4,28,5,0.3,256,256,0,0.0,2.0250597620841475,0.994,1.0310597620841475,0.0,994.0,0.0,994.0,0,28.565217391304348,2658.391765203506,2637.1232279974965,0,0.16595744680851063,0.001,13122.072330666111,46
load_light,use_partial_False,4,29,5,0.3,342,342,0,0.0,2.0147907006878842,1.002,1.0127907006878845,0.0,1002.0,0.0,1002.0,0,28.5,3575.343688774251,3530.1900840380063,0,0.11612903225806452,0.0,12144.140319921258,62
load_light,use_partial_False,4,30,5,0.3,309,309,0,0.0,2.0682463582803923,1.002,1.066246358280392,0.0,1002.0,0.0,1002.0,0,28.29824561403509,3237.6466930344322,3080.945778012821,0,0.12758620689655173,0.0,11943.3672145282,57
load_light,ours_JIT,0,1,5,0.3,286,286,0,0.0,2.297644022755517,0.996,1.301644022755517,0.0,996.0,0.0,996.0,0,2.6991150442477876,3575.6475534041924,2757.2675969731,0,0.16470588235294117,0.0,2047.7035293451456,339
load_light,ours_JIT,0,2,5,0.3,306,306,0,0.0,2.3415824169474426,1.001,1.3405824169474425,0.0,1001.0,0.0,1001.0,0,2.8269794721407626,3740.669373019395,2797.790964288328,0,0.14678362573099416,0.0,2178.100293620669,341
load_light,ours_JIT,0,3,5,0.3,307,307,0,0.0,2.322064801600219,1.0,1.3220648016002192,0.0,1000.0,0.0,1000.0,0,2.9550898203592815,3809.478875642325,2881.4615373099077,0,0.1718562874251497,0.0,2304.9479015840743,334
load_light,ours_JIT,0,4,5,0.3,303,303,0,0.0,2.3420354079766463,1.001,1.3410354079766462,0.0,1001.0,0.0,1001.0,0,2.5467032967032965,3642.6187920272255,2728.7015964887873,0,0.13150684931506848,0.0,1882.5460279564538,364
load_light,ours_JIT,0,5,5,0.3,293,293,0,0.0,2.333352676305305,0.995,1.338352676305305,0.0,995.0,0.0,995.0,0,2.6058823529411765,3506.307972853589,2632.3215860006853,0,0.16774193548387098,0.0,2090.9392963849077,340
load_light,ours_JIT,0,6,5,0.3,331,331,0,0.0,2.303393990957026,0.998,1.305393990957026,0.0,998.0,0.0,998.0,0,2.819178082191781,3980.9247228793843,3049.5963291211324,0,0.17095890410958905,0.0,2203.644931392923,365
load_light,ours_JIT,1,7,5,0.3,282,282,0,0.0,2.2698538903357157,1.001,1.2688538903357158,0.0,1001.0,0.0,1001.0,0,2.414438502673797,3612.692446209994,2873.47960810416,0,0.19682539682539682,0.0,1891.288358906639,374
load_light,ours_JIT,1,8,5,0.3,295,295,0,0.0,2.32615613781927,1.0,1.32615613781927,0.0,1000.0,0.0,1000.0,0,2.4187643020594964,4223.286762646438,3189.634545045928,0,0.2141552511415525,0.0,1644.2815061939293,437
load_light,ours_JIT,1,9,5,0.3,309,309,0,0.0,2.340573667327195,0.999,1.3415736673271947,0.0,999.0,0.0,999.0,0,2.257085020242915,4491.608847649607,3355.4689968073326,0,0.17939393939393938,0.0,1556.5860602590772,494
load_light,ours_JIT,1,10,5,0.3,332,332,0,0.0,2.3552884966795533,1.002,1.353288496679553,0.0,1002.0,0.0,1002.0,0,2.433333333333333,4663.646885369248,3460.937484402626,0,0.1983402489626556,0.0,1709.2653529194893,480
load_light,ours_JIT,1,11,5,0.3,313,313,0,0.0,2.366034747451885,0.995,1.371034747451885,0.0,995.0,0.0,995.0,0,2.454732510288066,4751.253274681282,3489.76320031774,0,0.1762295081967213,0.0,1586.5233628991532,486
load_light,ours_JIT,1,12,5,0.3,267,267,0,0.0,2.2795126548961924,1.002,1.2775126548961924,0.0,1002.0,0.0,1002.0,0,2.595567867036011,3670.868653743669,2873.4499338810338,0,0.19168975069252078,0.0,1891.8091417393464,361
load_light,ours_JIT,2,13,5,0.3,275,275,0,0.0,2.3302686764126035,1.001,1.3292686764126038,0.0,1001.0,0.0,1001.0,0,2.624615384615385,3349.25365297165,2527.144220412625,0,0.14478527607361963,0.0,2130.62944764877,325
load_light,ours_JIT,2,14,5,0.3,311,311,0,0.0,2.34543157822718,0.995,1.3504315782271799,0.0,995.0,0.0,995.0,0,2.7195467422096318,3763.612400876334,2786.9700779784016,0,0.16543909348441926,0.0,2188.2014157495887,353
load_light,ours_JIT,2,15,5,0.3,306,306,0,0.0,2.3741455066225057,1.0,1.3741455066225057,0.0,1000.0,0.0,1000.0,0,2.635294117647059,3530.6954008167313,2569.3752108499525,0,0.1411764705882353,0.0,2246.2244095924475,340
load_light,ours_JIT,2,16,5,0.3,285,285,0,0.0,2.3431010835296298,1.001,1.3421010835296299,0.0,1001.0,0.0,1001.0,0,2.9442724458204332,3678.4629268619906,2750.758721158417,0,0.18703703703703703,0.0,2198.7188297372745,323
load_light,ours_JIT,2,17,5,0.3,314,314,0,0.0,2.323396089215975,1.0,1.3233960892159746,0.0,1000.0,0.0,1000.0,0,2.807471264367816,3783.686811058835,2859.073592472521,0,0.1632183908045977,0.0,2195.514370078467,348
load_light,ours_JIT,2,18,5,0.3,315,315,0,0.0,2.3716306653385764,0.998,1.3736306653385764,0.0,998.0,0.0,998.0,0,2.789041095890411,3950.76102197664,2885.851674207372,0,0.17540983606557378,0.0,2123.6469941162836,365
load_light,ours_JIT,3,19,5,0.3,299,299,0,0.0,2.325551851767232,0.998,1.327551851767232,0.0,998.0,0.0,998.0,0,2.796195652173913,3988.45464610709,3004.3682593622398,0,0.20380434782608695,0.0,2060.5983685843808,368
load_light,ours_JIT,3,20,5,0.3,304,304,0,0.0,2.3189021984719322,0.997,1.3219021984719321,0.0,997.0,0.0,997.0,0,2.8295454545454546,3866.088234030881,2944.813092222228,0,0.19491525423728814,0.0,2160.326837848788,352
load_light,ours_JIT,3,21,5,0.3,329,329,0,0.0,2.351225690982332,0.995,1.3562256909823323,0.0,995.0,0.0,995.0,0,2.7055837563451774,4184.2735869697035,3085.233980443854,0,0.15583756345177666,0.0,2020.772842886541,394
load_light,ours_JIT,3,22,5,0.3,303,303,0,0.0,2.318148565871234,1.0,1.3181485658712344,0.0,1000.0,0.0,1000.0,0,2.9848024316109423,3763.850101490272,2860.4641887728085,0,0.1903030303030303,0.0,2220.053335291926,329
load_light,ours_JIT,3,23,5,0.3,298,298,0,0.0,2.322014516678417,1.0,1.3220145166784172,0.0,1000.0,0.0,1000.0,0,2.727272727272727,3644.446410376446,2756.737058782952,0,0.18885630498533723,0.0,2182.5961886749456,341
load_light,ours_JIT,3,24,5,0.3,283,283,0,0.0,2.3177564128665287,1.0,1.3177564128665287,0.0,1000.0,0.0,1000.0,0,2.6676557863501484,3512.5800718943415,2665.576154741209,0,0.1774480712166172,0.0,2092.125222435116,337
load_light,ours_JIT,4,25,5,0.3,289,289,0,0.0,2.3240815373046484,1.002,1.3220815373046486,0.0,1002.0,0.0,1002.0,0,2.55012853470437,3938.6576105053014,2981.6549377697174,0,0.15794871794871795,0.0,1859.1133337348508,389
load_light,ours_JIT,4,26,5,0.3,286,286,0,0.0,2.321624462196744,1.001,1.3206244621967442,0.0,1001.0,0.0,1001.0,0,2.5078125,3786.4277951308486,2869.6735801487516,0,0.17714285714285713,0.0,1856.6231182836866,384
load_light,ours_JIT,4,27,5,0.3,316,316,0,0.0,2.365334042332776,1.001,1.3643340423327763,0.0,1001.0,0.0,1001.0,0,2.4229074889867843,4357.3046243778035,3215.7114667286237,0,0.15570175438596492,0.0,1746.4765359794624,454
load_light,ours_JIT,4,28,5,0.3,256,256,0,0.0,2.322252345723929,0.995,1.3272523457239287,0.0,995.0,0.0,995.0,0,2.5561959654178676,3499.9305353907484,2649.5317287530065,0,0.1793103448275862,0.0,1878.3083336759657,347
load_light,ours_JIT,4,29,5,0.3,342,342,0,0.0,2.3305428670953097,1.002,1.3285428670953099,0.0,1002.0,0.0,1002.0,0,2.4264069264069263,4455.31867393379,3366.0828350821703,0,0.14038876889848811,0.0,1785.3997838602966,462
load_light,ours_JIT,4,30,5,0.3,309,309,0,0.0,2.31696309485786,1.002,1.3149630948578601,0.0,1002.0,0.0,1002.0,0,2.444976076555024,4072.6095461556793,3112.3379524183592,0,0.16515513126491646,0.0,1774.209784482759,418
load_light,use_charge_time_term_False,0,1,5,0.3,286,286,0,0.0,2.534769755420913,0.996,1.5387697554209132,0.0,996.0,0.0,996.0,0,3.7753623188405796,3923.9290753211626,2558.707951455316,0,0.18267148014440432,0.0,2482.9689522159524,276
load_light,use_charge_time_term_False,0,2,5,0.3,306,306,0,0.0,2.5438638194582235,1.001,1.5428638194582236,0.0,1001.0,0.0,1001.0,0,3.6621621621621623,4109.965527338251,2670.336471293304,0,0.1723905723905724,0.0,2478.11077449546,296
load_light,use_charge_time_term_False,0,3,5,0.3,307,307,0,0.0,2.5538584810801988,1.0,1.5538584810801988,0.0,1000.0,0.0,1000.0,0,3.640939597315436,4098.435667375399,2641.8765827298785,0,0.1645484949832776,0.0,2476.6197350626826,298
load_light,use_charge_time_term_False,0,4,5,0.3,303,303,0,0.0,2.532222910523059,1.0,1.5322229105230591,0.0,1000.0,0.0,1000.0,0,3.527027027027027,3943.6136754962035,2586.8388001998183,0,0.15838926174496645,0.0,2476.8043611817466,296
load_light,use_charge_time_term_False,0,5,5,0.3,293,293,0,0.0,2.497200616119218,0.995,1.502200616119218,0.0,995.0,0.0,995.0,0,3.3322033898305086,3722.571670207203,2489.173747334609,0,0.15945945945945947,0.0,2411.810813567639,295
load_light,use_charge_time_term_False,0,6,5,0.3,331,331,0,0.0,2.551093772140539,0.998,1.5530937721405387,0.0,998.0,0.0,998.0,0,3.7231270358306188,4298.945130947302,2770.13438689601,0,0.17922077922077922,0.0,2534.304871737909,307
load_light,use_charge_time_term_False,1,7,5,0.3,282,282,0,0.0,2.32516540261898,1.001,1.3241654026189804,0.0,1001.0,0.0,1001.0,0,2.4827586206896552,3997.865108538989,3031.7449521529015,0,0.2058679706601467,0.0,1728.968702775852,406
load_light,use_charge_time_term_False,1,8,5,0.3,295,295,0,0.0,2.3784133209121423,1.0,1.378413320912142,0.0,1000.0,0.0,1000.0,0,2.5610859728506785,4492.442106540475,3263.97656272636,0,0.21399548532731377,0.0,1630.8119626974362,442
load_light,use_charge_time_term_False,1,9,5,0.3,309,309,0,0.0,2.3790777862955363,0.999,1.3800777862955362,0.0,999.0,0.0,999.0,0,2.380851063829787,4490.268158951755,3258.46475486661,0,0.19872611464968154,0.0,1610.6815304015931,470
load_light,use_charge_time_term_False,1,10,5,0.3,332,332,0,0.0,2.38777538919072,1.002,1.3857753891907203,0.0,1002.0,0.0,1002.0,0,2.529535864978903,4733.941610477793,3435.3390270009786,0,0.19411764705882353,0.0,1707.211762183432,474
load_light,use_charge_time_term_False,1,11,5,0.3,313,313,0,0.0,2.364164439920871,0.996,1.3681644399208712,0.0,996.0,0.0,996.0,0,2.548856548856549,4840.700775787035,3560.0258519134013,0,0.1639751552795031,0.0,1557.9987560518425,481
load_light,use_charge_time_term_False,1,12,5,0.3,267,267,0,0.0,2.3231934626436344,1.002,1.3211934626436344,0.0,1002.0,0.0,1002.0,0,2.7688172043010755,4021.939201712844,3044.1712856080253,0,0.2021505376344086,0.0,1802.7806466805837,372
load_light,use_charge_time_term_False,2,13,5,0.3,275,275,0,0.0,2.5523553573722215,1.002,1.5503553573722215,0.0,1002.0,0.0,1002.0,0,3.1724137931034484,3545.588078101531,2297.7020899299064,0,0.13951890034364262,0.0,2362.5718243260103,290
load_light,use_charge_time_term_False,2,14,5,0.3,311,311,0,0.0,2.5527736309191207,0.995,1.5577736309191206,0.0,995.0,0.0,995.0,0,3.3777089783281733,4149.7241695637385,2674.580409845603,0,0.16419753086419753,0.0,2318.5469141520307,323
load_light,use_charge_time_term_False,2,15,5,0.3,306,306,0,0.0,2.5535660889394927,1.001,1.5525660889394928,0.0,1001.0,0.0,1001.0,0,2.943019943019943,4003.976695151185,2578.941227478508,0,0.1259259259259259,0.0,2181.158118657078,351
load_light,use_charge_time_term_False,2,16,5,0.3,285,285,0,0.0,2.5395742160215136,1.001,1.5385742160215137,0.0,1001.0,0.0,1001.0,0,3.200617283950617,3984.6119081766183,2598.4740936630847,0,0.16246153846153846,0.0,2173.819084150287,324
load_light,use_charge_time_term_False,2,17,5,0.3,314,314,0,0.0,2.5590290803462907,1.0,1.5590290803462907,0.0,1000.0,0.0,1000.0,0,3.303834808259587,4291.602500639016,2752.7405067297955,0,0.14749262536873156,0.0,2288.0625358170073,339
load_light,use_charge_time_term_False,2,18,5,0.3,315,315,0,0.0,2.5544516054842257,0.998,1.5564516054842257,0.0,998.0,0.0,998.0,0,3.1598837209302326,4207.708829925563,2724.814667102606,0,0.16184971098265896,0.0,2236.2656077111646,344
load_light,use_charge_time_term_False,3,19,5,0.3,299,299,0,0.0,2.4721481651454926,1.0,1.4721481651454928,0.0,1000.0,0.0,1000.0,0,3.0507042253521126,4203.127277608226,2855.0979970095336,0,0.19549295774647887,0.0,2075.1895756841127,355
load_light,use_charge_time_term_False,3,20,5,0.3,304,304,0,0.0,2.4053454384819415,0.997,1.4083454384819414,0.0,997.0,0.0,997.0,0,3.2901234567901234,4088.7804628008867,2922.185862229602,0,0.2067484662576687,0.0,2250.860431988615,324
load_light,use_charge_time_term_False,3,21,5,0.3,329,329,0,0.0,2.47743558582676,0.995,1.4824355858267597,0.0,995.0,0.0,995.0,0,3.0129533678756477,4504.745753026523,3038.7463685405964,0,0.15077720207253886,0.0,2027.908292444606,386
load_light,use_charge_time_term_False,3,22,5,0.3,303,303,0,0.0,2.4346424542671863,1.0,1.4346424542671863,0.0,1000.0,0.0,1000.0,0,3.1875,4091.0805062194067,2853.9611576210436,0,0.1916913946587537,0.0,2124.4688405177226,336
load_light,use_charge_time_term_False,3,23,5,0.3,298,298,0,0.0,2.4272921712476534,1.0,1.4272921712476534,0.0,1000.0,0.0,1000.0,0,2.922857142857143,3926.0011598294645,2750.6639768068894,0,0.18171428571428572,0.0,2095.839427118855,350
load_light,use_charge_time_term_False,3,24,5,0.3,283,283,0,0.0,2.4363531529004625,1.0,1.4363531529004625,0.0,1000.0,0.0,1000.0,0,2.9473684210526314,3915.7066123535396,2726.144753778979,0,0.19416909620991255,0.0,2024.4542269019882,342
load_light,use_charge_time_term_False,4,25,5,0.3,289,289,0,0.0,2.451129020436968,1.001,1.4501290204369681,0.0,1001.0,0.0,1001.0,0,2.823943661971831,4691.057503998208,3234.9242294210108,0,0.14988290398126464,0.0,1659.5330203837548,426
load_light,use_charge_time_term_False,4,26,5,0.3,286,286,0,0.0,2.487327417379584,1.001,1.486327417379584,0.0,1001.0,0.0,1001.0,0,2.86810551558753,4666.680940783597,3141.982190135558,0,0.17416267942583732,0.0,1670.906697032287,417
load_light,use_charge_time_term_False,4,27,5,0.3,316,316,0,0.0,2.456816488071675,1.001,1.455816488071675,0.0,1001.0,0.0,1001.0,0,2.823529411764706,5060.775526038022,3494.562834250625,0,0.15314533622559653,0.0,1676.5216923037992,459
load_light,use_charge_time_term_False,4,28,5,0.3,256,256,0,0.0,2.4787274924555494,0.994,1.4847274924555491,0.0,994.0,0.0,994.0,0,2.9596774193548385,4257.059625922482,2882.9485417398178,0,0.16943699731903486,0.0,1721.0112623408456,372
load_light,use_charge_time_term_False,4,29,5,0.3,342,342,0,0.0,2.4857741559301525,1.002,1.4837741559301525,0.0,1002.0,0.0,1002.0,0,2.6745562130177514,5343.021145993745,3614.4457190869534,0,0.13280943025540276,0.0,1581.1390946308163,507
load_light,use_charge_time_term_False,4,30,5,0.3,309,309,0,0.0,2.429046198296006,1.002,1.4270461982960057,0.0,1002.0,0.0,1002.0,0,2.715498938428875,4997.390596053042,3501.912273071575,0,0.14957627118644068,0.0,1543.1493655156928,471
load_saturated,baseline,0,1,5,1.6,1589,1589,0,0.0,2.015674795161635,1.001,1.014674795161635,0.0,1001.0,0.0,1001.0,0,31.556521739130435,15425.07849366613,15549.20881332328,0,0.44426229508196724,3.151848151848152,22.77417363194352,230
load_saturated,baseline,0,2,5,1.6,1630,1630,0,0.0,2.015130376940001,1.003,1.0121303769400014,0.0,1003.0,0.0,1003.0,0,31.628099173553718,16183.856059976495,16347.14097758744,0,0.43333333333333335,5.864406779661017,20.634493061391883,242
load_saturated,baseline,0,3,5,1.6,1617,1617,0,0.0,2.028079762654575,1.002,1.0260797626545748,0.0,1002.0,0.0,1002.0,0,31.677551020408163,16451.092825145024,16470.853760286594,0,0.45153846153846156,6.0199600798403194,20.945765292988373,245
load_saturated,baseline,0,4,5,1.6,1613,1613,0,0.15623062616243025,2.0833552679084875,1.056,0.9992367531508822,0.028118514757605153,1056.0,2040.98239368077,1056.0,2040.98239368077,31.578059071729957,15841.34964146069,16135.893314527684,0,0.4645669291338583,7.351325757575758,21.31141826701094,237
load_saturated,baseline,0,5,5,1.6,1617,1617,0,0.0,2.020828614029239,1.001,1.0198286140292392,0.0,1001.0,0.0,1001.0,0,31.627118644067796,15838.634153616722,15929.851829045832,0,0.444,3.5734265734265733,23.830003570765257,236
load_saturated,baseline,0,6,5,1.6,1705,1705,0,0.0,2.0328667385212333,1.022,1.0108667385212333,0.0,1022.0,0.0,1022.0,0,31.56734693877551,16400.79434985592,16573.006593277587,0,0.45475285171102664,6.586105675146771,19.893910914673665,245
load_saturated,baseline,1,7,5,1.6,1570,1292,278,0.5082802547770701,4.067305994126198,1.135,0.9975293841587637,1.9347766099674346,1135.0,136691.96749419926,1135.0,89175.42240405764,31.86315789473684,12884.099032341766,13114.226229906395,0,0.5565217391304348,11.011453744493393,22.32173897532953,190
load_saturated,baseline,1,8,5,1.6,1546,1305,241,0.4398447606727037,4.254181523417392,1.135,0.9931367631658099,2.126044760251582,1135.0,147908.93397070255,1135.0,104367.39142417752,31.88235294117647,12673.651588251394,12982.299279512617,0,0.5473170731707317,11.57885462555066,22.284876521131615,187
load_saturated,baseline,1,9,5,1.6,1570,1424,146,0.521656050955414,3.5424386623633657,1.135,1.0018277532539699,1.4056109091093962,1135.0,99306.41072857885,1135.0,78519.24256057898,31.830917874396135,14009.415855317446,14289.053624763212,0,0.5548672566371682,10.445814977973567,21.415036552857643,207
load_saturated,baseline,1,10,5,1.6,1595,1389,206,0.5322884012539185,4.209736079362015,1.135,0.998062797253764,2.0766732821082514,1135.0,149053.22482331973,1135.0,115906.80774360157,31.723618090452263,13421.557870728142,13679.524313489059,0,0.5412844036697247,11.044933920704846,21.65092582549524,199
load_saturated,baseline,1,11,5,1.6,1610,1323,287,0.5701863354037268,4.54987450614242,1.135,0.9927516311984772,2.422122874943943,1135.0,175482.80228968867,1135.0,124291.40580209727,31.838541666666668,12990.233334427765,13345.5255193959,0,0.5734597156398105,11.226431718061674,21.67535359834396,192
load_saturated,baseline,1,12,5,1.6,1554,1429,125,0.4543114543114543,3.18570819943758,1.135,1.001123349065494,1.0495848503720857,1135.0,73397.46858651996,1135.0,56471.29616826114,31.745283018867923,14307.584914800975,14550.359926758028,0,0.5460869565217391,9.672246696035243,22.233917084320083,212
load_saturated,baseline,2,13,5,1.6,1618,1618,0,0.5951792336217553,2.703278090630874,1.127,1.0088462124984587,0.5674318781324154,1127.0,41314.71504682116,1127.0,41314.71504682116,31.59227467811159,15597.345053609484,15780.848034146615,0,0.4232,8.846495119787045,21.884793182834983,233
load_saturated,baseline,2,14,5,1.6,1596,1456,140,0.5877192982456141,3.491834576500266,1.135,0.9912571822737053,1.365577394226561,1135.0,98075.76845335161,1135.0,79758.83313159563,31.604761904761904,14102.644589134065,14475.401879912019,0,0.46899563318777293,10.829955947136565,20.916160403478354,210
load_saturated,baseline,2,15,5,1.6,1594,1478,116,0.49121706398996234,3.1293326028270823,1.135,0.9926008725897083,1.0017317302373738,1135.0,71854.21700992683,1135.0,57212.51207156265,31.56872037914692,14147.819911238563,14448.088272567527,0,0.45638766519823787,10.130396475770926,21.893393129340087,211
load_saturated,baseline,2,16,5,1.6,1548,1548,0,0.05813953488372093,2.0777098357094768,1.053,1.0120190324265,0.012690803282976821,1053.0,884.0413566921653,1053.0,884.0413566921653,31.662222222222223,15140.22246765838,15336.137021424356,0,0.45925925925925926,8.195631528964862,21.415637804141628,225
load_saturated,baseline,2,17,5,1.6,1649,1478,171,0.3323226197695573,3.052048357095696,1.135,0.9871466100859637,0.9299017470097324,1135.0,69003.3591368572,1135.0,45597.607350837374,31.61611374407583,14194.525651179634,14559.601705079638,0,0.4808695652173913,10.469603524229075,21.427825761392064,211
load_saturated,baseline,2,18,5,1.6,1666,1452,214,0.6044417767106842,4.307869060744222,1.135,0.9995603133861938,2.173308747358029,1135.0,162932.95678943142,1135.0,128357.36820447438,31.582938388625593,14146.556690907515,14388.819415079728,0,0.4643171806167401,10.703083700440528,21.088535801019308,211
load_saturated,baseline,3,19,5,1.6,1595,1571,24,0.39373040752351096,2.5696367706324916,1.135,1.0023788576963897,0.432257912936102,1135.0,31025.31170098872,1135.0,28692.412819877012,31.63519313304721,15645.838258713857,15909.387475004956,0,0.48446215139442234,8.627312775330397,21.214743026075848,233
load_saturated,baseline,3,20,5,1.6,1605,1605,0,0.12897196261682242,2.157365810687516,1.085,1.002640664952227,0.06972514573528941,1085.0,5035.898650731278,1085.0,5035.898650731278,31.646551724137932,15605.911420320132,15774.912626436868,0,0.4854838709677419,8.748387096774193,21.534674986821386,232
load_saturated,baseline,3,21,5,1.6,1566,1566,0,0.0,2.0173015036573028,1.001,1.0163015036573029,0.0,1001.0,0.0,1001.0,0,31.575757575757574,15474.482092453036,15436.377521750646,0,0.45596707818930043,5.364635364635364,21.972423543915948,231
load_saturated,baseline,3,22,5,1.6,1629,1629,0,0.0,2.03282610362728,1.03,1.0028261036272799,0.0,1030.0,0.0,1030.0,0,31.786324786324787,15778.531470793478,16022.348083635387,0,0.4972332015810277,7.619417475728155,20.024904349943984,234
load_saturated,baseline,3,23,5,1.6,1578,1578,0,0.0,2.0434769005256816,1.041,1.002476900525682,0.0,1041.0,0.0,1041.0,0,31.624454148471617,15307.565011550341,15586.777372009776,0,0.43562753036437246,7.5590778097982705,21.275309874084197,229
load_saturated,baseline,3,24,5,1.6,1598,1598,0,0.0,2.0241742890510137,1.008,1.0161742890510135,0.0,1008.0,0.0,1008.0,0,31.608510638297872,15745.828347180512,15975.974923649777,0,0.4743083003952569,4.300595238095238,23.143476412701514,235
load_saturated,baseline,4,25,5,1.6,1578,1433,145,0.29594423320659063,2.926148612363296,1.135,0.9902292210883985,0.8009193912748976,1135.0,56873.28597443048,1135.0,36713.12725421807,31.612745098039216,13717.117660197444,14137.299139965375,0,0.547085201793722,9.357709251101321,22.275785230634725,204
load_saturated,baseline,4,26,5,1.6,1594,1453,141,0.42973651191969886,3.0032472155089653,1.135,0.9943929995471716,0.8738542159617941,1135.0,62681.562910939494,1135.0,44074.596283663435,31.590697674418603,14434.061924487552,14652.264413219018,0,0.5103448275862069,9.976211453744494,21.951298424090933,215
load_saturated,baseline,4,27,5,1.6,1583,1201,382,0.46051800379027164,4.894896194165176,1.135,0.9785118258208123,2.7813843683443635,1135.0,198131.91547901073,1135.0,115028.99491648888,31.622857142857143,11794.26958718246,12268.150778074247,0,0.538860103626943,11.99295154185022,22.51606352550069,175
load_saturated,baseline,4,28,5,1.6,1574,1545,29,0.20838627700127066,2.4463709150228103,1.135,0.9995667806394595,0.31180413438335086,1135.0,22085.086838372743,1134.0,19258.288736981875,31.70044052863436,15263.303378826717,15506.674896999479,0,0.5373983739837398,8.343612334801762,21.302031695736737,227
load_saturated,baseline,4,29,5,1.6,1686,1434,252,0.4068801897983393,3.8749940727451184,1.135,0.9830898829698842,1.756904189775234,1135.0,133296.320878247,1135.0,92407.17333509521,31.55121951219512,13732.577536987332,14108.102475507098,0,0.5243243243243243,10.514537444933922,21.99189547608766,205
load_saturated,baseline,4,30,5,1.6,1525,1363,162,0.42688524590163934,3.7196105167858975,1.135,0.9880162428156054,1.5965942739702919,1135.0,109566.28205121128,1135.0,86003.38899680082,31.623711340206185,13048.54408548656,13453.87912683313,0,0.5320754716981132,10.317180616740089,22.95707565521435,194
load_saturated,jsq,0,1,5,1.6,1589,1589,0,0.0,2.0570924036486873,1.003,1.0540924036486874,0.0,1003.0,0.0,1003.0,0,31.86192468619247,16339.362700688274,15806.378197918066,0,0.4477732793522267,0.8464606181455633,31.044128396159966,239
load_saturated,jsq,0,2,5,1.6,1630,1630,0,0.0,2.05269828841277,1.003,1.0496982884127701,0.0,1003.0,0.0,1003.0,0,31.99590163934426,16735.784778272246,16286.479173753773,0,0.46482213438735176,1.0209371884346958,31.78142358110886,244
load_saturated,jsq,0,3,5,1.6,1617,1617,0,0.0,2.043787291063653,1.001,1.042787291063653,0.0,1001.0,0.0,1001.0,0,31.97530864197531,16664.481692592828,16279.102719818891,0,0.468503937007874,1.1858141858141857,30.502361175787495,243
load_saturated,jsq,0,4,5,1.6,1613,1613,0,0.0,2.060597256755347,1.002,1.058597256755347,0.0,1002.0,0.0,1002.0,0,31.94238683127572,16646.24741608058,16123.156189878426,0,0.4267716535433071,1.3992015968063871,30.7413382276042,243
load_saturated,jsq,0,5,5,1.6,1617,1617,0,0.0,2.054583937446505,1.002,1.052583937446505,0.0,1002.0,0.0,1002.0,0,31.925619834710744,16584.585493017938,16133.421365727247,0,0.452,1.0079840319361277,31.65080118924379,242
load_saturated,jsq,0,6,5,1.6,1705,1705,0,0.0,2.062332540955267,1.003,1.059332540955267,0.0,1003.0,0.0,1003.0,0,32.007782101167315,17624.63720239346,16921.309280949274,0,0.45789473684210524,1.6151545363908275,30.087220440513658,257
load_saturated,jsq,1,7,5,1.6,1570,1570,0,0.0,2.0403229793030677,1.002,1.0383229793030675,0.0,1002.0,0.0,1002.0,0,32.0,15706.756239989756,15514.50508899026,0,0.5795081967213115,3.3512974051896207,27.896721177490154,229
load_saturated,jsq,1,8,5,1.6,1546,1546,0,0.32470892626131953,2.2848588535765266,1.111,1.0199416237508774,0.15391722982564926,1111.0,10708.021678970419,1111.0,10708.021678970419,31.986784140969164,15588.902830005918,15436.667361341391,0,0.5673469387755102,8.372637263726373,26.98366534991228,227
load_saturated,jsq,1,9,5,1.6,1570,1566,4,0.21210191082802549,2.53892805459506,1.135,1.0147165820222803,0.38921147257277944,1135.0,27497.79053726687,1134.0,27132.820376884123,31.850877192982455,15564.235306698529,15539.904025079353,0,0.5619433198380567,7.859911894273128,27.336438256221623,228
load_saturated,jsq,1,10,5,1.6,1595,1595,0,0.0,2.0493795432352613,1.003,1.0463795432352612,0.0,1003.0,0.0,1003.0,0,32.0,16414.030209970086,15988.339701804678,0,0.532,3.917248255234297,27.24839560687542,240
load_saturated,jsq,1,11,5,1.6,1610,1610,0,0.0,2.043207849817501,1.005,1.0382078498175011,0.0,1005.0,0.0,1005.0,0,32.01673640167364,16358.173656907378,16050.568303220032,0,0.5419607843137255,3.806965174129353,28.771372037191018,239
load_saturated,jsq,1,12,5,1.6,1554,1530,24,0.1788931788931789,2.5027339146475045,1.135,1.022968842669905,0.34476507197759987,1135.0,24109.42148339356,1135.0,21763.17404483164,32.008849557522126,15531.826545120006,15526.205234358957,0,0.5975409836065574,7.93920704845815,26.35573323235893,226
load_saturated,jsq,2,13,5,1.6,1618,1618,0,0.0,2.0583030754834963,1.003,1.0553030754834964,0.0,1003.0,0.0,1003.0,0,32.008230452674894,16700.43031882901,16172.183977776302,0,0.4595238095238095,1.4137587238285145,30.28571599214855,243
load_saturated,jsq,2,14,5,1.6,1596,1596,0,0.0,2.0566299793436356,1.002,1.0546299793436353,0.0,1002.0,0.0,1002.0,0,31.99590163934426,16754.645682899365,16085.341120799865,0,0.464,1.2355289421157685,31.501604011282325,244
load_saturated,jsq,2,15,5,1.6,1594,1594,0,0.0,2.045660430125519,1.001,1.0446604301255193,0.0,1001.0,0.0,1001.0,0,31.935897435897434,16065.120940322473,15692.823720049577,0,0.4595918367346939,1.074925074925075,31.71999373340181,234
load_saturated,jsq,2,16,5,1.6,1548,1548,0,0.0,2.061905799766178,1.001,1.0609057997661784,0.0,1001.0,0.0,1001.0,0,31.892241379310345,15898.140894562865,15274.227392358935,0,0.4633333333333333,0.6273726273726273,30.54834014619701,232
load_saturated,jsq,2,17,5,1.6,1649,1649,0,0.0,2.0531004162967728,1.002,1.0511004162967725,0.0,1002.0,0.0,1002.0,0,32.09016393442623,16776.930465596815,16307.196463337352,0,0.4556862745098039,1.941117764471058,30.161564320544986,244
load_saturated,jsq,2,18,5,1.6,1666,1666,0,0.0,2.0655185171524075,1.002,1.0635185171524075,0.0,1002.0,0.0,1002.0,0,32.051383399209485,17389.56415831297,16555.869075937644,0,0.4416988416988417,1.4950099800399201,29.688028836241674,253
load_saturated,jsq,3,19,5,1.6,1595,1595,0,0.0,2.0472992940934396,1.001,1.0462992940934397,0.0,1001.0,0.0,1001.0,0,31.958677685950413,16587.828926124563,16185.698578278234,0,0.4650793650793651,1.5354645354645355,30.48809363491951,242
load_saturated,jsq,3,20,5,1.6,1605,1605,0,0.0,2.0534364589240837,1.002,1.0514364589240837,0.0,1002.0,0.0,1002.0,0,32.09322033898305,16272.2459202477,15816.670623765283,0,0.5056910569105691,1.4920159680638723,31.216259822400847,236
load_saturated,jsq,3,21,5,1.6,1566,1566,0,0.0,2.057450882430469,1.001,1.056450882430469,0.0,1001.0,0.0,1001.0,0,32.004149377593365,16561.46598512617,15879.185356460393,0,0.4612903225806452,1.4605394605394606,30.39113465591424,241
load_saturated,jsq,3,22,5,1.6,1629,1629,0,0.0,2.0487538206178835,1.0,1.0487538206178835,0.0,1000.0,0.0,1000.0,0,32.01239669421488,16653.615068566123,16131.990235371484,0,0.46215139442231074,1.305,29.876493789493086,242
load_saturated,jsq,3,23,5,1.6,1578,1578,0,0.0,2.042735077827139,1.002,1.0407350778271391,0.0,1002.0,0.0,1002.0,0,31.88888888888889,16018.572031850434,15621.969832661141,0,0.4570247933884298,0.9291417165668663,32.743388567550866,234
load_saturated,jsq,3,24,5,1.6,1598,1598,0,0.0,2.041805161836238,1.001,1.0408051618362377,0.0,1001.0,0.0,1001.0,0,31.89075630252101,16291.124865586738,15995.430051166735,0,0.4588709677419355,1.4375624375624376,29.89434588309978,238
load_saturated,jsq,4,25,5,1.6,1578,1578,0,0.0,2.0574398679442245,1.002,1.0554398679442247,0.0,1002.0,0.0,1002.0,0,32.050632911392405,16337.623817816813,15830.110046913549,0,0.5314285714285715,1.750499001996008,30.02489208985044,237
load_saturated,jsq,4,26,5,1.6,1594,1594,0,0.0,2.052954917910644,1.007,1.0459549179106444,0.0,1007.0,0.0,1007.0,0,32.179591836734694,16880.89450803876,16442.489995772423,0,0.5449612403100775,4.30883813306852,26.081006679785,245
load_saturated,jsq,4,27,5,1.6,1583,1583,0,0.0,2.0733430726846414,1.002,1.0713430726846414,0.0,1002.0,0.0,1002.0,0,32.18828451882845,16558.562881559174,15840.396843243045,0,0.5397590361445783,2.6107784431137726,28.684742311127934,239
load_saturated,jsq,4,28,5,1.6,1574,1574,0,0.0,2.052073846843858,1.002,1.0500738468438582,0.0,1002.0,0.0,1002.0,0,32.143459915611814,16374.89186393583,15984.971727618173,0,0.5204819277108433,1.9890219560878244,28.549808537565085,237
load_saturated,jsq,4,29,5,1.6,1686,1686,0,0.0,2.051515975935582,1.001,1.050515975935582,0.0,1001.0,0.0,1001.0,0,32.242063492063494,17409.186843508785,17068.6223522481,0,0.5385767790262173,5.073926073926074,24.008236333644124,252
load_saturated,jsq,4,30,5,1.6,1525,1525,0,0.0,2.049553622672661,1.003,1.046553622672661,0.0,1003.0,0.0,1003.0,0,31.97835497835498,15846.315128543802,15438.739949196732,0,0.5195020746887967,3.1216350947158524,28.5190890960519,231
load_saturated,ours,0,1,5,1.6,1589,1589,0,0.0,2.496620945896008,1.002,1.494620945896008,0.0,1002.0,0.0,1002.0,0,3.284149855907781,21824.674237390453,14622.218628342851,0,0.09268854346574554,1.120758483033932,1463.8160043741884,1735
load_saturated,ours,0,2,5,1.6,1630,1630,0,0.0,2.507877018103433,1.001,1.5068770181034334,0.0,1001.0,0.0,1001.0,0,3.3392363032650803,22993.921823406752,15292.503334088879,0,0.09740761169332599,1.5294705294705295,1352.2505243290864,1807
load_saturated,ours,0,3,5,1.6,1617,1617,0,0.0,2.5131516140354755,1.002,1.5111516140354753,0.0,1002.0,0.0,1002.0,0,3.2888513513513513,22381.621572769607,14868.321636792774,0,0.09584736251402919,1.3033932135728543,1413.4019082602883,1776
load_saturated,ours,0,4,5,1.6,1613,1613,0,0.0,2.516453814602115,1.002,1.5144538146021147,0.0,1002.0,0.0,1002.0,0,3.363995485327314,22695.32159020987,15007.823087372548,0,0.09284507042253522,1.5508982035928143,1367.167267410583,1772
load_saturated,ours,0,5,5,1.6,1617,1617,0,0.0,2.5050184733266128,1.001,1.5040184733266129,0.0,1001.0,0.0,1001.0,0,3.315700619020822,22483.19557486166,14977.561318360804,0,0.09304152637485971,1.5814185814185815,1424.0952867083772,1777
load_saturated,ours,0,6,5,1.6,1705,1705,0,0.0,2.517128322213016,1.002,1.5151283222130159,0.0,1002.0,0.0,1002.0,0,3.284188034188034,23545.401899067903,15553.403334610008,0,0.09301333333333334,2.0,1341.6635734339557,1872
load_saturated,ours,1,7,5,1.6,1570,1570,0,0.05923566878980892,2.6507265798760247,1.067,1.571875543813838,0.011851036062186605,1067.0,837.2756977934837,1067.0,837.2756977934837,3.4523018509729475,27218.89591365137,17509.37664445618,0,0.15438265786993402,5.253045923149016,804.7101794260147,2107
load_saturated,ours,1,8,5,1.6,1546,1546,0,0.2115135834411384,2.6532363179970058,1.041,1.5730420684295325,0.03919424956747305,1041.0,2726.7439424091,1041.0,2726.7439424091,3.270358306188925,26644.34930752156,17060.122682578116,0,0.14595094863489125,5.068203650336216,784.5993981048489,2149
load_saturated,ours,1,9,5,1.6,1570,1570,0,0.0,2.6288075000342546,1.038,1.5908075000342545,0.0,1038.0,0.0,1038.0,0,3.299219825608077,27434.095390471022,17511.07333586606,0,0.14813126709206928,5.696531791907514,682.6621234986197,2179
load_saturated,ours,1,10,5,1.6,1595,1595,0,0.0018808777429467085,2.6487414712134,1.041,1.6075593852965535,0.0001820859168467356,1041.0,13.069216681674447,1041.0,13.069216681674447,3.3461538461538463,28417.32797685003,17857.519772008818,0,0.14797687861271677,6.098943323727186,627.4304140420037,2236
load_saturated,ours,1,11,5,1.6,1610,1610,0,0.18012422360248448,2.633601097275178,1.046,1.5701044245266451,0.017496672748533497,1046.0,1267.6339406312518,1046.0,1267.6339406312518,3.2375109553023664,27969.940851105785,17960.06945010059,0,0.1465156794425087,5.8862332695984705,666.4793116037688,2282
load_saturated,ours,1,12,5,1.6,1554,1554,0,0.1956241956241956,2.6472652396726493,1.046,1.5568909166180207,0.04437432305462832,1046.0,3103.0964112101587,1046.0,3103.0964112101587,3.3782021425244526,27319.901703620842,17639.793991870854,0,0.14761242466388502,5.3499043977055445,764.1028275965477,2147
load_saturated,ours,2,13,5,1.6,1618,1618,0,0.0,2.5245162163319064,1.002,1.5225162163319061,0.0,1002.0,0.0,1002.0,0,2.937658388241257,22468.27529629621,14801.117860837296,0,0.08173562058526741,1.9850299401197604,1261.7085767074889,1973
load_saturated,ours,2,14,5,1.6,1596,1596,0,0.0,2.5379952561491246,1.001,1.5369952561491245,0.0,1001.0,0.0,1001.0,0,2.882793017456359,22530.82158550517,14715.392361613882,0,0.08660714285714285,1.8171828171828173,1200.3856153901397,2005
load_saturated,ours,2,15,5,1.6,1594,1594,0,0.0,2.517778578838942,1.002,1.515778578838942,0.0,1002.0,0.0,1002.0,0,3.0247108307045214,22243.734926404224,14694.583521207409,0,0.08599895123230204,1.62375249500998,1312.5028841109097,1902
load_saturated,ours,2,16,5,1.6,1548,1548,0,0.0,2.5116487932379226,1.001,1.510648793237923,0.0,1001.0,0.0,1001.0,0,3.024390243902439,21630.189729011818,14322.889934796538,0,0.09469122426868906,1.3886113886113887,1328.5542797662504,1845
load_saturated,ours,2,17,5,1.6,1649,1649,0,0.0,2.5469286275668273,1.001,1.5459286275668274,0.0,1001.0,0.0,1001.0,0,2.8819875776397517,23564.6203161998,15273.20638342202,0,0.07771428571428571,2.3596403596403595,1121.1606188000933,2093
load_saturated,ours,2,18,5,1.6,1666,1666,0,0.0,2.5701033792035286,1.003,1.5671033792035287,0.0,1003.0,0.0,1003.0,0,3.043310875842156,24487.487568228644,15647.226103249717,0,0.08620855358000962,3.01296111665005,1093.9393085288846,2078
load_saturated,ours,3,19,5,1.6,1595,1595,0,0.0,2.5412964580541226,1.002,1.5392964580541224,0.0,1002.0,0.0,1002.0,0,3.514829322887521,23835.833525181293,15517.370549516132,0,0.11051752921535893,2.3572854291417165,1292.731440986279,1787
load_saturated,ours,3,20,5,1.6,1605,1605,0,0.0,2.517880928498025,1.002,1.5158809284980252,0.0,1002.0,0.0,1002.0,0,3.621432731508445,23552.97104562167,15546.276713374327,0,0.11436881908086097,2.124750499001996,1280.4959857876456,1717
load_saturated,ours,3,21,5,1.6,1566,1566,0,0.0,2.4980545782786088,1.001,1.4970545782786089,0.0,1001.0,0.0,1001.0,0,3.4984966927239927,22168.748922544106,14828.282979549776,0,0.1197841726618705,1.4045954045954046,1398.3562350417187,1663
load_saturated,ours,3,22,5,1.6,1629,1629,0,0.0,2.5103625811794066,1.001,1.509362581179407,0.0,1001.0,0.0,1001.0,0,3.630359212050985,23679.380852060975,15701.582341828367,0,0.11851851851851852,2.072927072927073,1331.2062497384936,1726
load_saturated,ours,3,23,5,1.6,1578,1578,0,0.0,2.4827801488433465,1.001,1.4817801488433464,0.0,1001.0,0.0,1001.0,0,3.378205128205128,22134.442823740195,14964.732009030433,0,0.11725740848343986,1.2627372627372628,1409.2701912453351,1716
load_saturated,ours,3,24,5,1.6,1598,1598,0,0.0,2.5157965034252845,1.002,1.5137965034252847,0.0,1002.0,0.0,1002.0,0,3.607079646017699,23139.989946990063,15325.699256470192,0,0.11040564373897707,1.780439121756487,1390.9759550538245,1695
load_saturated,ours,4,25,5,1.6,1578,1578,0,0.0,2.5650716957046606,1.002,1.5630716957046606,0.0,1002.0,0.0,1002.0,0,3.5193370165745854,26586.30827466459,17064.460328103927,0,0.11213180229655517,4.735528942115768,846.502146874501,1991
load_saturated,ours,4,26,5,1.6,1594,1594,0,0.0012547051442910915,2.641676557155607,1.039,1.6023187728695483,0.0003577842860588742,1039.0,25.66386683900305,1039.0,25.66386683900305,3.6799395161290325,27253.78228549649,17053.220543800926,0,0.1271629778672032,4.864292589027912,860.0704227346961,1984
load_saturated,ours,4,27,5,1.6,1583,1583,0,0.0006317119393556538,2.5787044287177117,1.004,1.5746082543095514,9.617440816038272e-05,1004.0,6.850983965304863,1004.0,6.850983965304863,3.5245901639344264,26908.18217082627,17116.330636778297,0,0.127893175074184,4.997011952191235,818.8019291362813,2013
load_saturated,ours,4,28,5,1.6,1574,1574,0,0.0006353240152477764,2.602879083350814,1.04,1.5628398494703037,3.923388051007879e-05,1040.0,2.778935756528881,1040.0,2.778935756528881,3.520665322580645,26229.37508888429,16969.969689898186,0,0.13086172344689379,4.696153846153846,921.0338178095417,1984
load_saturated,ours,4,29,5,1.6,1686,1686,0,0.0005931198102016608,2.5653978957247894,1.011,1.5543861719316223,1.1723793167583882e-05,1011.0,0.8894841876245891,1011.0,0.8894841876245891,3.562291169451074,28182.840582642522,18221.238128648696,0,0.12839506172839507,5.607319485657764,732.4044164606253,2095
load_saturated,ours,4,30,5,1.6,1525,1525,0,0.0,2.5649835918932435,1.002,1.5629835918932435,0.0,1002.0,0.0,1002.0,0,3.3666666666666667,25018.676806683412,16021.927722021639,0,0.12746803069053708,3.25249500998004,974.8440404372562,1950
load_saturated,B3_use_queue_term_False,0,1,5,1.6,1589,1589,0,0.0,2.393835466889583,1.002,1.3918354668895834,0.0,1002.0,0.0,1002.0,0,3.067435158501441,20445.933516288227,14706.671396559967,0,0.09735327963176064,0.0,1607.4528183476727,1735
load_saturated,B3_use_queue_term_False,0,2,5,1.6,1630,1630,0,0.0,2.403902141617242,1.003,1.4009021416172418,0.0,1003.0,0.0,1003.0,0,3.0856820744081173,20983.932104333606,15026.459126331381,0,0.10185497470489038,0.0,1595.3764480202574,1774
load_saturated,B3_use_queue_term_False,0,3,5,1.6,1617,1617,0,0.0,2.4001132889520735,1.001,1.3991132889520737,0.0,1001.0,0.0,1001.0,0,3.1316239316239316,21049.227918507466,15092.3408075061,0,0.09630891538898353,0.0,1575.5555362952052,1755
load_saturated,B3_use_queue_term_False,0,4,5,1.6,1613,1613,0,0.0,2.390722348488664,1.002,1.388722348488664,0.0,1002.0,0.0,1002.0,0,3.06355455568054,21014.984937544104,15171.00829680407,0,0.0976457399103139,0.0,1562.2007285611237,1778
load_saturated,B3_use_queue_term_False,0,5,5,1.6,1617,1617,0,0.0,2.3932601593044964,1.002,1.3912601593044962,0.0,1002.0,0.0,1002.0,0,3.1404526987811954,20685.514993062534,14896.937035431698,0,0.10219907407407407,0.0,1636.5810752850612,1723
load_saturated,B3_use_queue_term_False,0,6,5,1.6,1705,1705,0,0.0,2.3884781996092843,1.002,1.3864781996092843,0.0,1002.0,0.0,1002.0,0,3.0336408030385242,21604.050088214983,15622.832555886742,0,0.10390032502708559,0.0,1576.3984830080879,1843
load_saturated,B3_use_queue_term_False,1,7,5,1.6,1570,1570,0,0.0006369426751592356,2.3807836499819786,1.001,1.3797612986519618,2.235133001695997e-05,1001.0,1.579121465698222,1001.0,1.579121465698222,2.597228430934287,22923.32255161874,16647.79932639733,0,0.14732142857142858,0.0,1209.2869196879162,2237
load_saturated,B3_use_queue_term_False,1,8,5,1.6,1546,1546,0,0.0,2.4008790265861353,1.002,1.3988790265861353,0.0,1002.0,0.0,1002.0,0,2.792037470725995,23269.47661194634,16653.43667026564,0,0.1617399438727783,0.0,1203.1741346314486,2135
load_saturated,B3_use_queue_term_False,1,9,5,1.6,1570,1570,0,0.0,2.3728003761849,1.002,1.3708003761849,0.0,1002.0,0.0,1002.0,0,2.6495454545454544,22914.293713075596,16764.629466839582,0,0.15181488203266788,0.0,1201.207394859147,2200
load_saturated,B3_use_queue_term_False,1,10,5,1.6,1595,1595,0,0.0,2.3911592947976454,1.001,1.3901592947976456,0.0,1001.0,0.0,1001.0,0,2.690748898678414,23912.76998758181,17259.007710390757,0,0.14789103690685412,0.0,1150.4664326871064,2270
load_saturated,B3_use_queue_term_False,1,11,5,1.6,1610,1610,0,0.0,2.4045830798285843,1.003,1.4015830798285847,0.0,1003.0,0.0,1003.0,0,2.655863539445629,24382.981024764787,17422.904173772054,0,0.14746700723712217,0.0,1135.9715622938177,2345
load_saturated,B3_use_queue_term_False,1,12,5,1.6,1554,1554,0,0.0,2.375621376652978,1.002,1.373621376652978,0.0,1002.0,0.0,1002.0,0,2.680965147453083,23563.14368699081,17178.297761951213,0,0.14377510040160643,0.0,1187.401918738221,2238
load_saturated,B3_use_queue_term_False,2,13,5,1.6,1618,1618,0,0.0,2.385776225685663,1.002,1.383776225685663,0.0,1002.0,0.0,1002.0,0,2.7441130298273158,20430.17799077064,14805.027198156391,0,0.08727841501564129,0.0,1521.5845673883525,1911
load_saturated,B3_use_queue_term_False,2,14,5,1.6,1596,1596,0,0.0,2.4005735904511516,1.002,1.3985735904511514,0.0,1002.0,0.0,1002.0,0,2.694123819517314,20190.441222657704,14481.736745406915,0,0.09257322175732217,0.0,1470.9678342335499,1906
load_saturated,B3_use_queue_term_False,2,15,5,1.6,1594,1594,0,0.0,2.384025551942149,1.002,1.382025551942149,0.0,1002.0,0.0,1002.0,0,2.8951434878587197,20312.70335870369,14748.427284908856,0,0.09944994499449945,0.0,1538.9701317648974,1812
load_saturated,B3_use_queue_term_False,2,16,5,1.6,1548,1548,0,0.0,2.3866276721519233,1.001,1.3856276721519232,0.0,1001.0,0.0,1001.0,0,2.8521008403361345,19755.79779951427,14267.275062532835,0,0.10811415780637941,0.0,1512.8924454435723,1785
load_saturated,B3_use_queue_term_False,2,17,5,1.6,1649,1649,0,0.0,2.3851919757242563,1.001,1.3841919757242565,0.0,1001.0,0.0,1001.0,0,2.83078545071165,20860.501874809615,15113.873105545608,0,0.09595375722543352,0.0,1496.8689971422866,1897
load_saturated,B3_use_queue_term_False,2,18,5,1.6,1666,1666,0,0.0,2.3988642342769535,1.002,1.3968642342769535,0.0,1002.0,0.0,1002.0,0,2.793634496919918,21287.41864111239,15263.295781556888,0,0.09149590163934426,0.0,1511.4636775192073,1948
load_saturated,B3_use_queue_term_False,3,19,5,1.6,1595,1595,0,0.0,2.388136294193383,1.002,1.3861362941933828,0.0,1002.0,0.0,1002.0,0,3.296575739988392,21710.119478854584,15710.42201026494,0,0.123335263462652,0.0,1553.1688482424036,1723
load_saturated,B3_use_queue_term_False,3,20,5,1.6,1605,1605,0,0.0,2.3817553682747103,1.002,1.3797553682747103,0.0,1002.0,0.0,1002.0,0,3.2772963604852685,21666.23350478625,15712.616407667902,0,0.11270207852193996,0.0,1533.4874705043696,1731
load_saturated,B3_use_queue_term_False,3,21,5,1.6,1566,1566,0,0.0,2.3855887011588175,1.001,1.3845887011588176,0.0,1001.0,0.0,1001.0,0,3.3420891875381797,20777.638415789253,15006.361382554172,0,0.1243738546120953,0.0,1590.3779474913702,1637
load_saturated,B3_use_queue_term_False,3,22,5,1.6,1629,1629,0,0.0,2.388293677040063,1.0,1.3882936770400631,0.0,1000.0,0.0,1000.0,0,3.320139697322468,21733.162036163176,15661.788565170584,0,0.1222803955788249,0.0,1580.8672479902668,1718
load_saturated,B3_use_queue_term_False,3,23,5,1.6,1578,1578,0,0.0,2.3784128629732737,1.002,1.3764128629732737,0.0,1002.0,0.0,1002.0,0,3.2359281437125746,20713.35156260441,15065.744773079465,0,0.12635983263598327,0.0,1609.6468025178845,1670
load_saturated,B3_use_queue_term_False,3,24,5,1.6,1598,1598,0,0.0,2.394578524129157,1.002,1.3925785241291573,0.0,1002.0,0.0,1002.0,0,3.428743961352657,21576.05734026441,15517.538364389624,0,0.11597347799879446,0.0,1627.9851111418927,1656
load_saturated,B3_use_queue_term_False,4,25,5,1.6,1578,1578,0,0.0,2.418404599851514,1.002,1.4164045998515138,0.0,1002.0,0.0,1002.0,0,2.9615975422427034,22341.02623162609,15796.587759815751,0,0.1264450127877238,0.0,1363.7408694249991,1953
load_saturated,B3_use_queue_term_False,4,26,5,1.6,1594,1594,0,0.0,2.412397629973108,1.002,1.410397629973108,0.0,1002.0,0.0,1002.0,0,2.896198830409357,22996.051508064644,16347.199554288962,0,0.1371234207968902,0.0,1297.178133444017,2052
load_saturated,B3_use_queue_term_False,4,27,5,1.6,1583,1583,0,0.0,2.410618684414443,1.002,1.408618684414443,0.0,1002.0,0.0,1002.0,0,2.885925925925926,22719.499604987883,16133.653857575804,0,0.13751233958538994,0.0,1314.8290712408434,2025
load_saturated,B3_use_queue_term_False,4,28,5,1.6,1574,1574,0,0.0,2.3983462029940625,1.002,1.3963462029940625,0.0,1002.0,0.0,1002.0,0,2.8440181726400806,21933.319246377163,15750.620583362821,0,0.13581863979848866,0.0,1391.0482104771515,1981
load_saturated,B3_use_queue_term_False,4,29,5,1.6,1686,1686,0,0.0,2.378035862432215,1.002,1.376035862432215,0.0,1002.0,0.0,1002.0,0,2.9430535100638195,23159.097325784787,16873.90420533507,0,0.13506366307541626,0.0,1353.5593533259064,2037
load_saturated,B3_use_queue_term_False,4,30,5,1.6,1525,1525,0,0.0,2.385575806172108,1.002,1.3835758061721077,0.0,1002.0,0.0,1002.0,0,2.901175213675214,21136.962137876413,15293.918393784734,0,0.14307036247334753,0.0,1383.0770788935702,1872
load_saturated,use_reservation_False,0,1,5,1.6,1589,1589,0,0.0,2.393835466889583,1.002,1.3918354668895834,0.0,1002.0,0.0,1002.0,0,3.067435158501441,20445.933516288227,14706.671396559967,0,0.09735327963176064,0.0,1614.8986187492903,1735
load_saturated,use_reservation_False,0,2,5,1.6,1630,1630,0,0.0,2.403902141617242,1.003,1.4009021416172418,0.0,1003.0,0.0,1003.0,0,3.0856820744081173,20983.932104333606,15026.459126331381,0,0.10185497470489038,0.0,1604.108994402894,1774
load_saturated,use_reservation_False,0,3,5,1.6,1617,1617,0,0.0,2.4001132889520735,1.001,1.3991132889520737,0.0,1001.0,0.0,1001.0,0,3.1316239316239316,21049.227918507466,15092.3408075061,0,0.09630891538898353,0.0,1598.1212955574815,1755
load_saturated,use_reservation_False,0,4,5,1.6,1613,1613,0,0.0,2.390722348488664,1.002,1.388722348488664,0.0,1002.0,0.0,1002.0,0,3.06355455568054,21014.984937544104,15171.00829680407,0,0.0976457399103139,0.0,1571.0827913693875,1778
load_saturated,use_reservation_False,0,5,5,1.6,1617,1617,0,0.0,2.3932601593044964,1.002,1.3912601593044962,0.0,1002.0,0.0,1002.0,0,3.1404526987811954,20685.514993062534,14896.937035431698,0,0.10219907407407407,0.0,1638.6158559153384,1723
load_saturated,use_reservation_False,0,6,5,1.6,1705,1705,0,0.0,2.3884781996092843,1.002,1.3864781996092843,0.0,1002.0,0.0,1002.0,0,3.0336408030385242,21604.050088214983,15622.832555886742,0,0.10390032502708559,0.0,1598.0526006854727,1843
load_saturated,use_reservation_False,1,7,5,1.6,1570,1570,0,0.0006369426751592356,2.3807836499819786,1.001,1.3797612986519618,2.235133001695997e-05,1001.0,1.579121465698222,1001.0,1.579121465698222,2.597228430934287,22923.32255161874,16647.79932639733,0,0.14732142857142858,0.0,1215.6428127387437,2237
load_saturated,use_reservation_False,1,8,5,1.6,1546,1546,0,0.0,2.4008790265861353,1.002,1.3988790265861353,0.0,1002.0,0.0,1002.0,0,2.792037470725995,23269.47661194634,16653.43667026564,0,0.1617399438727783,0.0,1214.8699255834854,2135
load_saturated,use_reservation_False,1,9,5,1.6,1570,1570,0,0.0,2.3728003761849,1.002,1.3708003761849,0.0,1002.0,0.0,1002.0,0,2.6495454545454544,22914.293713075596,16764.629466839582,0,0.15181488203266788,0.0,1220.34736833334,2200
load_saturated,use_reservation_False,1,10,5,1.6,1595,1595,0,0.0,2.3911592947976454,1.001,1.3901592947976456,0.0,1001.0,0.0,1001.0,0,2.690748898678414,23912.76998758181,17259.007710390757,0,0.14789103690685412,0.0,1156.880052244456,2270
load_saturated,use_reservation_False,1,11,5,1.6,1610,1610,0,0.0,2.4045830798285843,1.003,1.4015830798285847,0.0,1003.0,0.0,1003.0,0,2.655863539445629,24382.981024764787,17422.904173772054,0,0.14746700723712217,0.0,1135.2799488778676,2345
load_saturated,use_reservation_False,1,12,5,1.6,1554,1554,0,0.0,2.375621376652978,1.002,1.373621376652978,0.0,1002.0,0.0,1002.0,0,2.680965147453083,23563.14368699081,17178.297761951213,0,0.14377510040160643,0.0,1178.8345828161162,2238
load_saturated,use_reservation_False,2,13,5,1.6,1618,1618,0,0.0,2.385776225685663,1.002,1.383776225685663,0.0,1002.0,0.0,1002.0,0,2.7441130298273158,20430.17799077064,14805.027198156391,0,0.08727841501564129,0.0,1517.7484877903803,1911
load_saturated,use_reservation_False,2,14,5,1.6,1596,1596,0,0.0,2.4005735904511516,1.002,1.3985735904511514,0.0,1002.0,0.0,1002.0,0,2.694123819517314,20190.441222657704,14481.736745406915,0,0.09257322175732217,0.0,1489.5878138681135,1906
load_saturated,use_reservation_False,2,15,5,1.6,1594,1594,0,0.0,2.384025551942149,1.002,1.382025551942149,0.0,1002.0,0.0,1002.0,0,2.8951434878587197,20312.70335870369,14748.427284908856,0,0.09944994499449945,0.0,1566.9677663201055,1812
load_saturated,use_reservation_False,2,16,5,1.6,1548,1548,0,0.0,2.3866276721519233,1.001,1.3856276721519232,0.0,1001.0,0.0,1001.0,0,2.8521008403361345,19755.79779951427,14267.275062532835,0,0.10811415780637941,0.0,1537.6941799293008,1785
load_saturated,use_reservation_False,2,17,5,1.6,1649,1649,0,0.0,2.3851919757242563,1.001,1.3841919757242565,0.0,1001.0,0.0,1001.0,0,2.83078545071165,20860.501874809615,15113.873105545608,0,0.09595375722543352,0.0,1512.4557015859962,1897
load_saturated,use_reservation_False,2,18,5,1.6,1666,1666,0,0.0,2.3988642342769535,1.002,1.3968642342769535,0.0,1002.0,0.0,1002.0,0,2.793634496919918,21287.41864111239,15263.295781556888,0,0.09149590163934426,0.0,1510.1695701217022,1948
load_saturated,use_reservation_False,3,19,5,1.6,1595,1595,0,0.0,2.388136294193383,1.002,1.3861362941933828,0.0,1002.0,0.0,1002.0,0,3.296575739988392,21710.119478854584,15710.42201026494,0,0.123335263462652,0.0,1552.0519974612382,1723
load_saturated,use_reservation_False,3,20,5,1.6,1605,1605,0,0.0,2.3817553682747103,1.002,1.3797553682747103,0.0,1002.0,0.0,1002.0,0,3.2772963604852685,21666.23350478625,15712.616407667902,0,0.11270207852193996,0.0,1537.2106245279044,1731
load_saturated,use_reservation_False,3,21,5,1.6,1566,1566,0,0.0,2.3855887011588175,1.001,1.3845887011588176,0.0,1001.0,0.0,1001.0,0,3.3420891875381797,20777.638415789253,15006.361382554172,0,0.1243738546120953,0.0,1595.2883323252875,1637
load_saturated,use_reservation_False,3,22,5,1.6,1629,1629,0,0.0,2.388293677040063,1.0,1.3882936770400631,0.0,1000.0,0.0,1000.0,0,3.320139697322468,21733.162036163176,15661.788565170584,0,0.1222803955788249,0.0,1578.5160561231978,1718
load_saturated,use_reservation_False,3,23,5,1.6,1578,1578,0,0.0,2.3784128629732737,1.002,1.3764128629732737,0.0,1002.0,0.0,1002.0,0,3.2359281437125746,20713.35156260441,15065.744773079465,0,0.12635983263598327,0.0,1604.4074711161602,1670
load_saturated,use_reservation_False,3,24,5,1.6,1598,1598,0,0.0,2.394578524129157,1.002,1.3925785241291573,0.0,1002.0,0.0,1002.0,0,3.428743961352657,21576.05734026441,15517.538364389624,0,0.11597347799879446,0.0,1625.7275472579815,1656
load_saturated,use_reservation_False,4,25,5,1.6,1578,1578,0,0.0,2.418404599851514,1.002,1.4164045998515138,0.0,1002.0,0.0,1002.0,0,2.9615975422427034,22341.02623162609,15796.587759815751,0,0.1264450127877238,0.0,1365.938925814322,1953
load_saturated,use_reservation_False,4,26,5,1.6,1594,1594,0,0.0,2.412397629973108,1.002,1.410397629973108,0.0,1002.0,0.0,1002.0,0,2.896198830409357,22996.051508064644,16347.199554288962,0,0.1371234207968902,0.0,1305.204325159188,2052
load_saturated,use_reservation_False,4,27,5,1.6,1583,1583,0,0.0,2.410618684414443,1.002,1.408618684414443,0.0,1002.0,0.0,1002.0,0,2.885925925925926,22719.499604987883,16133.653857575804,0,0.13751233958538994,0.0,1322.9167811146883,2025
load_saturated,use_reservation_False,4,28,5,1.6,1574,1574,0,0.0,2.3983462029940625,1.002,1.3963462029940625,0.0,1002.0,0.0,1002.0,0,2.8440181726400806,21933.319246377163,15750.620583362821,0,0.13581863979848866,0.0,1386.4796976113144,1981
load_saturated,use_reservation_False,4,29,5,1.6,1686,1686,0,0.0,2.378035862432215,1.002,1.376035862432215,0.0,1002.0,0.0,1002.0,0,2.9430535100638195,23159.097325784787,16873.90420533507,0,0.13506366307541626,0.0,1364.117237618631,2037
load_saturated,use_reservation_False,4,30,5,1.6,1525,1525,0,0.0,2.385575806172108,1.002,1.3835758061721077,0.0,1002.0,0.0,1002.0,0,2.901175213675214,21136.962137876413,15293.918393784734,0,0.14307036247334753,0.0,1385.6770788026013,1872
load_saturated,use_priority_False,0,1,5,1.6,1589,1589,0,0.0,2.484630575975899,1.002,1.482630575975899,0.0,1002.0,0.0,1002.0,0,3.2914772727272728,22057.954642124794,14902.310573387416,0,0.09297052154195011,1.093812375249501,1437.205328886416,1760
load_saturated,use_priority_False,0,2,5,1.6,1630,1630,0,0.0,2.495302208168602,1.003,1.4923022081686024,0.0,1003.0,0.0,1003.0,0,3.304,22004.409399195683,14789.950684955598,0,0.10017055144968733,0.9401794616151545,1475.9279132861434,1750
load_saturated,use_priority_False,0,3,5,1.6,1617,1617,0,0.0,2.4963957933865144,1.002,1.4943957933865142,0.0,1002.0,0.0,1002.0,0,3.3771428571428572,22510.035750596027,15087.503937742213,0,0.09686609686609686,1.2235528942115768,1422.8221084100016,1750
load_saturated,use_priority_False,0,4,5,1.6,1613,1613,0,0.0,2.5144063717497347,1.002,1.5124063717497347,0.0,1002.0,0.0,1002.0,0,3.3320113314447593,22483.839187409438,14905.940366628969,0,0.09192546583850932,1.3542914171656686,1406.1745337893178,1765
load_saturated,use_priority_False,0,5,5,1.6,1617,1617,0,0.0,2.5129633299526337,1.002,1.5109633299526337,0.0,1002.0,0.0,1002.0,0,3.349390597794544,22040.97862029782,14613.841502686679,0,0.0929936305732484,1.5199600798403194,1467.3135494522116,1723
load_saturated,use_priority_False,0,6,5,1.6,1705,1705,0,0.0,2.514065306875457,1.002,1.512065306875457,0.0,1002.0,0.0,1002.0,0,3.199365415124273,23237.22091649557,15374.482048355232,0,0.09276281035393555,1.5858283433133733,1399.8385094270027,1891
load_saturated,use_priority_False,1,7,5,1.6,1570,1570,0,0.1643312101910828,2.6293584205642198,1.053,1.55058178405477,0.025776636509450078,1053.0,1821.119369392648,1053.0,1821.119369392648,3.4065196548418024,26677.042407913257,17435.02792793037,0,0.1596958174904943,4.961063627730295,831.8349805916394,2086
load_saturated,use_priority_False,1,8,5,1.6,1546,1546,0,0.3169469598965071,2.7000251798279833,1.046,1.5679303715040327,0.08609480832395076,1046.0,5989.615815097254,1046.0,5989.615815097254,3.3377049180327867,26807.4391812917,17178.718906055536,0,0.14631873252562907,5.137667304015296,783.7954807437641,2135
load_saturated,use_priority_False,1,9,5,1.6,1570,1570,0,0.09171974522292993,2.6282451796726694,1.044,1.5789571993249039,0.005287980347765526,1044.0,373.5958115696344,1044.0,373.5958115696344,3.465148698884758,28001.517787787532,17860.489484055986,0,0.15460009246417014,5.936781609195402,654.6117893884744,2152
load_saturated,use_priority_False,1,10,5,1.6,1595,1595,0,0.010031347962382446,2.6461046237387764,1.04,1.6056643459966577,0.0004402777421185146,1040.0,31.600934940556385,1040.0,31.600934940556385,3.4150251946862116,28158.77784419235,17689.860322220204,0,0.15673952641165756,6.039423076923077,646.3596543400228,2183
load_saturated,use_priority_False,1,11,5,1.6,1610,1610,0,0.3490683229813665,2.7816988527219717,1.071,1.5697977495208242,0.1409011032011477,1071.0,10208.284926923152,1071.0,10208.284926923152,3.522381172127365,28402.494163788586,18338.133389177703,0,0.15875343721356552,5.816993464052287,700.3796061252924,2167
load_saturated,use_priority_False,1,12,5,1.6,1554,1554,0,0.212998712998713,2.6729957939816793,1.049,1.552894339492912,0.07110145448876755,1049.0,4972.1247123995145,1049.0,4972.1247123995145,3.4103547459252157,26701.254212793825,17408.24921323911,0,0.14607703281027104,4.780743565300286,832.2785546913693,2086
load_saturated,use_priority_False,2,13,5,1.6,1618,1618,0,0.0,2.5079945451704044,1.002,1.5059945451704044,0.0,1002.0,0.0,1002.0,0,2.9713392391870768,22097.181326840146,14743.644367580382,0,0.08074534161490683,1.5548902195608783,1327.1772253156425,1919
load_saturated,use_priority_False,2,14,5,1.6,1596,1596,0,0.0,2.5183439576699573,1.001,1.5173439576699572,0.0,1001.0,0.0,1001.0,0,2.9026639344262297,22002.776225289632,14555.769934023541,0,0.08495665476797552,1.3946053946053947,1282.7752167128656,1952
load_saturated,use_priority_False,2,15,5,1.6,1594,1594,0,0.0,2.5079395883541635,1.001,1.5069395883541636,0.0,1001.0,0.0,1001.0,0,3.017590618336887,21978.510620723657,14615.832948849133,0,0.08887706226716338,1.4325674325674325,1340.7230977365027,1876
load_saturated,use_priority_False,2,16,5,1.6,1548,1548,0,0.0,2.4982753326065135,1.001,1.4972753326065136,0.0,1001.0,0.0,1001.0,0,2.958740499457112,21160.98191030772,14139.671875481898,0,0.09403470715835141,1.2247752247752248,1356.2918648817183,1842
load_saturated,use_priority_False,2,17,5,1.6,1649,1649,0,0.0,2.5148427620861424,1.002,1.5128427620861424,0.0,1002.0,0.0,1002.0,0,2.888780487804878,23111.395842508853,15309.850053796901,0,0.07990267639902676,1.8313373253493015,1202.9690508800957,2050
load_saturated,use_priority_False,2,18,5,1.6,1666,1666,0,0.0,2.549636470355095,1.003,1.5466364703550952,0.0,1003.0,0.0,1003.0,0,3.06,24289.798752486437,15730.780450885653,0,0.08315481986368062,2.629112662013958,1144.5437678718122,2050
load_saturated,use_priority_False,3,19,5,1.6,1595,1595,0,0.0,2.5129077487415583,1.002,1.5109077487415583,0.0,1002.0,0.0,1002.0,0,3.6077861708309125,23460.792650806845,15587.181064114959,0,0.12797687861271675,2.0209580838323356,1319.9768213533685,1721
load_saturated,use_priority_False,3,20,5,1.6,1605,1605,0,0.0,2.5317788885469312,1.002,1.5297788885469312,0.0,1002.0,0.0,1002.0,0,3.581462291306851,23485.49388136144,15365.288446156024,0,0.11086831512363428,2.0808383233532934,1269.6837834867126,1737
load_saturated,use_priority_False,3,21,5,1.6,1566,1566,0,0.0,2.484720716816379,1.001,1.4837207168163788,0.0,1001.0,0.0,1001.0,0,3.484610742305371,21892.34615004434,14777.497702145183,0,0.12281757977122215,1.1228771228771228,1414.4801922997012,1657
load_saturated,use_priority_False,3,22,5,1.6,1629,1629,0,0.0,2.5025665768142393,1.001,1.5015665768142394,0.0,1001.0,0.0,1001.0,0,3.6137689614935824,23486.424659373137,15656.820254075834,0,0.11946386946386946,1.947052947052947,1348.1575755119143,1714
load_saturated,use_priority_False,3,23,5,1.6,1578,1578,0,0.0,2.4756823481327643,1.002,1.4736823481327646,0.0,1002.0,0.0,1002.0,0,3.435579196217494,22069.18173956049,15004.939905070629,0,0.12346698113207547,1.2674650698602794,1424.4071345566003,1692
load_saturated,use_priority_False,3,24,5,1.6,1598,1598,0,0.0,2.5080074746949963,1.002,1.5060074746949965,0.0,1002.0,0.0,1002.0,0,3.5263761467889907,23297.80838520827,15520.822734701875,0,0.10302338847689675,1.9620758483033933,1332.8326297700787,1744
load_saturated,use_priority_False,4,25,5,1.6,1578,1578,0,0.0,2.557758698125328,1.002,1.555758698125328,0.0,1002.0,0.0,1002.0,0,3.4505828687278255,25876.143099987446,16675.34290370208,0,0.11039354187689203,3.86626746506986,962.5994949954008,1973
load_saturated,use_priority_False,4,26,5,1.6,1594,1594,0,0.0006273525721455458,2.6386983205090164,1.04,1.5986658727377698,3.244777124699759e-05,1040.0,2.3274786315471374,1040.0,2.3274786315471374,3.6,27363.379233315463,17217.360508096113,0,0.12735294117647059,5.209615384615384,816.918480296747,2030
load_saturated,use_priority_False,4,27,5,1.6,1583,1583,0,0.0006317119393556538,2.632857315021403,1.038,1.5946317332608206,0.00022558176058235456,1038.0,16.069316715084028,1038.0,16.069316715084028,3.5750861644510095,27459.79610006457,17220.149033354242,0,0.13028064992614474,4.664739884393064,828.8412115005625,2031
load_saturated,use_priority_False,4,28,5,1.6,1574,1574,0,0.0019059720457433292,2.6137425334383297,1.04,1.5736977543173107,4.4779121018532786e-05,1040.0,3.1717051417426774,1040.0,3.1717051417426774,3.452719255267026,26438.91159726287,16878.87325105985,0,0.12218430034129693,4.642307692307693,901.4360313617085,2041
load_saturated,use_priority_False,4,29,5,1.6,1686,1686,0,0.0005931198102016608,2.6066988783284866,1.038,1.5685817110135054,0.00011716731498121246,1038.0,8.88948418762459,1038.0,8.88948418762459,3.778327560613558,28433.67020761277,18228.024415990614,0,0.1306745445593304,5.613680154142582,753.9699165905303,2021
load_saturated,use_priority_False,4,30,5,1.6,1525,1525,0,0.0,2.546724762254108,1.002,1.5447247622541083,0.0,1002.0,0.0,1002.0,0,3.4273012552301254,24889.6129222772,16125.59954430389,0,0.13107049608355092,3.193612774451098,1000.4451172547926,1912
load_saturated,use_partial_False,0,1,5,1.6,1589,1589,0,0.0,2.1221363481894446,1.001,1.1211363481894445,0.0,1001.0,0.0,1001.0,0,29.102739726027398,17446.93256461882,15871.337396612369,0,0.07933333333333334,0.6953046953046953,5961.921332636848,292
load_saturated,use_partial_False,0,2,5,1.6,1630,1630,0,0.0,2.1291843467251717,1.003,1.1261843467251715,0.0,1003.0,0.0,1003.0,0,28.983974358974358,18520.740683764005,16781.37267398334,0,0.06419753086419754,2.9401794616151546,4381.456175232651,312
load_saturated,use_partial_False,0,3,5,1.6,1617,1617,0,0.0,2.133814183799328,1.012,1.121814183799328,0.0,1012.0,0.0,1012.0,0,29.261980830670925,18829.09848277054,17084.398125424243,0,0.07173252279635259,5.269762845849803,3102.2629208755216,313
load_saturated,use_partial_False,0,4,5,1.6,1613,1613,0,0.0,2.1373506549650525,1.002,1.1353506549650525,0.0,1002.0,0.0,1002.0,0,29.137820512820515,18672.32211289931,16747.018143160352,0,0.06666666666666667,3.604790419161677,3970.066355098898,312
load_saturated,use_partial_False,0,5,5,1.6,1617,1617,0,0.0,2.1285303310348342,1.01,1.1185303310348342,0.0,1010.0,0.0,1010.0,0,29.0,17976.962565587368,16401.793654653662,0,0.05956112852664577,2.878217821782178,4824.105643800118,303
load_saturated,use_partial_False,0,6,5,1.6,1705,1705,0,0.0,2.1362115328297504,1.019,1.1172115328297505,0.0,1019.0,0.0,1019.0,0,29.12539184952978,19060.48991070036,17479.24771662794,0,0.07537091988130563,4.062806673209028,3687.686945459576,319
load_saturated,use_partial_False,1,7,5,1.6,1570,1570,0,0.0,2.13523959351957,1.026,1.1092395935195698,0.0,1026.0,0.0,1026.0,0,29.072131147540983,18186.80726183313,16714.296952952496,0,0.17196261682242991,3.4346978557504872,4303.7809963581785,305
load_saturated,use_partial_False,1,8,5,1.6,1546,1546,0,0.0,2.1387854302923817,1.002,1.1367854302923814,0.0,1002.0,0.0,1002.0,0,29.47826086956522,18206.285221162412,16278.987776792368,0,0.15570032573289902,3.395209580838323,4257.154723793171,299
load_saturated,use_partial_False,1,9,5,1.6,1570,1570,0,0.0,2.123272470607506,1.012,1.1112724706075061,0.0,1012.0,0.0,1012.0,0,29.276666666666667,18048.49565878808,16522.428221070382,0,0.15873015873015872,2.8013833992094863,4439.278100321572,300
load_saturated,use_partial_False,1,10,5,1.6,1595,1595,0,0.0,2.1098749002860373,1.004,1.1058749002860373,0.0,1004.0,0.0,1004.0,0,29.32278481012658,19102.77328802387,17625.169148832774,0,0.17401812688821752,6.081673306772909,2262.258913798477,316
load_saturated,use_partial_False,1,11,5,1.6,1610,1610,0,0.0,2.1243348616272737,1.002,1.1223348616272737,0.0,1002.0,0.0,1002.0,0,29.294117647058822,18422.39818763845,16732.769040384504,0,0.15709779179810726,2.5548902195608783,4442.947315146165,306
load_saturated,use_partial_False,1,12,5,1.6,1554,1554,0,0.0,2.1292131010987037,1.018,1.1112131010987036,0.0,1018.0,0.0,1018.0,0,29.215686274509803,18381.09533805904,16840.434511611085,0,0.155625,3.1552062868369353,4301.494376522896,306
load_saturated,use_partial_False,2,13,5,1.6,1618,1618,0,0.0,2.1125966218225356,1.002,1.1105966218225356,0.0,1002.0,0.0,1002.0,0,28.768976897689768,17721.94722247169,16261.132171034502,0,0.06750788643533123,1.7365269461077844,5182.861511695436,303
load_saturated,use_partial_False,2,14,5,1.6,1596,1596,0,0.0,2.1215408988878677,1.002,1.119540898887868,0.0,1002.0,0.0,1002.0,0,28.93243243243243,17498.02889701481,15954.087425372692,0,0.08469055374592833,0.8602794411177644,5625.481106013253,296
load_saturated,use_partial_False,2,15,5,1.6,1594,1594,0,0.0,2.121398384262399,1.003,1.1183983842623988,0.0,1003.0,0.0,1003.0,0,29.091836734693878,17538.524414225656,15957.11204497866,0,0.0784313725490196,1.106679960119641,5696.228433520612,294
load_saturated,use_partial_False,2,16,5,1.6,1548,1548,0,0.0,2.1258909221623457,1.002,1.1238909221623457,0.0,1002.0,0.0,1002.0,0,29.02061855670103,17317.687194369726,15622.374805447937,0,0.08484848484848485,1.2365269461077844,5685.4188577460145,291
load_saturated,use_partial_False,2,17,5,1.6,1649,1649,0,0.0,2.134540946246352,1.001,1.133540946246352,0.0,1001.0,0.0,1001.0,0,29.01923076923077,18537.187028010136,16635.8192170086,0,0.08224299065420561,3.641358641358641,3687.0395587728217,312
load_saturated,use_partial_False,2,18,5,1.6,1666,1666,0,0.0,2.1437309168322733,1.027,1.1167309168322734,0.0,1027.0,0.0,1027.0,0,29.12962962962963,19362.177724138866,17630.41387843169,0,0.08588235294117647,4.290165530671859,3440.7747060279635,324
load_saturated,use_partial_False,3,19,5,1.6,1595,1595,0,0.0,2.157613850141443,1.019,1.138613850141443,0.0,1019.0,0.0,1019.0,0,29.4,18779.216684860636,16709.650644908303,0,0.08765432098765433,3.4700686947988224,4106.749692805296,310
load_saturated,use_partial_False,3,20,5,1.6,1605,1605,0,0.0,2.140189453953107,1.002,1.138189453953107,0.0,1002.0,0.0,1002.0,0,28.977124183006534,18125.275976634475,16254.784107881378,0,0.06498422712933755,2.399201596806387,4463.482967633695,306
load_saturated,use_partial_False,3,21,5,1.6,1566,1566,0,0.0,2.1523046337665095,1.001,1.1513046337665096,0.0,1001.0,0.0,1001.0,0,29.05723905723906,17687.359750111264,15638.023069764264,0,0.07434210526315789,1.5384615384615385,5101.389145382104,297
load_saturated,use_partial_False,3,22,5,1.6,1629,1629,0,0.0,2.1422557207519404,1.023,1.1192557207519407,0.0,1023.0,0.0,1023.0,0,28.965625,18945.192867062862,17261.72537360496,0,0.09554896142433235,3.7448680351906156,3753.6572669121474,320
load_saturated,use_partial_False,3,23,5,1.6,1578,1578,0,0.0,2.13287729168664,1.001,1.1318772916866398,0.0,1001.0,0.0,1001.0,0,28.948630136986303,17261.321611958763,15653.116222618853,0,0.07062706270627063,0.8971028971028971,5751.258744351049,292
load_saturated,use_partial_False,3,24,5,1.6,1598,1598,0,0.0,2.1522185459803085,1.023,1.1292185459803088,0.0,1023.0,0.0,1023.0,0,29.006472491909385,18341.619782551694,16612.36988180283,0,0.08588957055214724,2.3822091886608017,4782.662268598033,309
load_saturated,use_partial_False,4,25,5,1.6,1578,1578,0,0.0,2.1340029845063055,1.002,1.1320029845063058,0.0,1002.0,0.0,1002.0,0,28.797385620915033,17964.44447231213,16198.163359524606,0,0.113125,1.970059880239521,4771.848125528777,306
load_saturated,use_partial_False,4,26,5,1.6,1594,1594,0,0.0,2.148808604663863,1.027,1.121808604663863,0.0,1027.0,0.0,1027.0,0,28.90880503144654,18751.661238096796,17171.036066464374,0,0.13154761904761905,4.502434274586173,3370.164580874622,318
load_saturated,use_partial_False,4,27,5,1.6,1583,1583,0,0.0,2.1336701504684816,1.016,1.1176701504684816,0.0,1016.0,0.0,1016.0,0,28.79375,18775.891122072924,17095.708630283716,0,0.09671641791044776,4.3986220472440944,3359.0426857916837,320
load_saturated,use_partial_False,4,28,5,1.6,1574,1574,0,0.055273189326556546,2.150080410025352,1.04,1.1070847659311014,0.0029956440942506845,1040.0,212.181471195776,1040.0,212.181471195776,28.974603174603175,18673.050750350696,17227.31590030799,0,0.12749244712990937,4.464423076923077,3689.515104748061,315
load_saturated,use_partial_False,4,29,5,1.6,1686,1686,0,0.3570581257413998,2.326019504182646,1.063,1.1116007957053984,0.1514187084772476,1063.0,11488.137412168775,1063.0,11488.137412168775,29.067251461988302,20366.809867815988,18696.372501330043,0,0.14134078212290502,6.714016933207902,1739.7974891908073,342
load_saturated,use_partial_False,4,30,5,1.6,1525,1525,0,0.0,2.1285896782091136,1.002,1.1265896782091136,0.0,1002.0,0.0,1002.0,0,29.082781456953644,17987.473764750568,16155.995549812893,0,0.12337662337662338,2.1317365269461077,4630.87467269597,302
load_saturated,ours_JIT,0,1,5,1.6,1589,1589,0,0.0,2.496620945896008,1.002,1.494620945896008,0.0,1002.0,0.0,1002.0,0,3.284149855907781,21824.674237390453,14622.218628342851,0,0.09268854346574554,0.0,1465.4986181542508,1735
load_saturated,ours_JIT,0,2,5,1.6,1630,1630,0,0.0,2.507877018103433,1.001,1.5068770181034334,0.0,1001.0,0.0,1001.0,0,3.3392363032650803,22993.921823406752,15292.503334088879,0,0.09740761169332599,0.0,1353.9520413928335,1807
load_saturated,ours_JIT,0,3,5,1.6,1617,1617,0,0.0,2.5131516140354755,1.002,1.5111516140354753,0.0,1002.0,0.0,1002.0,0,3.2888513513513513,22381.621572769607,14868.321636792774,0,0.09584736251402919,0.0,1418.6024700587263,1776
load_saturated,ours_JIT,0,4,5,1.6,1613,1613,0,0.0,2.516453814602115,1.002,1.5144538146021147,0.0,1002.0,0.0,1002.0,0,3.363995485327314,22695.32159020987,15007.823087372548,0,0.09284507042253522,0.0,1373.0566194740084,1772
load_saturated,ours_JIT,0,5,5,1.6,1617,1617,0,0.0,2.5050184733266128,1.001,1.5040184733266129,0.0,1001.0,0.0,1001.0,0,3.315700619020822,22483.19557486166,14977.561318360804,0,0.09304152637485971,0.0,1410.8093718054267,1777
load_saturated,ours_JIT,0,6,5,1.6,1705,1705,0,0.0,2.517128322213016,1.002,1.5151283222130159,0.0,1002.0,0.0,1002.0,0,3.284188034188034,23545.401899067903,15553.403334610008,0,0.09301333333333334,0.0,1355.0646932485201,1872
load_saturated,ours_JIT,1,7,5,1.6,1570,1570,0,0.05923566878980892,2.6507265798760247,1.067,1.571875543813838,0.011851036062186605,1067.0,837.2756977934837,1067.0,837.2756977934837,3.4523018509729475,27218.89591365137,17509.37664445618,0,0.15438265786993402,0.0,810.72728156198,2107
load_saturated,ours_JIT,1,8,5,1.6,1546,1546,0,0.2115135834411384,2.6532363179970058,1.041,1.5730420684295325,0.03919424956747305,1041.0,2726.7439424091,1041.0,2726.7439424091,3.270358306188925,26644.34930752156,17060.122682578116,0,0.14595094863489125,0.0,791.7115023173478,2149
load_saturated,ours_JIT,1,9,5,1.6,1570,1570,0,0.0,2.6288075000342546,1.038,1.5908075000342545,0.0,1038.0,0.0,1038.0,0,3.299219825608077,27434.095390471022,17511.07333586606,0,0.14813126709206928,0.0,690.4373399224183,2179
load_saturated,ours_JIT,1,10,5,1.6,1595,1595,0,0.0018808777429467085,2.6487414712134,1.041,1.6075593852965535,0.0001820859168467356,1041.0,13.069216681674447,1041.0,13.069216681674447,3.3461538461538463,28417.32797685003,17857.519772008818,0,0.14797687861271677,0.0,626.7729496194047,2236
load_saturated,ours_JIT,1,11,5,1.6,1610,1610,0,0.18012422360248448,2.633601097275178,1.046,1.5701044245266451,0.017496672748533497,1046.0,1267.6339406312518,1046.0,1267.6339406312518,3.2375109553023664,27969.940851105785,17960.06945010059,0,0.1465156794425087,0.0,685.1353709012529,2282
load_saturated,ours_JIT,1,12,5,1.6,1554,1554,0,0.1956241956241956,2.6472652396726493,1.046,1.5568909166180207,0.04437432305462832,1046.0,3103.0964112101587,1046.0,3103.0964112101587,3.3782021425244526,27319.901703620842,17639.793991870854,0,0.14761242466388502,0.0,751.3196099768948,2147
load_saturated,ours_JIT,2,13,5,1.6,1618,1618,0,0.0,2.5245162163319064,1.002,1.5225162163319061,0.0,1002.0,0.0,1002.0,0,2.937658388241257,22468.27529629621,14801.117860837296,0,0.08173562058526741,0.0,1263.6907622128808,1973
load_saturated,ours_JIT,2,14,5,1.6,1596,1596,0,0.0,2.5379952561491246,1.001,1.5369952561491245,0.0,1001.0,0.0,1001.0,0,2.882793017456359,22530.82158550517,14715.392361613882,0,0.08660714285714285,0.0,1206.5319257349984,2005
load_saturated,ours_JIT,2,15,5,1.6,1594,1594,0,0.0,2.517778578838942,1.002,1.515778578838942,0.0,1002.0,0.0,1002.0,0,3.0247108307045214,22243.734926404224,14694.583521207409,0,0.08599895123230204,0.0,1301.8145331241199,1902
load_saturated,ours_JIT,2,16,5,1.6,1548,1548,0,0.0,2.5116487932379226,1.001,1.510648793237923,0.0,1001.0,0.0,1001.0,0,3.024390243902439,21630.189729011818,14322.889934796538,0,0.09469122426868906,0.0,1335.6297934351676,1845
load_saturated,ours_JIT,2,17,5,1.6,1649,1649,0,0.0,2.5469286275668273,1.001,1.5459286275668274,0.0,1001.0,0.0,1001.0,0,2.8819875776397517,23564.6203161998,15273.20638342202,0,0.07771428571428571,0.0,1130.7374942125314,2093
load_saturated,ours_JIT,2,18,5,1.6,1666,1666,0,0.0,2.5701033792035286,1.003,1.5671033792035287,0.0,1003.0,0.0,1003.0,0,3.043310875842156,24487.487568228644,15647.226103249717,0,0.08620855358000962,0.0,1078.4263808469539,2078
load_saturated,ours_JIT,3,19,5,1.6,1595,1595,0,0.0,2.5412964580541226,1.002,1.5392964580541224,0.0,1002.0,0.0,1002.0,0,3.514829322887521,23835.833525181293,15517.370549516132,0,0.11051752921535893,0.0,1254.869548260295,1787
load_saturated,ours_JIT,3,20,5,1.6,1605,1605,0,0.0,2.517880928498025,1.002,1.5158809284980252,0.0,1002.0,0.0,1002.0,0,3.621432731508445,23552.97104562167,15546.276713374327,0,0.11436881908086097,0.0,1280.8384518304308,1717
load_saturated,ours_JIT,3,21,5,1.6,1566,1566,0,0.0,2.4980545782786088,1.001,1.4970545782786089,0.0,1001.0,0.0,1001.0,0,3.4984966927239927,22168.748922544106,14828.282979549776,0,0.1197841726618705,0.0,1348.350599086542,1663
load_saturated,ours_JIT,3,22,5,1.6,1629,1629,0,0.0,2.5103625811794066,1.001,1.509362581179407,0.0,1001.0,0.0,1001.0,0,3.630359212050985,23679.380852060975,15701.582341828367,0,0.11851851851851852,0.0,1333.1843163676374,1726
load_saturated,ours_JIT,3,23,5,1.6,1578,1578,0,0.0,2.4827801488433465,1.001,1.4817801488433464,0.0,1001.0,0.0,1001.0,0,3.378205128205128,22134.442823740195,14964.732009030433,0,0.11725740848343986,0.0,1413.1485180413044,1716
load_saturated,ours_JIT,3,24,5,1.6,1598,1598,0,0.0,2.5157965034252845,1.002,1.5137965034252847,0.0,1002.0,0.0,1002.0,0,3.607079646017699,23139.989946990063,15325.699256470192,0,0.11040564373897707,0.0,1394.8374932778208,1695
load_saturated,ours_JIT,4,25,5,1.6,1578,1578,0,0.0,2.5650716957046606,1.002,1.5630716957046606,0.0,1002.0,0.0,1002.0,0,3.5193370165745854,26586.30827466459,17064.460328103927,0,0.11213180229655517,0.0,845.1821819950898,1991
load_saturated,ours_JIT,4,26,5,1.6,1594,1594,0,0.0012547051442910915,2.641676557155607,1.039,1.6023187728695483,0.0003577842860588742,1039.0,25.66386683900305,1039.0,25.66386683900305,3.6799395161290325,27253.78228549649,17053.220543800926,0,0.1271629778672032,0.0,860.4379149760173,1984
load_saturated,ours_JIT,4,27,5,1.6,1583,1583,0,0.0006317119393556538,2.5787044287177117,1.004,1.5746082543095514,9.617440816038272e-05,1004.0,6.850983965304863,1004.0,6.850983965304863,3.5245901639344264,26908.18217082627,17116.330636778297,0,0.127893175074184,0.0,817.5524772960338,2013
load_saturated,ours_JIT,4,28,5,1.6,1574,1574,0,0.0006353240152477764,2.602879083350814,1.04,1.5628398494703037,3.923388051007879e-05,1040.0,2.778935756528881,1040.0,2.778935756528881,3.520665322580645,26229.37508888429,16969.969689898186,0,0.13086172344689379,0.0,912.8542404518568,1984
load_saturated,ours_JIT,4,29,5,1.6,1686,1686,0,0.0005931198102016608,2.5653978957247894,1.011,1.5543861719316223,1.1723793167583882e-05,1011.0,0.8894841876245891,1011.0,0.8894841876245891,3.562291169451074,28182.840582642522,18221.238128648696,0,0.12839506172839507,0.0,722.8324773464099,2095
load_saturated,ours_JIT,4,30,5,1.6,1525,1525,0,0.0,2.5649835918932435,1.002,1.5629835918932435,0.0,1002.0,0.0,1002.0,0,3.3666666666666667,25018.676806683412,16021.927722021639,0,0.12746803069053708,0.0,981.4397645318269,1950
load_saturated,use_charge_time_term_False,0,1,5,1.6,1589,1589,0,0.0,2.621918060061992,1.002,1.6199180600619918,0.0,1002.0,0.0,1002.0,0,3.838774150566289,21615.006169633674,13361.790761692519,0,0.08670212765957447,0.0,1787.393151158888,1501
load_saturated,use_charge_time_term_False,0,2,5,1.6,1630,1630,0,0.0,2.6007528052115827,1.003,1.597752805211583,0.0,1003.0,0.0,1003.0,0,3.863157894736842,22061.7128447345,13837.171456866969,0,0.09678688524590164,0.0,1787.6581645753906,1520
load_saturated,use_charge_time_term_False,0,3,5,1.6,1617,1617,0,0.0,2.6156923641665824,1.002,1.6136923641665821,0.0,1002.0,0.0,1002.0,0,3.9148514851485148,22298.092916577803,13849.041746021767,0,0.08723684210526315,0.0,1765.1496051449183,1515
load_saturated,use_charge_time_term_False,0,4,5,1.6,1613,1613,0,0.0,2.5986112392355727,1.002,1.596611239235573,0.0,1002.0,0.0,1002.0,0,3.8493859082094377,22323.617823557757,14004.839713474534,0,0.09258542875564152,0.0,1715.8219852060834,1547
load_saturated,use_charge_time_term_False,0,5,5,1.6,1617,1617,0,0.0,2.5999870587828102,1.002,1.5979870587828102,0.0,1002.0,0.0,1002.0,0,3.920424403183024,22234.388575161574,13934.85747341281,0,0.09358041032428856,0.0,1808.470217458667,1508
load_saturated,use_charge_time_term_False,0,6,5,1.6,1705,1705,0,0.0,2.5929954049993107,1.001,1.5919954049993108,0.0,1001.0,0.0,1001.0,0,3.8759398496240602,23195.759219929434,14605.837311828316,0,0.095625,0.0,1753.8238747874857,1596
load_saturated,use_charge_time_term_False,1,7,5,1.6,1570,1570,0,0.0,2.4498512639088155,1.001,1.4488512639088158,0.0,1001.0,0.0,1001.0,0,2.8346774193548385,24631.900952956807,17019.392006533664,0,0.1553467561521253,0.000999000999000999,1161.4448767492936,2232
load_saturated,use_charge_time_term_False,1,8,5,1.6,1546,1546,0,0.0,2.4641055138979313,1.001,1.4631055138979314,0.0,1001.0,0.0,1001.0,0,2.9145413870246086,25350.16158522612,17337.661577335162,0,0.15449262405006706,0.000999000999000999,1106.8809559239032,2235
load_saturated,use_charge_time_term_False,1,9,5,1.6,1570,1570,0,0.0,2.4470616312941873,1.002,1.445061631294187,0.0,1002.0,0.0,1002.0,0,2.79647577092511,24879.52763640014,17244.61233814971,0,0.1515391380826737,0.001996007984031936,1132.9683373576127,2270
load_saturated,use_charge_time_term_False,1,10,5,1.6,1595,1595,0,0.0,2.466453651806792,1.001,1.4654536518067924,0.0,1001.0,0.0,1001.0,0,2.91718334809566,25570.177365035983,17514.606483842043,0,0.15816416593115623,0.0,1104.723741357944,2258
load_saturated,use_charge_time_term_False,1,11,5,1.6,1610,1610,0,0.0,2.4861628890358496,1.003,1.4831628890358495,0.0,1003.0,0.0,1003.0,0,2.849620893007582,26295.217938971025,17733.645306307815,0,0.15570526315789474,0.0,1074.5356210360403,2374
load_saturated,use_charge_time_term_False,1,12,5,1.6,1554,1554,0,0.0,2.444819010494604,1.002,1.442819010494604,0.0,1002.0,0.0,1002.0,0,2.913023884632717,25092.315479415138,17414.27623977439,0,0.15542548401620893,0.00499001996007984,1141.582170244724,2219
load_saturated,use_charge_time_term_False,2,13,5,1.6,1618,1618,0,0.0,2.645580310199006,1.002,1.643580310199006,0.0,1002.0,0.0,1002.0,0,3.1994490358126724,22285.912043408258,13593.84665990026,0,0.07523338824821527,0.0,1555.3175174451665,1815
load_saturated,use_charge_time_term_False,2,14,5,1.6,1596,1596,0,0.0,2.644042135392829,1.001,1.6430421353928295,0.0,1001.0,0.0,1001.0,0,3.0782331027142096,22233.004459946962,13574.213332402684,0,0.07667020148462354,0.0,1446.533456164751,1879
load_saturated,use_charge_time_term_False,2,15,5,1.6,1594,1594,0,0.0,2.6549791725974634,1.002,1.6529791725974634,0.0,1002.0,0.0,1002.0,0,3.3216901408450705,22494.544972460913,13644.784729514044,0,0.08033707865168539,0.0,1524.4146067978752,1775
load_saturated,use_charge_time_term_False,2,16,5,1.6,1548,1548,0,0.0,2.648988929336398,1.001,1.6479889293363985,0.0,1001.0,0.0,1001.0,0,3.1341531581889326,21575.05282554009,13105.904884671785,0,0.08113839285714286,0.0,1495.104017586917,1789
load_saturated,use_charge_time_term_False,2,17,5,1.6,1649,1649,0,0.0,2.650567467011574,1.002,1.6485674670115738,0.0,1002.0,0.0,1002.0,0,3.1644562334217508,22960.190776291627,13981.951747523923,0,0.07209302325581396,0.0,1481.5540170165598,1885
load_saturated,use_charge_time_term_False,2,18,5,1.6,1666,1666,0,0.0,2.644683424149309,1.001,1.6436834241493095,0.0,1001.0,0.0,1001.0,0,3.203416149068323,23741.254147727293,14490.576752468709,0,0.07894736842105263,0.0,1440.5259544472426,1932
load_saturated,use_charge_time_term_False,3,19,5,1.6,1595,1595,0,0.0,2.526674796920679,1.002,1.524674796920679,0.0,1002.0,0.0,1002.0,0,3.5054945054945055,23027.3137963742,15168.68636058354,0,0.10092272202998846,0.000998003992015968,1525.0294121326567,1729
load_saturated,use_charge_time_term_False,3,20,5,1.6,1605,1605,0,0.0,2.5132097206583657,1.002,1.511209720658366,0.0,1002.0,0.0,1002.0,0,3.61114476075106,22568.132091487292,14958.08189237155,0,0.10205562273276904,0.0,1576.907376231155,1651
load_saturated,use_charge_time_term_False,3,21,5,1.6,1566,1566,0,0.0,2.514737945294079,1.001,1.5137379452940787,0.0,1001.0,0.0,1001.0,0,3.75588048315321,22256.588350824502,14703.065626397041,0,0.12015257469802924,0.001998001998001998,1589.631913142493,1573
load_saturated,use_charge_time_term_False,3,22,5,1.6,1629,1629,0,0.0,2.503018977262345,1.001,1.5020189772623447,0.0,1001.0,0.0,1001.0,0,3.8014660965180207,23346.433358034614,15561.121649277917,0,0.12019524100061013,0.002997002997002997,1595.133801436653,1637
load_saturated,use_charge_time_term_False,3,23,5,1.6,1578,1578,0,0.0,2.5021271821860225,1.001,1.5011271821860224,0.0,1001.0,0.0,1001.0,0,3.7032339885859225,22070.592069559174,14733.767397389474,0,0.1225031605562579,0.0,1642.2448169475942,1577
load_saturated,use_charge_time_term_False,3,24,5,1.6,1598,1598,0,0.0,2.539869798730412,1.002,1.5378697987304117,0.0,1002.0,0.0,1002.0,0,3.85286783042394,23181.168707574714,15080.059915814843,0,0.10068535825545172,0.001996007984031936,1630.9461673153012,1604
load_saturated,use_charge_time_term_False,4,25,5,1.6,1578,1578,0,0.0,2.5328333761330173,1.002,1.5308333761330173,0.0,1002.0,0.0,1002.0,0,3.4241682974559686,26700.58639095455,17454.92801996218,0,0.12981427174975563,0.0,1188.0284458975093,2044
load_saturated,use_charge_time_term_False,4,26,5,1.6,1594,1594,0,0.0,2.5519396111829282,1.001,1.5509396111829286,0.0,1001.0,0.0,1001.0,0,3.3416824196597354,27019.69790251217,17464.486930295418,0,0.13110273327049954,0.0,1165.5452875339258,2116
load_saturated,use_charge_time_term_False,4,27,5,1.6,1583,1583,0,0.0,2.537056583137958,1.002,1.5350565831379581,0.0,1002.0,0.0,1002.0,0,3.3325504931892906,27110.872146836587,17695.89849557449,0,0.13914674167838725,0.0,1129.300000004783,2129
load_saturated,use_charge_time_term_False,4,28,5,1.6,1574,1574,0,0.0,2.5417629849803927,1.001,1.5407629849803928,0.0,1001.0,0.0,1001.0,0,3.1884984025559104,26850.022627151207,17491.34869533292,0,0.12656960873521383,0.0,1139.2341680887043,2191
load_saturated,use_charge_time_term_False,4,29,5,1.6,1686,1686,0,0.0,2.5238087736736543,1.002,1.5218087736736543,0.0,1002.0,0.0,1002.0,0,3.373229785290087,28165.958297657344,18560.78029401401,0,0.1416856492027335,0.000998003992015968,1128.0353536409302,2189
load_saturated,use_charge_time_term_False,4,30,5,1.6,1525,1525,0,0.0,2.5246188140331602,1.002,1.52261881403316,0.0,1002.0,0.0,1002.0,0,3.268693918245264,25127.86186042709,16518.37936189799,0,0.13661691542288557,0.0,1194.7753727123309,2006
