mission_rate,arm,policy,layout_id,seed,missions_total,missions_completed,unfinished_at_cap,miss_rate,mean_charge_delay_min,p95_charge_delay_min,f12_Z,f12_cmax_term,f12_energy_term,f12_tardy_term,safety_violations,gate_binding_rate,mean_on_pad_queue_length,charge_sessions
0.3,concentrated,baseline,0,1,286,286,0,0.0,1.1904761904761905,2.0,2.0255177322294786,0.995,1.0305177322294787,0.0,0,0.0,0.0,42
0.3,concentrated,baseline,0,2,306,306,0,0.0,1.1818181818181819,2.0,2.003077938252278,1.001,1.0020779382522778,0.0,0,0.0,0.0,44
0.3,concentrated,baseline,0,3,307,307,0,0.0,1.1956521739130435,2.0,2.0520027280116127,1.0,1.0520027280116127,0.0,0,0.0,0.0,46
0.3,concentrated,baseline,0,4,303,303,0,0.0,1.1818181818181819,2.0,2.053582066389927,1.0,1.0535820663899267,0.0,0,0.0,0.0,44
0.3,concentrated,baseline,0,5,293,293,0,0.0,1.275,2.0,2.0223645808545854,0.996,1.0263645808545854,0.0,0,0.0,0.0,40
0.3,concentrated,baseline,0,6,331,331,0,0.0,1.2222222222222223,2.0,1.9970710121742954,0.999,0.9980710121742955,0.0,0,0.0,0.0,45
0.3,concentrated,baseline,1,7,282,282,0,0.0,1.2162162162162162,2.0,2.019366193438659,1.001,1.0183661934386592,0.0,0,0.0,0.0,37
0.3,concentrated,baseline,1,8,295,295,0,0.0,1.15,2.0,2.000173142703382,1.0,1.0001731427033822,0.0,0,0.0,0.0,40
0.3,concentrated,baseline,1,9,309,309,0,0.0,1.119047619047619,2.0,2.0275967682149205,0.998,1.0295967682149205,0.0,0,0.0,0.0,42
0.3,concentrated,baseline,1,10,332,332,0,0.0,1.1627906976744187,2.0,1.9976093460231878,1.002,0.9956093460231878,0.0,0,0.0,0.0,43
0.3,concentrated,baseline,1,11,313,313,0,0.0,1.2,2.0,2.0483300249493013,0.995,1.0533300249493014,0.0,0,0.0,0.0,45
0.3,concentrated,baseline,1,12,267,267,0,0.0,1.0810810810810811,2.0,2.010582023427657,1.003,1.0075820234276571,0.0,0,0.0,0.0,37
0.3,concentrated,baseline,2,13,275,275,0,0.0,1.131578947368421,2.0,1.9951878588270526,1.002,0.9931878588270525,0.0,0,0.0,0.0,38
0.3,concentrated,baseline,2,14,311,311,0,0.0,1.25,2.0,2.0656277287607976,0.996,1.0696277287607978,0.0,0,0.0,0.0,44
0.3,concentrated,baseline,2,15,306,306,0,0.0,1.1666666666666667,2.0,2.0223274889870764,1.001,1.0213274889870763,0.0,0,0.0,0.0,42
0.3,concentrated,baseline,2,16,285,285,0,0.0,1.2439024390243902,2.0,2.0384547676464893,1.0,1.0384547676464893,0.0,0,0.0,0.0,41
0.3,concentrated,baseline,2,17,314,314,0,0.0,1.25,2.0,2.0463637328312156,1.0,1.0463637328312159,0.0,0,0.0,0.0,44
0.3,concentrated,baseline,2,18,315,315,0,0.0,1.3095238095238095,2.0,1.9994042944891068,0.998,1.0014042944891068,0.0,0,0.0,0.0,42
0.3,concentrated,baseline,3,19,299,299,0,0.0,1.1627906976744187,2.0,2.026332733952111,0.998,1.028332733952111,0.0,0,0.0,0.0,43
0.3,concentrated,baseline,3,20,304,304,0,0.0,1.25,2.0,2.041005848308349,0.996,1.0450058483083493,0.0,0,0.0,0.0,44
0.3,concentrated,baseline,3,21,329,329,0,0.0,1.1777777777777778,2.0,2.0048816438208465,0.995,1.0098816438208464,0.0,0,0.0,0.0,45
0.3,concentrated,baseline,3,22,303,303,0,0.0,1.3181818181818181,2.0,2.0352014020902844,1.001,1.0342014020902845,0.0,0,0.0,0.0,44
0.3,concentrated,baseline,3,23,298,298,0,0.0,1.15,2.0,2.0352926946767953,1.0,1.0352926946767955,0.0,0,0.0,0.0,40
0.3,concentrated,baseline,3,24,283,283,0,0.0,1.1282051282051282,2.0,2.0455288964884857,1.001,1.0445288964884858,0.0,0,0.0,0.0,39
0.3,concentrated,baseline,4,25,289,289,0,0.0,1.125,2.0,2.021859319973248,1.001,1.0208593199732483,0.0,0,0.0,0.0,40
0.3,concentrated,baseline,4,26,286,286,0,0.0,1.1282051282051282,2.0,2.0367461682124066,1.001,1.0357461682124067,0.0,0,0.0,0.0,39
0.3,concentrated,baseline,4,27,316,316,0,0.0,1.0666666666666667,1.7999999999999972,2.0325527335022566,1.001,1.0315527335022567,0.0,0,0.0,0.0,45
0.3,concentrated,baseline,4,28,256,256,0,0.0,1.1470588235294117,2.0,1.9420780315601185,0.994,0.9480780315601185,0.0,0,0.0,0.0,34
0.3,concentrated,baseline,4,29,342,342,0,0.0,1.0625,1.6499999999999986,2.007816771589301,1.002,1.005816771589301,0.0,0,0.0,0.0,48
0.3,concentrated,baseline,4,30,309,309,0,0.0,1.1363636363636365,2.0,2.045277915517893,1.002,1.043277915517893,0.0,0,0.0,0.0,44
0.3,concentrated,jsq,0,1,286,286,0,0.0,1.1904761904761905,2.0,2.0255177322294786,0.995,1.0305177322294787,0.0,0,0.0,0.0,42
0.3,concentrated,jsq,0,2,306,306,0,0.0,1.1818181818181819,2.0,2.003077938252278,1.001,1.0020779382522778,0.0,0,0.0,0.0,44
0.3,concentrated,jsq,0,3,307,307,0,0.0,1.1956521739130435,2.0,2.0520027280116127,1.0,1.0520027280116127,0.0,0,0.0,0.0,46
0.3,concentrated,jsq,0,4,303,303,0,0.0,1.1818181818181819,2.0,2.053582066389927,1.0,1.0535820663899267,0.0,0,0.0,0.0,44
0.3,concentrated,jsq,0,5,293,293,0,0.0,1.275,2.0,2.0223645808545854,0.996,1.0263645808545854,0.0,0,0.0,0.0,40
0.3,concentrated,jsq,0,6,331,331,0,0.0,1.2222222222222223,2.0,1.9970710121742954,0.999,0.9980710121742955,0.0,0,0.0,0.0,45
0.3,concentrated,jsq,1,7,282,282,0,0.0,1.2162162162162162,2.0,2.019366193438659,1.001,1.0183661934386592,0.0,0,0.0,0.0,37
0.3,concentrated,jsq,1,8,295,295,0,0.0,1.15,2.0,2.000173142703382,1.0,1.0001731427033822,0.0,0,0.0,0.0,40
0.3,concentrated,jsq,1,9,309,309,0,0.0,1.119047619047619,2.0,2.0275967682149205,0.998,1.0295967682149205,0.0,0,0.0,0.0,42
0.3,concentrated,jsq,1,10,332,332,0,0.0,1.1627906976744187,2.0,1.9976093460231878,1.002,0.9956093460231878,0.0,0,0.0,0.0,43
0.3,concentrated,jsq,1,11,313,313,0,0.0,1.2,2.0,2.0483300249493013,0.995,1.0533300249493014,0.0,0,0.0,0.0,45
0.3,concentrated,jsq,1,12,267,267,0,0.0,1.0810810810810811,2.0,2.010582023427657,1.003,1.0075820234276571,0.0,0,0.0,0.0,37
0.3,concentrated,jsq,2,13,275,275,0,0.0,1.131578947368421,2.0,1.9951878588270526,1.002,0.9931878588270525,0.0,0,0.0,0.0,38
0.3,concentrated,jsq,2,14,311,311,0,0.0,1.25,2.0,2.0656277287607976,0.996,1.0696277287607978,0.0,0,0.0,0.0,44
0.3,concentrated,jsq,2,15,306,306,0,0.0,1.1666666666666667,2.0,2.0223274889870764,1.001,1.0213274889870763,0.0,0,0.0,0.0,42
0.3,concentrated,jsq,2,16,285,285,0,0.0,1.2439024390243902,2.0,2.0384547676464893,1.0,1.0384547676464893,0.0,0,0.0,0.0,41
0.3,concentrated,jsq,2,17,314,314,0,0.0,1.25,2.0,2.0463637328312156,1.0,1.0463637328312159,0.0,0,0.0,0.0,44
0.3,concentrated,jsq,2,18,315,315,0,0.0,1.3095238095238095,2.0,1.9994042944891068,0.998,1.0014042944891068,0.0,0,0.0,0.0,42
0.3,concentrated,jsq,3,19,299,299,0,0.0,1.1627906976744187,2.0,2.026332733952111,0.998,1.028332733952111,0.0,0,0.0,0.0,43
0.3,concentrated,jsq,3,20,304,304,0,0.0,1.25,2.0,2.041005848308349,0.996,1.0450058483083493,0.0,0,0.0,0.0,44
0.3,concentrated,jsq,3,21,329,329,0,0.0,1.1777777777777778,2.0,2.0048816438208465,0.995,1.0098816438208464,0.0,0,0.0,0.0,45
0.3,concentrated,jsq,3,22,303,303,0,0.0,1.3181818181818181,2.0,2.0352014020902844,1.001,1.0342014020902845,0.0,0,0.0,0.0,44
0.3,concentrated,jsq,3,23,298,298,0,0.0,1.15,2.0,2.0352926946767953,1.0,1.0352926946767955,0.0,0,0.0,0.0,40
0.3,concentrated,jsq,3,24,283,283,0,0.0,1.1282051282051282,2.0,2.0455288964884857,1.001,1.0445288964884858,0.0,0,0.0,0.0,39
0.3,concentrated,jsq,4,25,289,289,0,0.0,1.125,2.0,2.021859319973248,1.001,1.0208593199732483,0.0,0,0.0,0.0,40
0.3,concentrated,jsq,4,26,286,286,0,0.0,1.1282051282051282,2.0,2.0367461682124066,1.001,1.0357461682124067,0.0,0,0.0,0.0,39
0.3,concentrated,jsq,4,27,316,316,0,0.0,1.0666666666666667,1.7999999999999972,2.0325527335022566,1.001,1.0315527335022567,0.0,0,0.0,0.0,45
0.3,concentrated,jsq,4,28,256,256,0,0.0,1.1470588235294117,2.0,1.9420780315601185,0.994,0.9480780315601185,0.0,0,0.0,0.0,34
0.3,concentrated,jsq,4,29,342,342,0,0.0,1.0625,1.6499999999999986,2.007816771589301,1.002,1.005816771589301,0.0,0,0.0,0.0,48
0.3,concentrated,jsq,4,30,309,309,0,0.0,1.1363636363636365,2.0,2.045277915517893,1.002,1.043277915517893,0.0,0,0.0,0.0,44
0.3,concentrated,ours,0,1,286,286,0,0.0,1.36,2.0,2.703207252854467,0.995,1.7082072528544672,0.0,0,0.0,0.0,275
0.3,concentrated,ours,0,2,306,306,0,0.0,1.3264604810996563,2.0,2.6875378613917165,1.001,1.6865378613917166,0.0,0,0.0,0.0,291
0.3,concentrated,ours,0,3,307,307,0,0.0,1.4072727272727272,2.0,2.7032062239011334,1.0,1.7032062239011334,0.0,0,0.0,0.0,275
0.3,concentrated,ours,0,4,303,303,0,0.0,1.34375,2.0,2.698958143740498,1.0,1.6989581437404977,0.0,0,0.0,0.0,288
0.3,concentrated,ours,0,5,293,293,0,0.0,1.3506493506493507,2.0,2.6904015300750133,0.995,1.6954015300750134,0.0,0,0.0,0.0,308
0.3,concentrated,ours,0,6,331,331,0,0.0,1.3076923076923077,2.0,2.6993647478119684,0.998,1.7013647478119684,0.0,0,0.0,0.0,325
0.3,concentrated,ours,1,7,282,282,0,0.0,1.3116438356164384,2.0,2.637784470795149,1.001,1.636784470795149,0.0,0,0.0,0.0,292
0.3,concentrated,ours,1,8,295,295,0,0.0,1.3034682080924855,2.0,2.691175639781097,0.999,1.6921756397810968,0.0,0,0.0,0.0,346
0.3,concentrated,ours,1,9,309,309,0,0.0,1.322674418604651,2.0,2.700590523725487,0.999,1.701590523725487,0.0,0,0.0,0.0,344
0.3,concentrated,ours,1,10,332,332,0,0.0,1.3064935064935066,2.0,2.688772144222115,1.002,1.6867721442221149,0.0,0,0.0,0.0,385
0.3,concentrated,ours,1,11,313,313,0,0.0,1.2797783933518005,2.0,2.659548152055858,0.995,1.664548152055858,0.0,0,0.0,0.0,361
0.3,concentrated,ours,1,12,267,267,0,0.0,1.3159722222222223,2.0,2.6843029447970634,1.001,1.6833029447970638,0.0,0,0.0,0.0,288
0.3,concentrated,ours,2,13,275,275,0,0.0,1.33852140077821,2.0,2.64198040582165,1.002,1.6399804058216498,0.0,0,0.0,0.0,257
0.3,concentrated,ours,2,14,311,311,0,0.0,1.4071428571428573,2.0,2.6866346931678353,0.995,1.6916346931678352,0.0,0,0.0,0.0,280
0.3,concentrated,ours,2,15,306,306,0,0.0,1.3194888178913737,2.0,2.6594907985210594,1.001,1.6584907985210595,0.0,0,0.0,0.0,313
0.3,concentrated,ours,2,16,285,285,0,0.0,1.330128205128205,2.0,2.7004981454838894,1.001,1.6994981454838896,0.0,0,0.0,0.0,312
0.3,concentrated,ours,2,17,314,314,0,0.0,1.3470031545741326,2.0,2.6774797118609763,1.0,1.6774797118609766,0.0,0,0.0,0.0,317
0.3,concentrated,ours,2,18,315,315,0,0.0,1.3448275862068966,2.0,2.680029263338427,0.998,1.6820292633384268,0.0,0,0.0,0.0,319
0.3,concentrated,ours,3,19,299,299,0,0.0,1.450199203187251,2.0,2.6975466232310987,0.999,1.6985466232310986,0.0,0,0.0,0.0,251
0.3,concentrated,ours,3,20,304,304,0,0.0,1.3741258741258742,2.0,2.68640152704776,0.996,1.6904015270477601,0.0,0,0.0,0.0,286
0.3,concentrated,ours,3,21,329,329,0,0.0,1.323076923076923,2.0,2.7015321010956157,0.995,1.7065321010956158,0.0,0,0.0,0.0,325
0.3,concentrated,ours,3,22,303,303,0,0.0,1.3563636363636364,2.0,2.653587217230383,1.0,1.6535872172303827,0.0,0,0.0,0.0,275
0.3,concentrated,ours,3,23,298,298,0,0.0,1.3159722222222223,2.0,2.694595171224587,1.0,1.694595171224587,0.0,0,0.0,0.0,288
0.3,concentrated,ours,3,24,283,283,0,0.0,1.3295454545454546,2.0,2.6524040606213886,1.001,1.6514040606213884,0.0,0,0.0,0.0,264
0.3,concentrated,ours,4,25,289,289,0,0.0,1.3277027027027026,2.0,2.6919279163246896,1.001,1.69092791632469,0.0,0,0.0,0.0,296
0.3,concentrated,ours,4,26,286,286,0,0.0,1.346938775510204,2.0,2.6560140621865047,1.0,1.6560140621865047,0.0,0,0.0,0.0,294
0.3,concentrated,ours,4,27,316,316,0,0.0,1.3312883435582823,2.0,2.72404052068602,1.001,1.7230405206860202,0.0,0,0.0,0.0,326
0.3,concentrated,ours,4,28,256,256,0,0.0,1.3665338645418326,2.0,2.67621368202078,0.994,1.68221368202078,0.0,0,0.0,0.0,251
0.3,concentrated,ours,4,29,342,342,0,0.0,1.2893982808022924,2.0,2.653309081604397,1.002,1.651309081604397,0.0,0,0.0,0.0,349
0.3,concentrated,ours,4,30,309,309,0,0.0,1.307936507936508,2.0,2.669129622961599,1.002,1.667129622961599,0.0,0,0.0,0.0,315
0.3,concentrated,B3_use_queue_term_False,0,1,286,286,0,0.0,1.36,2.0,2.703207252854467,0.995,1.7082072528544672,0.0,0,0.0,0.0,275
0.3,concentrated,B3_use_queue_term_False,0,2,306,306,0,0.0,1.3264604810996563,2.0,2.6875378613917165,1.001,1.6865378613917166,0.0,0,0.0,0.0,291
0.3,concentrated,B3_use_queue_term_False,0,3,307,307,0,0.0,1.4072727272727272,2.0,2.7032062239011334,1.0,1.7032062239011334,0.0,0,0.0,0.0,275
0.3,concentrated,B3_use_queue_term_False,0,4,303,303,0,0.0,1.34375,2.0,2.698958143740498,1.0,1.6989581437404977,0.0,0,0.0,0.0,288
0.3,concentrated,B3_use_queue_term_False,0,5,293,293,0,0.0,1.3506493506493507,2.0,2.6904015300750133,0.995,1.6954015300750134,0.0,0,0.0,0.0,308
0.3,concentrated,B3_use_queue_term_False,0,6,331,331,0,0.0,1.3076923076923077,2.0,2.6993647478119684,0.998,1.7013647478119684,0.0,0,0.0,0.0,325
0.3,concentrated,B3_use_queue_term_False,1,7,282,282,0,0.0,1.3116438356164384,2.0,2.637784470795149,1.001,1.636784470795149,0.0,0,0.0,0.0,292
0.3,concentrated,B3_use_queue_term_False,1,8,295,295,0,0.0,1.3034682080924855,2.0,2.691175639781097,0.999,1.6921756397810968,0.0,0,0.0,0.0,346
0.3,concentrated,B3_use_queue_term_False,1,9,309,309,0,0.0,1.322674418604651,2.0,2.700590523725487,0.999,1.701590523725487,0.0,0,0.0,0.0,344
0.3,concentrated,B3_use_queue_term_False,1,10,332,332,0,0.0,1.3064935064935066,2.0,2.688772144222115,1.002,1.6867721442221149,0.0,0,0.0,0.0,385
0.3,concentrated,B3_use_queue_term_False,1,11,313,313,0,0.0,1.2797783933518005,2.0,2.659548152055858,0.995,1.664548152055858,0.0,0,0.0,0.0,361
0.3,concentrated,B3_use_queue_term_False,1,12,267,267,0,0.0,1.3159722222222223,2.0,2.6843029447970634,1.001,1.6833029447970638,0.0,0,0.0,0.0,288
0.3,concentrated,B3_use_queue_term_False,2,13,275,275,0,0.0,1.33852140077821,2.0,2.64198040582165,1.002,1.6399804058216498,0.0,0,0.0,0.0,257
0.3,concentrated,B3_use_queue_term_False,2,14,311,311,0,0.0,1.4071428571428573,2.0,2.6866346931678353,0.995,1.6916346931678352,0.0,0,0.0,0.0,280
0.3,concentrated,B3_use_queue_term_False,2,15,306,306,0,0.0,1.3194888178913737,2.0,2.6594907985210594,1.001,1.6584907985210595,0.0,0,0.0,0.0,313
0.3,concentrated,B3_use_queue_term_False,2,16,285,285,0,0.0,1.330128205128205,2.0,2.7004981454838894,1.001,1.6994981454838896,0.0,0,0.0,0.0,312
0.3,concentrated,B3_use_queue_term_False,2,17,314,314,0,0.0,1.3470031545741326,2.0,2.6774797118609763,1.0,1.6774797118609766,0.0,0,0.0,0.0,317
0.3,concentrated,B3_use_queue_term_False,2,18,315,315,0,0.0,1.3448275862068966,2.0,2.680029263338427,0.998,1.6820292633384268,0.0,0,0.0,0.0,319
0.3,concentrated,B3_use_queue_term_False,3,19,299,299,0,0.0,1.450199203187251,2.0,2.6975466232310987,0.999,1.6985466232310986,0.0,0,0.0,0.0,251
0.3,concentrated,B3_use_queue_term_False,3,20,304,304,0,0.0,1.3741258741258742,2.0,2.68640152704776,0.996,1.6904015270477601,0.0,0,0.0,0.0,286
0.3,concentrated,B3_use_queue_term_False,3,21,329,329,0,0.0,1.323076923076923,2.0,2.7015321010956157,0.995,1.7065321010956158,0.0,0,0.0,0.0,325
0.3,concentrated,B3_use_queue_term_False,3,22,303,303,0,0.0,1.3563636363636364,2.0,2.653587217230383,1.0,1.6535872172303827,0.0,0,0.0,0.0,275
0.3,concentrated,B3_use_queue_term_False,3,23,298,298,0,0.0,1.3159722222222223,2.0,2.694595171224587,1.0,1.694595171224587,0.0,0,0.0,0.0,288
0.3,concentrated,B3_use_queue_term_False,3,24,283,283,0,0.0,1.3295454545454546,2.0,2.6524040606213886,1.001,1.6514040606213884,0.0,0,0.0,0.0,264
0.3,concentrated,B3_use_queue_term_False,4,25,289,289,0,0.0,1.3277027027027026,2.0,2.6919279163246896,1.001,1.69092791632469,0.0,0,0.0,0.0,296
0.3,concentrated,B3_use_queue_term_False,4,26,286,286,0,0.0,1.346938775510204,2.0,2.6560140621865047,1.0,1.6560140621865047,0.0,0,0.0,0.0,294
0.3,concentrated,B3_use_queue_term_False,4,27,316,316,0,0.0,1.3312883435582823,2.0,2.72404052068602,1.001,1.7230405206860202,0.0,0,0.0,0.0,326
0.3,concentrated,B3_use_queue_term_False,4,28,256,256,0,0.0,1.3665338645418326,2.0,2.67621368202078,0.994,1.68221368202078,0.0,0,0.0,0.0,251
0.3,concentrated,B3_use_queue_term_False,4,29,342,342,0,0.0,1.2893982808022924,2.0,2.653309081604397,1.002,1.651309081604397,0.0,0,0.0,0.0,349
0.3,concentrated,B3_use_queue_term_False,4,30,309,309,0,0.0,1.307936507936508,2.0,2.669129622961599,1.002,1.667129622961599,0.0,0,0.0,0.0,315
0.3,distributed,baseline,0,1,286,286,0,0.0,1.7857142857142858,6.699999999999974,1.9692656783498466,0.995,0.9742656783498465,0.0,0,0.5465116279069767,0.033,42
0.3,distributed,baseline,0,2,306,306,0,0.0,3.8181818181818183,27.75000000000002,1.9795448685055954,1.001,0.9785448685055955,0.0,0,0.5622222222222222,0.12287712287712288,44
0.3,distributed,baseline,0,3,307,307,0,0.0,2.217391304347826,8.75,1.9984313142376084,1.0,0.9984313142376086,0.0,0,0.5680851063829787,0.056,46
0.3,distributed,baseline,0,4,303,303,0,0.0,2.7555555555555555,12.799999999999997,1.994909684169762,1.001,0.993909684169762,0.0,0,0.48043478260869565,0.07892107892107893,45
0.3,distributed,baseline,0,5,293,293,0,0.0,1.6097560975609757,1.0,1.9381571362660595,0.996,0.9421571362660595,0.0,0,0.4714285714285714,0.025,41
0.3,distributed,baseline,0,6,331,331,0,0.0,2.0638297872340425,5.199999999999974,1.9889824354155743,0.998,0.9909824354155742,0.0,0,0.5836734693877551,0.067,47
0.3,distributed,baseline,1,7,282,282,0,0.0,2.55,14.149999999999991,1.9693241159048305,1.001,0.9683241159048306,0.0,0,0.5441860465116279,0.0919080919080919,40
0.3,distributed,baseline,1,8,295,295,0,0.0,4.609756097560975,26.0,1.9991393136639117,1.0,0.9991393136639116,0.0,0,0.6268292682926829,0.147,41
0.3,distributed,baseline,1,9,309,309,0,0.0,2.953488372093023,17.999999999999986,2.00833660349183,0.998,1.0103366034918302,0.0,0,0.6260869565217392,0.114,43
0.3,distributed,baseline,1,10,332,332,0,0.0,10.708333333333334,39.89999999999999,1.9887444975842543,1.002,0.9867444975842542,0.0,0,0.6125,0.46407185628742514,48
0.3,distributed,baseline,1,11,313,313,0,0.0,3.595744680851064,17.39999999999999,1.9792999257707984,0.995,0.9842999257707984,0.0,0,0.5875,0.119,47
0.3,distributed,baseline,1,12,267,267,0,0.0,3.948717948717949,20.70000000000001,1.9732490822244608,1.001,0.9722490822244609,0.0,0,0.6761904761904762,0.11288711288711288,39
0.3,distributed,baseline,2,13,275,275,0,0.0,3.0,23.199999999999996,1.9929001340385928,1.003,0.9899001340385929,0.0,0,0.6025,0.07377866400797607,37
0.3,distributed,baseline,2,14,311,311,0,0.0,4.173913043478261,21.0,1.9963841224080834,0.996,1.0003841224080834,0.0,0,0.5608695652173913,0.146,46
0.3,distributed,baseline,2,15,306,306,0,0.0,6.704545454545454,38.500000000000014,2.005218617816235,1.002,1.003218617816235,0.0,0,0.5644444444444444,0.250499001996008,44
0.3,distributed,baseline,2,16,285,285,0,0.0,2.58974358974359,16.500000000000007,1.9893075449929172,1.002,0.9873075449929172,0.0,0,0.5790697674418605,0.07784431137724551,39
0.3,distributed,baseline,2,17,314,314,0,0.0,2.851063829787234,17.39999999999999,2.0091727307682135,1.0,1.0091727307682137,0.0,0,0.5916666666666667,0.09,47
0.3,distributed,baseline,2,18,315,315,0,0.0,2.6222222222222222,10.599999999999994,1.979765755658295,0.999,0.9807657556582949,0.0,0,0.6541666666666667,0.072,45
0.3,distributed,baseline,3,19,299,299,0,0.0,1.6956521739130435,1.0,2.021104856625633,0.998,1.0231048566256329,0.0,0,0.5875,0.032,46
0.3,distributed,baseline,3,20,304,304,0,0.0,3.6818181818181817,18.250000000000007,1.987550917439334,0.996,0.9915509174393341,0.0,0,0.49333333333333335,0.118,44
0.3,distributed,baseline,3,21,329,329,0,0.0,2.8043478260869565,17.25,1.9867930079282377,0.995,0.9917930079282375,0.0,0,0.5979591836734693,0.081,46
0.3,distributed,baseline,3,22,303,303,0,0.0,3.152173913043478,17.0,1.9959216909644828,1.001,0.9949216909644829,0.0,0,0.5787234042553191,0.0989010989010989,46
0.3,distributed,baseline,3,23,298,298,0,0.0,4.7560975609756095,28.0,1.9785241090129846,0.999,0.9795241090129846,0.0,0,0.5888888888888889,0.159,41
0.3,distributed,baseline,3,24,283,283,0,0.0,2.35,14.199999999999989,1.9988138162605713,1.001,0.9978138162605713,0.0,0,0.6024390243902439,0.053946053946053944,40
0.3,distributed,baseline,4,25,289,289,0,0.0,1.5609756097560976,2.0,1.959171789965165,1.002,0.957171789965165,0.0,0,0.6441860465116279,0.03592814371257485,41
0.3,distributed,baseline,4,26,286,286,0,0.0,4.5227272727272725,22.80000000000001,1.9987324058173572,1.001,0.9977324058173573,0.0,0,0.6177777777777778,0.15484515484515485,44
0.3,distributed,baseline,4,27,316,316,0,0.0,2.5217391304347827,13.5,2.009827443337149,1.001,1.0088274433371487,0.0,0,0.5714285714285714,0.06993006993006994,46
0.3,distributed,baseline,4,28,256,256,0,0.0,2.6315789473684212,12.599999999999994,1.9962995068359612,0.993,1.0032995068359611,0.0,0,0.6447368421052632,0.062,38
0.3,distributed,baseline,4,29,342,342,0,0.0,5.25,27.249999999999993,1.9703523299335857,1.002,0.9683523299335857,0.0,0,0.6632653061224489,0.20359281437125748,48
0.3,distributed,baseline,4,30,309,309,0,0.0,7.326086956521739,33.0,1.9840932046640705,1.002,0.9820932046640705,0.0,0,0.6125,0.2904191616766467,46
0.3,distributed,jsq,0,1,286,286,0,0.0,1.5365853658536586,2.0,1.9866409155384395,0.995,0.9916409155384395,0.0,0,0.5833333333333334,0.017,41
0.3,distributed,jsq,0,2,306,306,0,0.0,1.0714285714285714,1.9499999999999957,1.9723910563059,1.001,0.9713910563059001,0.0,0,0.5441860465116279,0.0,42
0.3,distributed,jsq,0,3,307,307,0,0.0,1.6808510638297873,2.0,2.061431872622674,1.0,1.061431872622674,0.0,0,0.5770833333333333,0.025,47
0.3,distributed,jsq,0,4,303,303,0,0.0,1.2045454545454546,2.0,2.0466221463666696,1.0,1.0466221463666696,0.0,0,0.5152173913043478,0.008,44
0.3,distributed,jsq,0,5,293,293,0,0.0,1.119047619047619,2.0,1.9755258812028549,0.996,0.9795258812028548,0.0,0,0.5738095238095238,0.0,42
0.3,distributed,jsq,0,6,331,331,0,0.0,1.125,2.0,1.989321523326725,0.998,0.9913215233267249,0.0,0,0.5530612244897959,0.0,48
0.3,distributed,jsq,1,7,282,282,0,0.0,1.1,2.0,1.9915031429765113,1.001,0.9905031429765113,0.0,0,0.6204545454545455,0.0,40
0.3,distributed,jsq,1,8,295,295,0,0.0,2.357142857142857,4.849999999999987,2.030424970738048,1.0,1.0304249707380482,0.0,0,0.6325581395348837,0.053,42
0.3,distributed,jsq,1,9,309,309,0,0.0,1.4772727272727273,2.0,2.0360849109908115,0.998,1.0380849109908117,0.0,0,0.5936170212765958,0.013,44
0.3,distributed,jsq,1,10,332,332,0,0.0,1.6458333333333333,2.0,2.015051224086597,1.001,1.0140512240865969,0.0,0,0.61875,0.026973026973026972,48
0.3,distributed,jsq,1,11,313,313,0,0.0,2.5,2.0,2.033431069564733,0.995,1.0384310695647327,0.0,0,0.6061224489795919,0.066,48
0.3,distributed,jsq,1,12,267,267,0,0.0,1.2,2.0,2.0192373889639903,1.003,1.0162373889639906,0.0,0,0.6071428571428571,0.0,40
0.3,distributed,jsq,2,13,275,275,0,0.0,1.1578947368421053,2.0,2.032061159407013,1.001,1.0310611594070132,0.0,0,0.595,0.0,38
0.3,distributed,jsq,2,14,311,311,0,0.0,1.0869565217391304,2.0,2.009216969519769,0.996,1.0132169695197688,0.0,0,0.60625,0.0,46
0.3,distributed,jsq,2,15,306,306,0,0.0,1.065217391304348,1.75,2.02825038565633,1.001,1.0272503856563298,0.0,0,0.5808510638297872,0.0,46
0.3,distributed,jsq,2,16,285,285,0,0.0,1.2894736842105263,2.0,2.022874416083121,1.002,1.0208744160831211,0.0,0,0.6121951219512195,0.003992015968063872,38
0.3,distributed,jsq,2,17,314,314,0,0.0,1.5454545454545454,2.0,2.029762848077769,1.0,1.0297628480777692,0.0,0,0.5866666666666667,0.018,44
0.3,distributed,jsq,2,18,315,315,0,0.0,1.851063829787234,2.0,2.0359310809528157,0.999,1.0369310809528158,0.0,0,0.6020833333333333,0.035,47
0.3,distributed,jsq,3,19,299,299,0,0.0,1.3777777777777778,2.0,2.0272650293269203,0.999,1.0282650293269204,0.0,0,0.5829787234042553,0.01,45
0.3,distributed,jsq,3,20,304,304,0,0.0,1.2954545454545454,2.0,2.0244162493474693,0.996,1.0284162493474693,0.0,0,0.4955555555555556,0.006,44
0.3,distributed,jsq,3,21,329,329,0,0.0,1.8478260869565217,2.0,2.0450454949205916,0.997,1.0480454949205915,0.0,0,0.5479166666666667,0.032,46
0.3,distributed,jsq,3,22,303,303,0,0.0,2.227272727272727,6.250000000000007,1.9796233063995612,1.001,0.9786233063995613,0.0,0,0.6295454545454545,0.04995004995004995,44
0.3,distributed,jsq,3,23,298,298,0,0.0,1.6744186046511629,2.0,2.007090568141963,1.0,1.007090568141963,0.0,0,0.5840909090909091,0.024,43
0.3,distributed,jsq,3,24,283,283,0,0.0,1.7857142857142858,2.0,2.02155509475526,1.001,1.0205550947552602,0.0,0,0.5166666666666667,0.027972027972027972,42
0.3,distributed,jsq,4,25,289,289,0,0.0,1.1162790697674418,2.0,2.029154396496896,1.001,1.0281543964968958,0.0,0,0.5772727272727273,0.0,43
0.3,distributed,jsq,4,26,286,286,0,0.0,2.511627906976744,7.3999999999999915,2.013656835196503,1.001,1.012656835196503,0.0,0,0.6318181818181818,0.059940059940059943,43
0.3,distributed,jsq,4,27,316,316,0,0.0,2.5,2.0,2.043584577958457,1.001,1.0425845779584575,0.0,0,0.636734693877551,0.06393606393606394,46
0.3,distributed,jsq,4,28,256,256,0,0.0,1.3157894736842106,2.0,2.0072466401538085,0.994,1.0132466401538085,0.0,0,0.6775,0.009,38
0.3,distributed,jsq,4,29,342,342,0,0.0,1.5416666666666667,2.0,2.0076221340111617,1.002,1.0056221340111615,0.0,0,0.6714285714285714,0.022954091816367265,48
0.3,distributed,jsq,4,30,309,309,0,0.0,1.8444444444444446,2.0,1.9983200335325022,1.002,0.9963200335325023,0.0,0,0.6,0.027944111776447105,45
0.3,distributed,ours,0,1,286,286,0,0.0,1.0493827160493827,1.0,2.2124369292439843,0.996,1.2164369292439845,0.0,0,0.28404907975460125,0.011,324
0.3,distributed,ours,0,2,306,306,0,0.0,1.0205882352941176,1.0,2.229057769134936,1.002,1.2270577691349358,0.0,0,0.2635294117647059,0.003992015968063872,340
0.3,distributed,ours,0,3,307,307,0,0.0,1.0292397660818713,1.0,2.2112174369667756,1.0,1.2112174369667756,0.0,0,0.27288629737609327,0.007,342
0.3,distributed,ours,0,4,303,303,0,0.0,1.013623978201635,1.0,2.22311235860228,1.001,1.22211235860228,0.0,0,0.26059782608695653,0.001998001998001998,367
0.3,distributed,ours,0,5,293,293,0,0.0,1.0470588235294118,1.0,2.2089224309765285,0.995,1.2139224309765284,0.0,0,0.2656891495601173,0.012,340
0.3,distributed,ours,0,6,331,331,0,0.0,1.0132275132275133,1.0,2.1988573743500663,0.998,1.2008573743500663,0.0,0,0.28891820580474936,0.004,378
0.3,distributed,ours,1,7,282,282,0,0.0,1.0978260869565217,2.0,2.2414672588535813,1.001,1.2404672588535817,0.0,0,0.27783783783783783,0.026973026973026972,368
0.3,distributed,ours,1,8,295,295,0,0.0,1.1058823529411765,2.0,2.253038641276974,1.0,1.2530386412769736,0.0,0,0.2774647887323944,0.031,425
0.3,distributed,ours,1,9,309,309,0,0.0,1.0909090909090908,1.3999999999999773,2.2673507824783625,0.998,1.2693507824783627,0.0,0,0.2567510548523207,0.035,473
0.3,distributed,ours,1,10,332,332,0,0.0,1.1304347826086956,2.0,2.2884116583239833,1.002,1.2864116583239833,0.0,0,0.25041322314049586,0.04590818363273453,483
0.3,distributed,ours,1,11,313,313,0,0.0,1.1168539325842697,2.0,2.277818015923682,0.995,1.282818015923682,0.0,0,0.2446188340807175,0.029,445
0.3,distributed,ours,1,12,267,267,0,0.0,1.0688705234159779,2.0,2.2333848058675905,1.003,1.2303848058675904,0.0,0,0.26721763085399447,0.004985044865403789,363
0.3,distributed,ours,2,13,275,275,0,0.0,1.0744985673352436,1.0,2.2230450110530624,1.002,1.2210450110530622,0.0,0,0.26285714285714284,0.018962075848303395,349
0.3,distributed,ours,2,14,311,311,0,0.0,1.0374064837905237,1.0,2.2367962235914676,0.995,1.2417962235914675,0.0,0,0.2716417910447761,0.012,401
0.3,distributed,ours,2,15,306,306,0,0.0,1.064039408866995,1.0,2.2782919919459674,1.001,1.2772919919459675,0.0,0,0.23251231527093597,0.016983016983016984,406
0.3,distributed,ours,2,16,285,285,0,0.0,1.0448179271708684,1.0,2.227780441840366,1.001,1.2267804418403663,0.0,0,0.28431372549019607,0.00999000999000999,357
0.3,distributed,ours,2,17,314,314,0,0.0,1.0434782608695652,1.0,2.2366011028168824,1.0,1.2366011028168824,0.0,0,0.27595907928388747,0.009,391
0.3,distributed,ours,2,18,315,315,0,0.0,1.1276102088167053,2.0,2.252269627318954,0.998,1.2542696273189542,0.0,0,0.28125,0.044,431
0.3,distributed,ours,3,19,299,299,0,0.0,1.0532544378698225,1.0,2.206195455355041,1.0,1.2061954553550411,0.0,0,0.3168639053254438,0.018,338
0.3,distributed,ours,3,20,304,304,0,0.0,1.0527777777777778,1.0,2.195216067659896,0.997,1.198216067659896,0.0,0,0.261218836565097,0.018,360
0.3,distributed,ours,3,21,329,329,0,0.0,1.0637254901960784,1.0,2.2247083033660253,0.995,1.2297083033660254,0.0,0,0.2540342298288509,0.02,408
0.3,distributed,ours,3,22,303,303,0,0.0,1.0743801652892562,1.0,2.182824927139881,1.001,1.181824927139881,0.0,0,0.29013698630136986,0.023976023976023976,363
0.3,distributed,ours,3,23,298,298,0,0.0,1.0244565217391304,1.0,2.206466925412129,1.0,1.206466925412129,0.0,0,0.2703804347826087,0.007,368
0.3,distributed,ours,3,24,283,283,0,0.0,1.0339506172839505,1.0,2.183138501095489,1.0,1.183138501095489,0.0,0,0.3129230769230769,0.007,324
0.3,distributed,ours,4,25,289,289,0,0.0,1.1380145278450364,2.0,2.2141638933498964,1.002,1.2121638933498966,0.0,0,0.29734299516908214,0.0499001996007984,413
0.3,distributed,ours,4,26,286,286,0,0.0,1.1111111111111112,2.0,2.1949849972503146,1.001,1.1939849972503147,0.0,0,0.31262886597938144,0.03796203796203796,387
0.3,distributed,ours,4,27,316,316,0,0.0,1.1065217391304347,2.0,2.219627078850062,1.003,1.2166270788500622,0.0,0,0.26898047722342733,0.03988035892323031,460
0.3,distributed,ours,4,28,256,256,0,0.0,1.0441988950276244,1.0,2.2062155670086927,0.994,1.212215567008693,0.0,0,0.30604395604395607,0.014,362
0.3,distributed,ours,4,29,342,342,0,0.0,1.0667976424361494,1.0,2.262691308052567,1.001,1.2616913080525671,0.0,0,0.2543859649122807,0.026973026973026972,509
0.3,distributed,ours,4,30,309,309,0,0.0,1.0812641083521444,1.0,2.2120267934091618,1.003,1.2090267934091619,0.0,0,0.2596846846846847,0.03389830508474576,443
0.3,distributed,B3_use_queue_term_False,0,1,286,286,0,0.0,1.0120481927710843,1.0,2.1985733570570356,0.996,1.2025733570570356,0.0,0,0.27994011976047906,0.0,332
0.3,distributed,B3_use_queue_term_False,0,2,306,306,0,0.0,1.008595988538682,1.0,2.2009654220035397,1.002,1.1989654220035397,0.0,0,0.2498567335243553,0.0,349
0.3,distributed,B3_use_queue_term_False,0,3,307,307,0,0.0,1.0,1.0,2.186921059461176,1.0,1.1869210594611759,0.0,0,0.28063583815028903,0.0,345
0.3,distributed,B3_use_queue_term_False,0,4,303,303,0,0.0,1.0053619302949062,1.0,2.1931994630830203,1.001,1.1921994630830204,0.0,0,0.2655080213903743,0.0,373
0.3,distributed,B3_use_queue_term_False,0,5,293,293,0,0.0,1.012084592145015,1.0,2.185097336835008,0.995,1.1900973368350083,0.0,0,0.2765060240963855,0.0,331
0.3,distributed,B3_use_queue_term_False,0,6,331,331,0,0.0,1.0053191489361701,1.0,2.170792931737042,0.998,1.1727929317370418,0.0,0,0.2986737400530504,0.0,376
0.3,distributed,B3_use_queue_term_False,1,7,282,282,0,0.0,1.0110192837465564,1.0,2.193675063904264,1.001,1.192675063904264,0.0,0,0.2893150684931507,0.0,363
0.3,distributed,B3_use_queue_term_False,1,8,295,295,0,0.0,1.0318627450980393,1.0,2.242051953738868,1.0,1.242051953738868,0.0,0,0.2916870415647922,0.0,408
0.3,distributed,B3_use_queue_term_False,1,9,309,309,0,0.0,1.0173160173160174,1.0,2.240812562962529,0.998,1.2428125629625288,0.0,0,0.26479481641468683,0.0,462
0.3,distributed,B3_use_queue_term_False,1,10,332,332,0,0.0,1.0341880341880343,1.0,2.2549911760175565,1.002,1.2529911760175565,0.0,0,0.2581740976645435,0.0,468
0.3,distributed,B3_use_queue_term_False,1,11,313,313,0,0.0,1.0509259259259258,1.4499999999999886,2.258855919012795,0.995,1.2638559190127947,0.0,0,0.25034642032332566,0.0,432
0.3,distributed,B3_use_queue_term_False,1,12,267,267,0,0.0,1.046242774566474,1.0,2.2164024009898364,1.003,1.2134024009898368,0.0,0,0.27890173410404623,0.0,346
0.3,distributed,B3_use_queue_term_False,2,13,275,275,0,0.0,1.0171428571428571,1.0,2.2101031069029218,1.002,1.2081031069029218,0.0,0,0.2638176638176638,0.0,350
0.3,distributed,B3_use_queue_term_False,2,14,311,311,0,0.0,1.0024570024570025,1.0,2.2117902897445,0.995,1.2167902897445,0.0,0,0.2639705882352941,0.0,407
0.3,distributed,B3_use_queue_term_False,2,15,306,306,0,0.0,1.0217917675544794,1.0,2.24021570667779,1.001,1.23921570667779,0.0,0,0.2305084745762712,0.0,413
0.3,distributed,B3_use_queue_term_False,2,16,285,285,0,0.0,1.0137741046831956,1.0,2.202515393137777,1.001,1.201515393137777,0.0,0,0.28402203856749314,0.0,363
0.3,distributed,B3_use_queue_term_False,2,17,314,314,0,0.0,1.0176322418136021,1.0,2.202358628505167,1.0,1.2023586285051668,0.0,0,0.27632241813602015,0.0,397
0.3,distributed,B3_use_queue_term_False,2,18,315,315,0,0.0,1.025943396226415,1.0,2.2115523411871485,0.998,1.2135523411871485,0.0,0,0.28826291079812205,0.0,424
0.3,distributed,B3_use_queue_term_False,3,19,299,299,0,0.0,1.0,1.0,2.174055149979467,1.0,1.1740551499794674,0.0,0,0.31551724137931036,0.0,348
0.3,distributed,B3_use_queue_term_False,3,20,304,304,0,0.0,1.005586592178771,1.0,2.15861717351506,0.997,1.1616171735150602,0.0,0,0.26796657381615596,0.0,358
0.3,distributed,B3_use_queue_term_False,3,21,329,329,0,0.0,1.0121065375302662,1.0,2.1891458281339577,0.995,1.1941458281339579,0.0,0,0.24685990338164251,0.0,413
0.3,distributed,B3_use_queue_term_False,3,22,303,303,0,0.0,1.0054945054945055,1.0,2.140907298866785,1.001,1.1399072988667849,0.0,0,0.29890710382513663,0.0,364
0.3,distributed,B3_use_queue_term_False,3,23,298,298,0,0.0,1.0028328611898016,1.0,2.170624963452119,1.0,1.170624963452119,0.0,0,0.288385269121813,0.0,353
0.3,distributed,B3_use_queue_term_False,3,24,283,283,0,0.0,1.003003003003003,1.0,2.153442998640836,1.0,1.1534429986408359,0.0,0,0.3161676646706587,0.0,333
0.3,distributed,B3_use_queue_term_False,4,25,289,289,0,0.0,1.0,1.0,2.1871767584778334,1.002,1.1851767584778332,0.0,0,0.2974683544303797,0.0,394
0.3,distributed,B3_use_queue_term_False,4,26,286,286,0,0.0,1.0,1.0,2.172674010257732,1.001,1.1716740102577323,0.0,0,0.2989974937343358,0.0,398
0.3,distributed,B3_use_queue_term_False,4,27,316,316,0,0.0,1.0,1.0,2.1807493310665933,1.002,1.178749331066593,0.0,0,0.28,0.0,464
0.3,distributed,B3_use_queue_term_False,4,28,256,256,0,0.0,1.0,1.0,2.182238268795739,0.994,1.188238268795739,0.0,0,0.32017045454545456,0.0,350
0.3,distributed,B3_use_queue_term_False,4,29,342,342,0,0.0,1.0,1.0,2.1946662793366762,1.002,1.1926662793366762,0.0,0,0.2616182572614108,0.0,479
0.3,distributed,B3_use_queue_term_False,4,30,309,309,0,0.0,1.0,1.0,2.1674107661638837,1.002,1.1654107661638837,0.0,0,0.2794188861985472,0.0,412
0.5,concentrated,baseline,0,1,463,463,0,0.0,1.2058823529411764,2.0,2.0358250212895945,1.0,1.0358250212895945,0.0,0,0.0,0.0,68
0.5,concentrated,baseline,0,2,498,498,0,0.0,1.1690140845070423,2.0,2.0532046772009203,1.001,1.0522046772009201,0.0,0,0.0,0.0,71
0.5,concentrated,baseline,0,3,502,502,0,0.0,1.267605633802817,2.0,2.038631363155589,0.998,1.040631363155589,0.0,0,0.0,0.0,71
0.5,concentrated,baseline,0,4,511,511,0,0.0,1.12,2.0,2.0557120478526762,1.001,1.0547120478526764,0.0,0,0.0,0.0,75
0.5,concentrated,baseline,0,5,477,477,0,0.0,1.1594202898550725,2.0,2.040155455131039,0.998,1.0421554551310388,0.0,0,0.0,0.0,69
0.5,concentrated,baseline,0,6,539,539,0,0.0,1.1842105263157894,2.0,2.018875798786951,1.001,1.0178757987869507,0.0,0,0.0,0.0,76
0.5,concentrated,baseline,1,7,458,458,0,0.0,1.171875,2.0,2.0399082624820872,1.0,1.0399082624820872,0.0,0,0.0,0.0,64
0.5,concentrated,baseline,1,8,495,495,0,0.0,1.1818181818181819,2.0,2.0454116474900212,1.002,1.043411647490021,0.0,0,0.0,0.0,66
0.5,concentrated,baseline,1,9,502,502,0,0.0,1.173913043478261,2.0,2.029517020078197,1.0,1.029517020078197,0.0,0,0.0,0.0,69
0.5,concentrated,baseline,1,10,514,514,0,0.0,1.24,2.0,2.0562592584915897,1.001,1.0552592584915896,0.0,0,0.0,0.0,75
0.5,concentrated,baseline,1,11,512,512,0,0.0,1.1710526315789473,2.0,2.041659289273376,1.001,1.0406592892733764,0.0,0,0.0,0.0,76
0.5,concentrated,baseline,1,12,457,457,0,0.0,1.140625,2.0,2.0143643157973425,1.002,1.0123643157973425,0.0,0,0.0,0.0,64
0.5,concentrated,baseline,2,13,490,490,0,0.0,1.1304347826086956,2.0,2.0507432165235433,1.002,1.0487432165235433,0.0,0,0.0,0.0,69
0.5,concentrated,baseline,2,14,505,505,0,0.0,1.1690140845070423,2.0,2.035763415864234,1.002,1.0337634158642337,0.0,0,0.0,0.0,71
0.5,concentrated,baseline,2,15,477,477,0,0.0,1.1846153846153846,2.0,2.044032934528902,0.995,1.0490329345289018,0.0,0,0.0,0.0,65
0.5,concentrated,baseline,2,16,494,494,0,0.0,1.178082191780822,2.0,2.0468745384285287,1.001,1.0458745384285288,0.0,0,0.0,0.0,73
0.5,concentrated,baseline,2,17,530,530,0,0.0,1.1733333333333333,2.0,2.06031132465712,1.002,1.0583113246571199,0.0,0,0.0,0.0,75
0.5,concentrated,baseline,2,18,519,519,0,0.0,1.2602739726027397,2.0,2.0658788494069142,1.002,1.0638788494069142,0.0,0,0.0,0.0,73
0.5,concentrated,baseline,3,19,481,481,0,0.0,1.1571428571428573,2.0,2.052553940347119,1.001,1.0515539403471192,0.0,0,0.0,0.0,70
0.5,concentrated,baseline,3,20,515,515,0,0.0,1.1408450704225352,2.0,2.028746208594619,1.001,1.0277462085946187,0.0,0,0.0,0.0,71
0.5,concentrated,baseline,3,21,515,515,0,0.0,1.1126760563380282,2.0,2.0200060846772407,1.001,1.0190060846772406,0.0,0,0.0,0.0,71
0.5,concentrated,baseline,3,22,496,496,0,0.0,1.2,2.0,2.0381525357322117,0.998,1.0401525357322114,0.0,0,0.0,0.0,70
0.5,concentrated,baseline,3,23,506,506,0,0.0,1.2058823529411764,2.0,2.0350826396911676,1.001,1.0340826396911675,0.0,0,0.0,0.0,68
0.5,concentrated,baseline,3,24,494,494,0,0.0,1.125,2.0,2.060737230735767,0.999,1.0617372307357669,0.0,0,0.0,0.0,72
0.5,concentrated,baseline,4,25,488,488,0,0.0,1.1571428571428573,2.0,2.02485307147935,1.001,1.0238530714793497,0.0,0,0.0,0.0,70
0.5,concentrated,baseline,4,26,489,489,0,0.0,1.1388888888888888,2.0,2.038592347153537,0.997,1.041592347153537,0.0,0,0.0,0.0,72
0.5,concentrated,baseline,4,27,492,492,0,0.0,1.2133333333333334,2.0,2.041092171737563,0.997,1.0440921717375633,0.0,0,0.0,0.0,75
0.5,concentrated,baseline,4,28,453,453,0,0.0,1.1363636363636365,2.0,2.0357761787290185,1.002,1.0337761787290185,0.0,0,0.0,0.0,66
0.5,concentrated,baseline,4,29,553,553,0,0.0,1.1538461538461537,2.0,2.0566261358566633,1.002,1.0546261358566633,0.0,0,0.0,0.0,78
0.5,concentrated,baseline,4,30,493,493,0,0.0,1.1571428571428573,2.0,2.0266100294153917,1.003,1.0236100294153918,0.0,0,0.0,0.0,70
0.5,concentrated,jsq,0,1,463,463,0,0.0,1.2058823529411764,2.0,2.0358250212895945,1.0,1.0358250212895945,0.0,0,0.0,0.0,68
0.5,concentrated,jsq,0,2,498,498,0,0.0,1.1690140845070423,2.0,2.0532046772009203,1.001,1.0522046772009201,0.0,0,0.0,0.0,71
0.5,concentrated,jsq,0,3,502,502,0,0.0,1.267605633802817,2.0,2.038631363155589,0.998,1.040631363155589,0.0,0,0.0,0.0,71
0.5,concentrated,jsq,0,4,511,511,0,0.0,1.12,2.0,2.0557120478526762,1.001,1.0547120478526764,0.0,0,0.0,0.0,75
0.5,concentrated,jsq,0,5,477,477,0,0.0,1.1594202898550725,2.0,2.040155455131039,0.998,1.0421554551310388,0.0,0,0.0,0.0,69
0.5,concentrated,jsq,0,6,539,539,0,0.0,1.1842105263157894,2.0,2.018875798786951,1.001,1.0178757987869507,0.0,0,0.0,0.0,76
0.5,concentrated,jsq,1,7,458,458,0,0.0,1.171875,2.0,2.0399082624820872,1.0,1.0399082624820872,0.0,0,0.0,0.0,64
0.5,concentrated,jsq,1,8,495,495,0,0.0,1.1818181818181819,2.0,2.0454116474900212,1.002,1.043411647490021,0.0,0,0.0,0.0,66
0.5,concentrated,jsq,1,9,502,502,0,0.0,1.173913043478261,2.0,2.029517020078197,1.0,1.029517020078197,0.0,0,0.0,0.0,69
0.5,concentrated,jsq,1,10,514,514,0,0.0,1.24,2.0,2.0562592584915897,1.001,1.0552592584915896,0.0,0,0.0,0.0,75
0.5,concentrated,jsq,1,11,512,512,0,0.0,1.1710526315789473,2.0,2.041659289273376,1.001,1.0406592892733764,0.0,0,0.0,0.0,76
0.5,concentrated,jsq,1,12,457,457,0,0.0,1.140625,2.0,2.0143643157973425,1.002,1.0123643157973425,0.0,0,0.0,0.0,64
0.5,concentrated,jsq,2,13,490,490,0,0.0,1.1304347826086956,2.0,2.0507432165235433,1.002,1.0487432165235433,0.0,0,0.0,0.0,69
0.5,concentrated,jsq,2,14,505,505,0,0.0,1.1690140845070423,2.0,2.035763415864234,1.002,1.0337634158642337,0.0,0,0.0,0.0,71
0.5,concentrated,jsq,2,15,477,477,0,0.0,1.1846153846153846,2.0,2.044032934528902,0.995,1.0490329345289018,0.0,0,0.0,0.0,65
0.5,concentrated,jsq,2,16,494,494,0,0.0,1.178082191780822,2.0,2.0468745384285287,1.001,1.0458745384285288,0.0,0,0.0,0.0,73
0.5,concentrated,jsq,2,17,530,530,0,0.0,1.1733333333333333,2.0,2.06031132465712,1.002,1.0583113246571199,0.0,0,0.0,0.0,75
0.5,concentrated,jsq,2,18,519,519,0,0.0,1.2602739726027397,2.0,2.0658788494069142,1.002,1.0638788494069142,0.0,0,0.0,0.0,73
0.5,concentrated,jsq,3,19,481,481,0,0.0,1.1571428571428573,2.0,2.052553940347119,1.001,1.0515539403471192,0.0,0,0.0,0.0,70
0.5,concentrated,jsq,3,20,515,515,0,0.0,1.1408450704225352,2.0,2.028746208594619,1.001,1.0277462085946187,0.0,0,0.0,0.0,71
0.5,concentrated,jsq,3,21,515,515,0,0.0,1.1126760563380282,2.0,2.0200060846772407,1.001,1.0190060846772406,0.0,0,0.0,0.0,71
0.5,concentrated,jsq,3,22,496,496,0,0.0,1.2,2.0,2.0381525357322117,0.998,1.0401525357322114,0.0,0,0.0,0.0,70
0.5,concentrated,jsq,3,23,506,506,0,0.0,1.2058823529411764,2.0,2.0350826396911676,1.001,1.0340826396911675,0.0,0,0.0,0.0,68
0.5,concentrated,jsq,3,24,494,494,0,0.0,1.125,2.0,2.060737230735767,0.999,1.0617372307357669,0.0,0,0.0,0.0,72
0.5,concentrated,jsq,4,25,488,488,0,0.0,1.1571428571428573,2.0,2.02485307147935,1.001,1.0238530714793497,0.0,0,0.0,0.0,70
0.5,concentrated,jsq,4,26,489,489,0,0.0,1.1388888888888888,2.0,2.038592347153537,0.997,1.041592347153537,0.0,0,0.0,0.0,72
0.5,concentrated,jsq,4,27,492,492,0,0.0,1.2133333333333334,2.0,2.041092171737563,0.997,1.0440921717375633,0.0,0,0.0,0.0,75
0.5,concentrated,jsq,4,28,453,453,0,0.0,1.1363636363636365,2.0,2.0357761787290185,1.002,1.0337761787290185,0.0,0,0.0,0.0,66
0.5,concentrated,jsq,4,29,553,553,0,0.0,1.1538461538461537,2.0,2.0566261358566633,1.002,1.0546261358566633,0.0,0,0.0,0.0,78
0.5,concentrated,jsq,4,30,493,493,0,0.0,1.1571428571428573,2.0,2.0266100294153917,1.003,1.0236100294153918,0.0,0,0.0,0.0,70
0.5,concentrated,ours,0,1,463,463,0,0.0,1.3819951338199514,2.0,2.7530473542207696,1.0,1.7530473542207694,0.0,0,0.0,0.0,411
0.5,concentrated,ours,0,2,498,498,0,0.0,1.381057268722467,2.0,2.737155588036157,1.001,1.736155588036157,0.0,0,0.0,0.0,454
0.5,concentrated,ours,0,3,502,502,0,0.0,1.3893617021276596,2.0,2.7359369171479244,0.998,1.7379369171479246,0.0,0,0.0,0.0,470
0.5,concentrated,ours,0,4,511,511,0,0.0,1.3549060542797495,2.0,2.7346529151501255,1.001,1.7336529151501257,0.0,0,0.0,0.0,479
0.5,concentrated,ours,0,5,477,477,0,0.0,1.392156862745098,2.0,2.7361957063220856,0.998,1.7381957063220854,0.0,0,0.0,0.0,459
0.5,concentrated,ours,0,6,539,539,0,0.0,1.3510204081632653,2.0,2.7116031894766577,1.002,1.7096031894766575,0.0,0,0.0,0.0,490
0.5,concentrated,ours,1,7,458,458,0,0.0,1.3005671077504726,2.0,2.6926686477822748,1.0,1.6926686477822748,0.0,0,0.0,0.0,529
0.5,concentrated,ours,1,8,495,495,0,0.0,1.293193717277487,2.0,2.684462860605694,1.002,1.682462860605694,0.0,0,0.0,0.0,573
0.5,concentrated,ours,1,9,502,502,0,0.0,1.3079646017699116,2.0,2.7080042812671183,1.0,1.7080042812671183,0.0,0,0.0,0.0,565
0.5,concentrated,ours,1,10,514,514,0,0.0,1.3722222222222222,2.0,2.716409637522924,1.001,1.715409637522924,0.0,0,0.0,0.0,540
0.5,concentrated,ours,1,11,512,512,0,0.0,1.3140916808149405,2.0,2.7482878785283056,1.001,1.7472878785283055,0.0,0,0.0,0.0,589
0.5,concentrated,ours,1,12,457,457,0,0.0,1.3127413127413128,2.0,2.726259339368183,1.002,1.7242593393681829,0.0,0,0.0,0.0,518
0.5,concentrated,ours,2,13,490,490,0,0.0,1.3666666666666667,2.0,2.739067036747434,1.001,1.7380670367474338,0.0,0,0.0,0.0,480
0.5,concentrated,ours,2,14,505,505,0,0.0,1.3490196078431373,2.0,2.7473609919871964,1.001,1.7463609919871965,0.0,0,0.0,0.0,510
0.5,concentrated,ours,2,15,477,477,0,0.0,1.346938775510204,2.0,2.7342659369070432,0.995,1.7392659369070431,0.0,0,0.0,0.0,490
0.5,concentrated,ours,2,16,494,494,0,0.0,1.3704453441295548,2.0,2.7241437303800318,1.0,1.7241437303800318,0.0,0,0.0,0.0,494
0.5,concentrated,ours,2,17,530,530,0,0.0,1.3540856031128405,2.0,2.7443252265223546,1.001,1.7433252265223547,0.0,0,0.0,0.0,514
0.5,concentrated,ours,2,18,519,519,0,0.0,1.3464991023339319,2.0,2.766794952426899,1.001,1.7657949524268992,0.0,0,0.0,0.0,557
0.5,concentrated,ours,3,19,481,481,0,0.0,1.4484412470023982,2.0,2.744108065334863,1.001,1.7431080653348632,0.0,0,0.0,0.0,417
0.5,concentrated,ours,3,20,515,515,0,0.0,1.4568181818181818,2.0,2.7521274174899597,1.001,1.75112741748996,0.0,0,0.0,0.0,440
0.5,concentrated,ours,3,21,515,515,0,0.0,1.3576017130620985,2.0,2.7258208781546047,1.001,1.7248208781546048,0.0,0,0.0,0.0,467
0.5,concentrated,ours,3,22,496,496,0,0.0,1.3730684326710816,2.0,2.7201344205375952,0.999,1.7211344205375951,0.0,0,0.0,0.0,453
0.5,concentrated,ours,3,23,506,506,0,0.0,1.3253796095444685,2.0,2.737813133739955,1.001,1.7368131337399553,0.0,0,0.0,0.0,461
0.5,concentrated,ours,3,24,494,494,0,0.0,1.3802197802197802,2.0,2.7278687957177166,0.999,1.7288687957177165,0.0,0,0.0,0.0,455
0.5,concentrated,ours,4,25,488,488,0,0.0,1.331384015594542,2.0,2.7458082166341513,1.001,1.7448082166341514,0.0,0,0.0,0.0,513
0.5,concentrated,ours,4,26,489,489,0,0.0,1.3353535353535353,2.0,2.7120356689625216,0.997,1.7150356689625217,0.0,0,0.0,0.0,495
0.5,concentrated,ours,4,27,492,492,0,0.0,1.3584521384928716,2.0,2.731460083930543,0.997,1.7344600839305433,0.0,0,0.0,0.0,491
0.5,concentrated,ours,4,28,453,453,0,0.0,1.3747228381374723,2.0,2.6949736255304773,1.001,1.6939736255304774,0.0,0,0.0,0.0,451
0.5,concentrated,ours,4,29,553,553,0,0.0,1.300509337860781,2.0,2.735561992286232,1.002,1.733561992286232,0.0,0,0.0,0.0,589
0.5,concentrated,ours,4,30,493,493,0,0.0,1.3478260869565217,2.0,2.7137912898967125,1.002,1.7117912898967123,0.0,0,0.0,0.0,483
0.5,concentrated,B3_use_queue_term_False,0,1,463,463,0,0.0,1.3819951338199514,2.0,2.7530473542207696,1.0,1.7530473542207694,0.0,0,0.0,0.0,411
0.5,concentrated,B3_use_queue_term_False,0,2,498,498,0,0.0,1.381057268722467,2.0,2.737155588036157,1.001,1.736155588036157,0.0,0,0.0,0.0,454
0.5,concentrated,B3_use_queue_term_False,0,3,502,502,0,0.0,1.3893617021276596,2.0,2.7359369171479244,0.998,1.7379369171479246,0.0,0,0.0,0.0,470
0.5,concentrated,B3_use_queue_term_False,0,4,511,511,0,0.0,1.3549060542797495,2.0,2.7346529151501255,1.001,1.7336529151501257,0.0,0,0.0,0.0,479
0.5,concentrated,B3_use_queue_term_False,0,5,477,477,0,0.0,1.392156862745098,2.0,2.7361957063220856,0.998,1.7381957063220854,0.0,0,0.0,0.0,459
0.5,concentrated,B3_use_queue_term_False,0,6,539,539,0,0.0,1.3510204081632653,2.0,2.7116031894766577,1.002,1.7096031894766575,0.0,0,0.0,0.0,490
0.5,concentrated,B3_use_queue_term_False,1,7,458,458,0,0.0,1.3005671077504726,2.0,2.6926686477822748,1.0,1.6926686477822748,0.0,0,0.0,0.0,529
0.5,concentrated,B3_use_queue_term_False,1,8,495,495,0,0.0,1.293193717277487,2.0,2.684462860605694,1.002,1.682462860605694,0.0,0,0.0,0.0,573
0.5,concentrated,B3_use_queue_term_False,1,9,502,502,0,0.0,1.3079646017699116,2.0,2.7080042812671183,1.0,1.7080042812671183,0.0,0,0.0,0.0,565
0.5,concentrated,B3_use_queue_term_False,1,10,514,514,0,0.0,1.3722222222222222,2.0,2.716409637522924,1.001,1.715409637522924,0.0,0,0.0,0.0,540
0.5,concentrated,B3_use_queue_term_False,1,11,512,512,0,0.0,1.3140916808149405,2.0,2.7482878785283056,1.001,1.7472878785283055,0.0,0,0.0,0.0,589
0.5,concentrated,B3_use_queue_term_False,1,12,457,457,0,0.0,1.3127413127413128,2.0,2.726259339368183,1.002,1.7242593393681829,0.0,0,0.0,0.0,518
0.5,concentrated,B3_use_queue_term_False,2,13,490,490,0,0.0,1.3666666666666667,2.0,2.739067036747434,1.001,1.7380670367474338,0.0,0,0.0,0.0,480
0.5,concentrated,B3_use_queue_term_False,2,14,505,505,0,0.0,1.3490196078431373,2.0,2.7473609919871964,1.001,1.7463609919871965,0.0,0,0.0,0.0,510
0.5,concentrated,B3_use_queue_term_False,2,15,477,477,0,0.0,1.346938775510204,2.0,2.7342659369070432,0.995,1.7392659369070431,0.0,0,0.0,0.0,490
0.5,concentrated,B3_use_queue_term_False,2,16,494,494,0,0.0,1.3704453441295548,2.0,2.7241437303800318,1.0,1.7241437303800318,0.0,0,0.0,0.0,494
0.5,concentrated,B3_use_queue_term_False,2,17,530,530,0,0.0,1.3540856031128405,2.0,2.7443252265223546,1.001,1.7433252265223547,0.0,0,0.0,0.0,514
0.5,concentrated,B3_use_queue_term_False,2,18,519,519,0,0.0,1.3464991023339319,2.0,2.766794952426899,1.001,1.7657949524268992,0.0,0,0.0,0.0,557
0.5,concentrated,B3_use_queue_term_False,3,19,481,481,0,0.0,1.4484412470023982,2.0,2.744108065334863,1.001,1.7431080653348632,0.0,0,0.0,0.0,417
0.5,concentrated,B3_use_queue_term_False,3,20,515,515,0,0.0,1.4568181818181818,2.0,2.7521274174899597,1.001,1.75112741748996,0.0,0,0.0,0.0,440
0.5,concentrated,B3_use_queue_term_False,3,21,515,515,0,0.0,1.3576017130620985,2.0,2.7258208781546047,1.001,1.7248208781546048,0.0,0,0.0,0.0,467
0.5,concentrated,B3_use_queue_term_False,3,22,496,496,0,0.0,1.3730684326710816,2.0,2.7201344205375952,0.999,1.7211344205375951,0.0,0,0.0,0.0,453
0.5,concentrated,B3_use_queue_term_False,3,23,506,506,0,0.0,1.3253796095444685,2.0,2.737813133739955,1.001,1.7368131337399553,0.0,0,0.0,0.0,461
0.5,concentrated,B3_use_queue_term_False,3,24,494,494,0,0.0,1.3802197802197802,2.0,2.7278687957177166,0.999,1.7288687957177165,0.0,0,0.0,0.0,455
0.5,concentrated,B3_use_queue_term_False,4,25,488,488,0,0.0,1.331384015594542,2.0,2.7458082166341513,1.001,1.7448082166341514,0.0,0,0.0,0.0,513
0.5,concentrated,B3_use_queue_term_False,4,26,489,489,0,0.0,1.3353535353535353,2.0,2.7120356689625216,0.997,1.7150356689625217,0.0,0,0.0,0.0,495
0.5,concentrated,B3_use_queue_term_False,4,27,492,492,0,0.0,1.3584521384928716,2.0,2.731460083930543,0.997,1.7344600839305433,0.0,0,0.0,0.0,491
0.5,concentrated,B3_use_queue_term_False,4,28,453,453,0,0.0,1.3747228381374723,2.0,2.6949736255304773,1.001,1.6939736255304774,0.0,0,0.0,0.0,451
0.5,concentrated,B3_use_queue_term_False,4,29,553,553,0,0.0,1.300509337860781,2.0,2.735561992286232,1.002,1.733561992286232,0.0,0,0.0,0.0,589
0.5,concentrated,B3_use_queue_term_False,4,30,493,493,0,0.0,1.3478260869565217,2.0,2.7137912898967125,1.002,1.7117912898967123,0.0,0,0.0,0.0,483
0.5,distributed,baseline,0,1,463,463,0,0.0,5.764705882352941,27.949999999999996,1.9842025094074809,1.0,0.9842025094074808,0.0,0,0.4887323943661972,0.344,68
0.5,distributed,baseline,0,2,498,498,0,0.0,3.909090909090909,17.200000000000003,1.9960563775528202,1.002,0.9940563775528202,0.0,0,0.551948051948052,0.22355289421157684,77
0.5,distributed,baseline,0,3,502,502,0,0.0,6.1866666666666665,30.0,1.9793901499114672,0.998,0.9813901499114673,0.0,0,0.57375,0.531,75
0.5,distributed,baseline,0,4,511,511,0,0.0,4.24,24.299999999999997,2.0076504243010804,1.001,1.0066504243010808,0.0,0,0.5384615384615384,0.24275724275724275,75
0.5,distributed,baseline,0,5,477,477,0,0.0,6.208333333333333,29.450000000000003,1.9965863915761348,0.998,0.9985863915761347,0.0,0,0.5306666666666666,0.385,72
0.5,distributed,baseline,0,6,539,539,0,0.0,4.230769230769231,21.299999999999983,1.9737958175575239,1.002,0.9717958175575238,0.0,0,0.5,0.2684630738522954,78
0.5,distributed,baseline,1,7,458,458,0,0.0,14.298507462686567,77.29999999999995,2.010199892647921,1.0,1.0101998926479212,0.0,0,0.6275362318840579,0.917,67
0.5,distributed,baseline,1,8,495,495,0,0.0,9.628571428571428,46.64999999999999,1.9952277127932283,1.002,0.9932277127932283,0.0,0,0.6306666666666667,0.6906187624750499,70
0.5,distributed,baseline,1,9,502,502,0,0.0,12.805555555555555,46.15000000000002,2.007925580665619,0.999,1.0089255806656188,0.0,0,0.6293333333333333,0.848,72
0.5,distributed,baseline,1,10,514,514,0,0.0,9.868421052631579,37.75,2.0090127086327865,1.001,1.0080127086327868,0.0,0,0.6455696202531646,0.7032967032967034,76
0.5,distributed,baseline,1,11,512,512,0,0.0,11.615384615384615,50.14999999999999,2.0162707014191463,1.001,1.0152707014191464,0.0,0,0.6291139240506329,0.8271728271728271,78
0.5,distributed,baseline,1,12,457,457,0,0.0,6.333333333333333,31.5,2.0240119047957563,1.002,1.0220119047957565,0.0,0,0.6279411764705882,0.37325349301397204,66
0.5,distributed,baseline,2,13,490,490,0,0.0,3.013888888888889,13.350000000000009,2.0020825046013195,1.001,1.0010825046013196,0.0,0,0.56,0.16483516483516483,72
0.5,distributed,baseline,2,14,505,505,0,0.0,4.054794520547945,23.199999999999932,1.979335127264876,1.002,0.977335127264876,0.0,0,0.5935064935064935,0.26746506986027946,73
0.5,distributed,baseline,2,15,477,477,0,0.0,5.242857142857143,29.19999999999999,1.9975659517200959,0.995,1.002565951720096,0.0,0,0.5957746478873239,0.33,70
0.5,distributed,baseline,2,16,494,494,0,0.0,7.533333333333333,38.19999999999999,2.0226432685364486,1.001,1.0216432685364487,0.0,0,0.575,0.4885114885114885,75
0.5,distributed,baseline,2,17,530,530,0,0.0,3.4155844155844157,23.0,1.9969118744866872,1.001,0.9959118744866873,0.0,0,0.5641025641025641,0.18581418581418582,77
0.5,distributed,baseline,2,18,519,519,0,0.0,9.866666666666667,42.89999999999999,1.9784263823177188,1.002,0.9764263823177188,0.0,0,0.5896103896103896,0.6666666666666666,75
0.5,distributed,baseline,3,19,481,481,0,0.0,4.1066666666666665,22.19999999999999,1.987062643989305,1.002,0.9850626439893051,0.0,0,0.5493333333333333,0.23253493013972057,75
0.5,distributed,baseline,3,20,515,515,0,0.0,4.1558441558441555,27.200000000000003,1.997676357460129,1.001,0.9966763574601292,0.0,0,0.5768292682926829,0.2547452547452547,77
0.5,distributed,baseline,3,21,515,515,0,0.0,4.815789473684211,23.5,2.0226645081814913,1.002,1.0206645081814913,0.0,0,0.5576923076923077,0.2884231536926148,76
0.5,distributed,baseline,3,22,496,496,0,0.0,5.302631578947368,21.25,1.992824603543705,0.999,0.9938246035437049,0.0,0,0.5743589743589743,0.342,76
0.5,distributed,baseline,3,23,506,506,0,0.0,5.173333333333333,26.299999999999997,1.994217874936285,1.002,0.992217874936285,0.0,0,0.5441558441558442,0.3283433133732535,75
0.5,distributed,baseline,3,24,494,494,0,0.0,5.837837837837838,30.0,1.9847705828669473,0.999,0.9857705828669473,0.0,0,0.565,0.441,74
0.5,distributed,baseline,4,25,488,488,0,0.0,11.0,50.050000000000026,1.975652474164832,1.001,0.974652474164832,0.0,0,0.6434210526315789,0.8661338661338661,72
0.5,distributed,baseline,4,26,489,489,0,0.0,6.416666666666667,29.80000000000001,1.9895714805839533,0.997,0.9925714805839532,0.0,0,0.6162162162162163,0.4,72
0.5,distributed,baseline,4,27,492,492,0,0.0,6.904109589041096,32.7999999999999,1.9741264393518607,0.997,0.9771264393518608,0.0,0,0.628,0.489,73
0.5,distributed,baseline,4,28,453,453,0,0.0,11.985074626865671,63.09999999999999,2.0104987901168765,1.002,1.0084987901168765,0.0,0,0.6361111111111111,0.7604790419161677,67
0.5,distributed,baseline,4,29,553,553,0,0.0,6.468354430379747,27.299999999999983,1.9725871259834724,1.002,0.9705871259834723,0.0,0,0.6785714285714286,0.5738522954091816,79
0.5,distributed,baseline,4,30,493,493,0,0.0,4.819444444444445,29.450000000000003,1.9817092851377707,1.002,0.9797092851377707,0.0,0,0.6213333333333333,0.2774451097804391,72
0.5,distributed,jsq,0,1,463,463,0,0.0,1.173913043478261,2.0,2.0466056420805434,1.0,1.0466056420805434,0.0,0,0.5875,0.001,69
0.5,distributed,jsq,0,2,498,498,0,0.0,2.675675675675676,13.699999999999989,2.0300377696334433,1.002,1.0280377696334435,0.0,0,0.577922077922078,0.11377245508982035,74
0.5,distributed,jsq,0,3,502,502,0,0.0,1.5810810810810811,2.0,2.034904831743182,0.998,1.0369048317431817,0.0,0,0.54,0.041,74
0.5,distributed,jsq,0,4,511,511,0,0.0,1.7662337662337662,2.0,2.0340635711335926,1.002,1.0320635711335924,0.0,0,0.545,0.05389221556886228,77
0.5,distributed,jsq,0,5,477,477,0,0.0,1.7464788732394365,3.5,2.013094894273995,0.998,1.0150948942739952,0.0,0,0.5680555555555555,0.048,71
0.5,distributed,jsq,0,6,539,539,0,0.0,1.0384615384615385,1.0,2.016955056318594,1.002,1.014955056318594,0.0,0,0.5707317073170731,0.0,78
0.5,distributed,jsq,1,7,458,458,0,0.0,2.3692307692307693,13.999999999999986,2.0044805293430428,1.001,1.0034805293430429,0.0,0,0.6426470588235295,0.08091908091908091,65
0.5,distributed,jsq,1,8,495,495,0,0.0,2.391891891891892,6.049999999999983,2.053096500335287,1.002,1.0510965003352872,0.0,0,0.6064935064935065,0.09081836327345309,74
0.5,distributed,jsq,1,9,502,502,0,0.0,3.4594594594594597,18.399999999999977,2.0546500523693876,1.0,1.0546500523693878,0.0,0,0.6066666666666667,0.166,74
0.5,distributed,jsq,1,10,514,514,0,0.0,3.9220779220779223,24.200000000000003,2.0465344810033335,1.001,1.0455344810033333,0.0,0,0.632051282051282,0.2127872127872128,77
0.5,distributed,jsq,1,11,512,512,0,0.0,4.394736842105263,29.25,2.029021534470446,1.001,1.0280215344704458,0.0,0,0.6435897435897436,0.24975024975024976,76
0.5,distributed,jsq,1,12,457,457,0,0.0,1.7058823529411764,3.299999999999997,2.0394310560962703,1.002,1.0374310560962705,0.0,0,0.6071428571428571,0.0748502994011976,68
0.5,distributed,jsq,2,13,490,490,0,0.0,2.2054794520547945,8.399999999999906,2.0354365891932833,1.002,1.0334365891932833,0.0,0,0.5716216216216217,0.07984031936127745,73
0.5,distributed,jsq,2,14,505,505,0,0.0,1.64,2.0,2.037316183085508,1.001,1.0363161830855083,0.0,0,0.6038461538461538,0.04295704295704296,75
0.5,distributed,jsq,2,15,477,477,0,0.0,1.323943661971831,2.0,2.028175119776997,0.995,1.033175119776997,0.0,0,0.6084507042253521,0.016,71
0.5,distributed,jsq,2,16,494,494,0,0.0,1.855263157894737,6.5,2.0374868226744125,1.001,1.0364868226744128,0.0,0,0.6194805194805195,0.054945054945054944,76
0.5,distributed,jsq,2,17,530,530,0,0.0,2.4025974025974026,4.000000000000014,2.047524062606145,1.002,1.0455240626061448,0.0,0,0.5456790123456791,0.09381237524950099,77
0.5,distributed,jsq,2,18,519,519,0,0.0,2.4155844155844157,10.600000000000037,2.0339136771506974,1.002,1.0319136771506974,0.0,0,0.6189873417721519,0.10079840319361277,77
0.5,distributed,jsq,3,19,481,481,0,0.0,2.4794520547945207,6.799999999999898,2.0259768585379643,1.001,1.0249768585379642,0.0,0,0.6013513513513513,0.1258741258741259,73
0.5,distributed,jsq,3,20,515,515,0,0.0,2.923076923076923,21.449999999999974,2.0365521041149184,1.001,1.0355521041149185,0.0,0,0.5215189873417722,0.13886113886113885,78
0.5,distributed,jsq,3,21,515,515,0,0.0,2.08,2.0,2.0386999103862236,1.002,1.0366999103862236,0.0,0,0.5333333333333333,0.07285429141716566,75
0.5,distributed,jsq,3,22,496,496,0,0.0,1.904109589041096,2.0,2.0221422711799013,0.999,1.0231422711799012,0.0,0,0.6186666666666667,0.06,73
0.5,distributed,jsq,3,23,506,506,0,0.0,1.7671232876712328,2.0,2.0566578960015875,1.002,1.0546578960015875,0.0,0,0.5263157894736842,0.04491017964071856,73
0.5,distributed,jsq,3,24,494,494,0,0.0,2.0547945205479454,2.0,2.04162594822138,0.999,1.04262594822138,0.0,0,0.5723684210526315,0.07,73
0.5,distributed,jsq,4,25,488,488,0,0.0,3.5135135135135136,19.74999999999997,2.042034492431096,1.001,1.0410344924310961,0.0,0,0.6426666666666667,0.18081918081918083,74
0.5,distributed,jsq,4,26,489,489,0,0.0,2.3194444444444446,2.450000000000003,2.014343840811391,0.997,1.0173438408113908,0.0,0,0.5918918918918918,0.106,72
0.5,distributed,jsq,4,27,492,492,0,0.0,2.7733333333333334,14.0,2.0387683905659655,0.997,1.0417683905659656,0.0,0,0.6402597402597403,0.124,75
0.5,distributed,jsq,4,28,453,453,0,0.0,2.235294117647059,3.9499999999999957,2.004711554756554,1.002,1.002711554756554,0.0,0,0.6405797101449275,0.07784431137724551,68
0.5,distributed,jsq,4,29,553,553,0,0.0,4.214285714285714,23.399999999999977,2.040882230824727,1.002,1.0388822308247272,0.0,0,0.6344827586206897,0.2554890219560878,84
0.5,distributed,jsq,4,30,493,493,0,0.0,1.4722222222222223,2.0,2.029939218636342,1.001,1.0289392186363422,0.0,0,0.5666666666666667,0.022977022977022976,72
0.5,distributed,ours,0,1,463,463,0,0.0,1.0950495049504951,1.0,2.237602001013176,1.001,1.2366020010131764,0.0,0,0.26811881188118813,0.04295704295704296,505
0.5,distributed,ours,0,2,498,498,0,0.0,1.0820244328097732,1.0,2.264482510892306,1.002,1.262482510892306,0.0,0,0.2445993031358885,0.04291417165668663,573
0.5,distributed,ours,0,3,502,502,0,0.0,1.0576271186440678,1.0,2.25898138371281,0.998,1.2609813837128099,0.0,0,0.22967959527824622,0.028,590
0.5,distributed,ours,0,4,511,511,0,0.0,1.0341463414634147,1.0,2.2687093594328354,1.001,1.2677093594328355,0.0,0,0.21996753246753248,0.015984015984015984,615
0.5,distributed,ours,0,5,477,477,0,0.0,1.0613718411552346,1.0,2.2484418276424045,0.999,1.2494418276424044,0.0,0,0.22936936936936936,0.025,554
0.5,distributed,ours,0,6,539,539,0,0.0,1.0580431177446104,1.0,2.2336034240315987,1.001,1.2326034240315986,0.0,0,0.25594059405940595,0.03396603396603397,603
0.5,distributed,ours,1,7,458,458,0,0.0,1.1706948640483383,2.0,2.2775428600552883,1.0,1.2775428600552883,0.0,0,0.24811463046757165,0.086,662
0.5,distributed,ours,1,8,495,495,0,0.0,1.1796657381615598,2.0,2.3253756583467142,1.002,1.3233756583467142,0.0,0,0.23477051460361614,0.0968063872255489,718
0.5,distributed,ours,1,9,502,502,0,0.0,1.1752988047808766,2.0,2.323310071087625,0.999,1.3243100710876248,0.0,0,0.23249336870026524,0.099,753
0.5,distributed,ours,1,10,514,514,0,0.0,1.273469387755102,3.0,2.3311106146368044,1.001,1.3301106146368042,0.0,0,0.22957937584803256,0.16383616383616384,735
0.5,distributed,ours,1,11,512,512,0,0.0,1.18508655126498,2.0,2.3117751459294,1.002,1.3097751459293998,0.0,0,0.23138297872340424,0.10578842315369262,751
0.5,distributed,ours,1,12,457,457,0,0.0,1.1454823889739663,2.0,2.3066866908160097,1.002,1.3046866908160097,0.0,0,0.22970903522205208,0.06187624750499002,653
0.5,distributed,ours,2,13,490,490,0,0.0,1.1020408163265305,2.0,2.2930633833707272,1.001,1.2920633833707273,0.0,0,0.23108320251177394,0.04795204795204795,637
0.5,distributed,ours,2,14,505,505,0,0.0,1.0723781388478582,1.0,2.2721484065023247,1.001,1.271148406502325,0.0,0,0.24477172312223858,0.03796203796203796,677
0.5,distributed,ours,2,15,477,477,0,0.0,1.0986132511556241,2.0,2.300001277586075,0.996,1.3040012775860748,0.0,0,0.2141321044546851,0.048,649
0.5,distributed,ours,2,16,494,494,0,0.0,1.0819672131147542,2.0,2.280100763980566,1.0,1.2801007639805662,0.0,0,0.2274480712166172,0.04,671
0.5,distributed,ours,2,17,530,530,0,0.0,1.0883233532934131,2.0,2.282493106578525,1.001,1.2814931065785253,0.0,0,0.2471556886227545,0.04295704295704296,668
0.5,distributed,ours,2,18,519,519,0,0.0,1.1087570621468927,2.0,2.2957378123280403,1.002,1.29373781232804,0.0,0,0.22867231638418078,0.05588822355289421,708
0.5,distributed,ours,3,19,481,481,0,0.0,1.083629893238434,1.0,2.2475164790676585,1.001,1.2465164790676584,0.0,0,0.2836298932384342,0.04295704295704296,562
0.5,distributed,ours,3,20,515,515,0,0.0,1.1399662731871838,2.0,2.2508657953047635,1.001,1.2498657953047634,0.0,0,0.25946398659966496,0.06893106893106893,593
0.5,distributed,ours,3,21,515,515,0,0.0,1.0929853181076672,2.0,2.2684488115961967,1.002,1.2664488115961965,0.0,0,0.2538336052202284,0.04590818363273453,613
0.5,distributed,ours,3,22,496,496,0,0.0,1.0954003407155026,1.0,2.2454487669779195,0.999,1.2464487669779196,0.0,0,0.2713073005093379,0.05,587
0.5,distributed,ours,3,23,506,506,0,0.0,1.0658978583196046,1.0,2.244874907962086,1.002,1.242874907962086,0.0,0,0.25641447368421055,0.036926147704590816,607
0.5,distributed,ours,3,24,494,494,0,0.0,1.1050788091068302,2.0,2.232484803545,0.999,1.2334848035449997,0.0,0,0.29458987783595114,0.051,571
0.5,distributed,ours,4,25,488,488,0,0.0,1.1796759941089838,2.0,2.2651016726943256,1.0,1.2651016726943258,0.0,0,0.2654919236417034,0.101,679
0.5,distributed,ours,4,26,489,489,0,0.0,1.174468085106383,2.0,2.2693665979559126,0.997,1.2723665979559124,0.0,0,0.24340425531914894,0.106,705
0.5,distributed,ours,4,27,492,492,0,0.0,1.227994227994228,2.0,2.2729197637656093,0.997,1.2759197637656094,0.0,0,0.2637410071942446,0.135,693
0.5,distributed,ours,4,28,453,453,0,0.0,1.1160990712074303,2.0,2.232901354996817,1.003,1.2299013549968167,0.0,0,0.2859567901234568,0.06281156530408774,646
0.5,distributed,ours,4,29,553,553,0,0.0,1.169741697416974,2.0,2.270715994789477,1.002,1.268715994789477,0.0,0,0.2541769041769042,0.1187624750499002,813
0.5,distributed,ours,4,30,493,493,0,0.0,1.1488439306358382,2.0,2.2530847902039506,1.001,1.2520847902039505,0.0,0,0.2557636887608069,0.0969030969030969,692
0.5,distributed,B3_use_queue_term_False,0,1,463,463,0,0.0,1.0101626016260163,1.0,2.21335620507943,1.0,1.2133562050794302,0.0,0,0.26781376518218625,0.0,492
0.5,distributed,B3_use_queue_term_False,0,2,498,498,0,0.0,1.0069204152249136,1.0,2.222919691346371,1.001,1.221919691346371,0.0,0,0.24317789291882555,0.0,578
0.5,distributed,B3_use_queue_term_False,0,3,502,502,0,0.0,1.0016447368421053,1.0,2.220286673795694,0.999,1.221286673795694,0.0,0,0.22868852459016392,0.0,608
0.5,distributed,B3_use_queue_term_False,0,4,511,511,0,0.0,1.003257328990228,1.0,2.2165219609933993,1.001,1.2155219609933994,0.0,0,0.23685064935064934,0.0,614
0.5,distributed,B3_use_queue_term_False,0,5,477,477,0,0.0,1.0108695652173914,1.0,2.2111375228301617,0.999,1.2121375228301616,0.0,0,0.2216998191681736,0.0,552
0.5,distributed,B3_use_queue_term_False,0,6,539,539,0,0.0,1.0031948881789137,1.0,2.207067567300265,1.001,1.206067567300265,0.0,0,0.24219745222929936,0.0,626
0.5,distributed,B3_use_queue_term_False,1,7,458,458,0,0.0,1.0287081339712918,1.0,2.2323058236206763,1.0,1.2323058236206763,0.0,0,0.2673566878980892,0.0,627
0.5,distributed,B3_use_queue_term_False,1,8,495,495,0,0.0,1.038179148311307,1.0,2.2685485440593927,1.003,1.2655485440593928,0.0,0,0.2500734214390602,0.0,681
0.5,distributed,B3_use_queue_term_False,1,9,502,502,0,0.0,1.0271041369472182,1.0,2.2634892819324692,0.999,1.2644892819324691,0.0,0,0.24971509971509973,0.0,701
0.5,distributed,B3_use_queue_term_False,1,10,514,514,0,0.0,1.0405797101449274,1.0,2.258290317128195,1.001,1.257290317128195,0.0,0,0.2666184971098266,0.0,690
0.5,distributed,B3_use_queue_term_False,1,11,512,512,0,0.0,1.0378151260504203,1.0,2.2702636363139277,1.001,1.2692636363139278,0.0,0,0.2497902097902098,0.0,714
0.5,distributed,B3_use_queue_term_False,1,12,457,457,0,0.0,1.0392156862745099,1.0,2.2623805370450336,1.002,1.2603805370450334,0.0,0,0.2380718954248366,0.0,612
0.5,distributed,B3_use_queue_term_False,2,13,490,490,0,0.0,1.0141955835962144,1.0,2.2372397157829544,1.001,1.2362397157829543,0.0,0,0.22839116719242902,0.0,634
0.5,distributed,B3_use_queue_term_False,2,14,505,505,0,0.0,1.0134128166915053,1.0,2.232629432359561,1.002,1.2306294323595608,0.0,0,0.2475482912332838,0.0,671
0.5,distributed,B3_use_queue_term_False,2,15,477,477,0,0.0,1.0214395099540583,1.0,2.2465128495726434,0.996,1.2505128495726432,0.0,0,0.22018348623853212,0.0,653
0.5,distributed,B3_use_queue_term_False,2,16,494,494,0,0.0,1.0150829562594268,1.0,2.227212801849775,1.0,1.2272128018497752,0.0,0,0.2328828828828829,0.0,663
0.5,distributed,B3_use_queue_term_False,2,17,530,530,0,0.0,1.0105740181268883,1.0,2.213603445971643,1.001,1.2126034459716433,0.0,0,0.25196374622356493,0.0,662
0.5,distributed,B3_use_queue_term_False,2,18,519,519,0,0.0,1.0247252747252746,1.0,2.2357947065068235,1.002,1.2337947065068235,0.0,0,0.2256868131868132,0.0,728
0.5,distributed,B3_use_queue_term_False,3,19,481,481,0,0.0,1.0017921146953406,1.0,2.1918828298276116,1.001,1.190882829827612,0.0,0,0.28225806451612906,0.0,558
0.5,distributed,B3_use_queue_term_False,3,20,515,515,0,0.0,1.0097879282218598,1.0,2.1819533991650513,1.001,1.1809533991650514,0.0,0,0.2565640194489465,0.0,613
0.5,distributed,B3_use_queue_term_False,3,21,515,515,0,0.0,1.009771986970684,1.0,2.2084511952306665,1.001,1.2074511952306664,0.0,0,0.24625407166123778,0.0,614
0.5,distributed,B3_use_queue_term_False,3,22,496,496,0,0.0,1.0048780487804878,1.0,2.1980092444771797,0.999,1.1990092444771798,0.0,0,0.2625607779578606,0.0,615
0.5,distributed,B3_use_queue_term_False,3,23,506,506,0,0.0,1.0016556291390728,1.0,2.2040367908085146,1.001,1.2030367908085147,0.0,0,0.26567656765676567,0.0,604
0.5,distributed,B3_use_queue_term_False,3,24,494,494,0,0.0,1.0034423407917383,1.0,2.172741693116879,0.999,1.173741693116879,0.0,0,0.2984536082474227,0.0,581
0.5,distributed,B3_use_queue_term_False,4,25,488,488,0,0.0,1.0,1.0,2.1954036862721438,1.0,1.1954036862721438,0.0,0,0.28984375,0.0,637
0.5,distributed,B3_use_queue_term_False,4,26,489,489,0,0.0,1.0,1.0,2.194609462322279,0.997,1.1976094623222788,0.0,0,0.2591230551626591,0.0,707
0.5,distributed,B3_use_queue_term_False,4,27,492,492,0,0.0,1.0,1.0,2.1975780999839993,0.997,1.2005780999839992,0.0,0,0.269241773962804,0.0,697
0.5,distributed,B3_use_queue_term_False,4,28,453,453,0,0.0,1.0,1.0,2.188292321884457,1.002,1.186292321884457,0.0,0,0.2829652996845426,0.0,632
0.5,distributed,B3_use_queue_term_False,4,29,553,553,0,0.0,1.0,1.0,2.2091192107453494,1.002,1.2071192107453492,0.0,0,0.2618110236220472,0.0,762
0.5,distributed,B3_use_queue_term_False,4,30,493,493,0,0.0,1.0,1.0,2.18790957770603,1.002,1.1859095777060298,0.0,0,0.2583210603829161,0.0,678
0.7,concentrated,baseline,0,1,677,677,0,0.0,1.1237113402061856,2.0,2.0462553305305775,1.0,1.0462553305305773,0.0,0,0.0,0.0,97
0.7,concentrated,baseline,0,2,698,698,0,0.0,1.2574257425742574,2.0,2.0450387733752278,0.999,1.0460387733752277,0.0,0,0.0,0.0,101
0.7,concentrated,baseline,0,3,704,704,0,0.0,1.1683168316831682,2.0,2.036127959620126,1.0,1.0361279596201258,0.0,0,0.0,0.0,101
0.7,concentrated,baseline,0,4,732,732,0,0.0,1.1851851851851851,2.0,2.0406652346070704,1.002,1.0386652346070706,0.0,0,0.0,0.0,108
0.7,concentrated,baseline,0,5,670,670,0,0.0,1.1734693877551021,2.0,2.036136794337888,1.001,1.035136794337888,0.0,0,0.0,0.0,98
0.7,concentrated,baseline,0,6,749,749,0,0.0,1.1441441441441442,2.0,2.0723997050309135,1.002,1.0703997050309133,0.0,0,0.0,0.0,111
0.7,concentrated,baseline,1,7,660,660,0,0.0,1.1397849462365592,2.0,2.035250328011289,1.003,1.032250328011289,0.0,0,0.0,0.0,93
0.7,concentrated,baseline,1,8,668,668,0,0.0,1.148936170212766,2.0,2.0460171942273293,1.001,1.0450171942273296,0.0,0,0.0,0.0,94
0.7,concentrated,baseline,1,9,696,696,0,0.0,1.1649484536082475,2.0,2.031954968369942,1.0,1.0319549683699418,0.0,0,0.0,0.0,97
0.7,concentrated,baseline,1,10,727,727,0,0.0,1.1553398058252426,2.0,2.0294714028140075,1.002,1.0274714028140075,0.0,0,0.0,0.0,103
0.7,concentrated,baseline,1,11,714,714,0,0.0,1.1764705882352942,2.0,2.036546596166783,1.002,1.0345465961667828,0.0,0,0.0,0.0,102
0.7,concentrated,baseline,1,12,654,654,0,0.0,1.120879120879121,2.0,2.025976484631982,1.001,1.0249764846319822,0.0,0,0.0,0.0,91
0.7,concentrated,baseline,2,13,706,706,0,0.0,1.145631067961165,2.0,2.063222145811091,1.002,1.0612221458110906,0.0,0,0.0,0.0,103
0.7,concentrated,baseline,2,14,724,724,0,0.0,1.1844660194174756,2.0,2.046333800502013,1.001,1.0453338005020127,0.0,0,0.0,0.0,103
0.7,concentrated,baseline,2,15,685,685,0,0.0,1.2474226804123711,2.0,2.0599996024539835,0.993,1.0669996024539834,0.0,0,0.0,0.0,97
0.7,concentrated,baseline,2,16,679,679,0,0.0,1.1702127659574468,2.0,2.0275048303344927,1.001,1.0265048303344928,0.0,0,0.0,0.0,94
0.7,concentrated,baseline,2,17,744,744,0,0.0,1.1057692307692308,2.0,2.041816500883009,1.002,1.0398165008830091,0.0,0,0.0,0.0,104
0.7,concentrated,baseline,2,18,706,706,0,0.0,1.18,2.0,2.04377569088874,1.002,1.04177569088874,0.0,0,0.0,0.0,100
0.7,concentrated,baseline,3,19,653,653,0,0.0,1.120879120879121,2.0,2.0465810645755464,1.002,1.0445810645755464,0.0,0,0.0,0.0,91
0.7,concentrated,baseline,3,20,721,721,0,0.0,1.2380952380952381,2.0,2.0666297442687114,0.998,1.0686297442687112,0.0,0,0.0,0.0,105
0.7,concentrated,baseline,3,21,717,717,0,0.0,1.2352941176470589,2.0,2.0433882818372426,1.001,1.0423882818372427,0.0,0,0.0,0.0,102
0.7,concentrated,baseline,3,22,688,688,0,0.0,1.1030927835051547,2.0,2.0245533927168817,0.999,1.0255533927168816,0.0,0,0.0,0.0,97
0.7,concentrated,baseline,3,23,704,704,0,0.0,1.1326530612244898,2.0,2.0552287710264556,1.002,1.0532287710264554,0.0,0,0.0,0.0,98
0.7,concentrated,baseline,3,24,674,674,0,0.0,1.183673469387755,2.0,2.0349187406740343,1.0,1.034918740674034,0.0,0,0.0,0.0,98
0.7,concentrated,baseline,4,25,688,688,0,0.0,1.1818181818181819,2.0,2.054877622617525,1.001,1.0538776226175253,0.0,0,0.0,0.0,99
0.7,concentrated,baseline,4,26,688,688,0,0.0,1.21,2.0,2.0543124003903794,0.999,1.0553124003903795,0.0,0,0.0,0.0,100
0.7,concentrated,baseline,4,27,671,671,0,0.0,1.1237113402061856,2.0,2.063107334851839,1.003,1.0601073348518393,0.0,0,0.0,0.0,97
0.7,concentrated,baseline,4,28,645,645,0,0.0,1.1612903225806452,2.0,2.0451942866451724,1.002,1.0431942866451724,0.0,0,0.0,0.0,93
0.7,concentrated,baseline,4,29,745,745,0,0.0,1.2019230769230769,2.0,2.0493492875330617,1.001,1.0483492875330616,0.0,0,0.0,0.0,104
0.7,concentrated,baseline,4,30,693,693,0,0.0,1.2135922330097086,2.0,2.056853783921923,0.996,1.060853783921923,0.0,0,0.0,0.0,103
0.7,concentrated,jsq,0,1,677,677,0,0.0,1.1237113402061856,2.0,2.0462553305305775,1.0,1.0462553305305773,0.0,0,0.0,0.0,97
0.7,concentrated,jsq,0,2,698,698,0,0.0,1.2574257425742574,2.0,2.0450387733752278,0.999,1.0460387733752277,0.0,0,0.0,0.0,101
0.7,concentrated,jsq,0,3,704,704,0,0.0,1.1683168316831682,2.0,2.036127959620126,1.0,1.0361279596201258,0.0,0,0.0,0.0,101
0.7,concentrated,jsq,0,4,732,732,0,0.0,1.1851851851851851,2.0,2.0406652346070704,1.002,1.0386652346070706,0.0,0,0.0,0.0,108
0.7,concentrated,jsq,0,5,670,670,0,0.0,1.1734693877551021,2.0,2.036136794337888,1.001,1.035136794337888,0.0,0,0.0,0.0,98
0.7,concentrated,jsq,0,6,749,749,0,0.0,1.1441441441441442,2.0,2.0723997050309135,1.002,1.0703997050309133,0.0,0,0.0,0.0,111
0.7,concentrated,jsq,1,7,660,660,0,0.0,1.1397849462365592,2.0,2.035250328011289,1.003,1.032250328011289,0.0,0,0.0,0.0,93
0.7,concentrated,jsq,1,8,668,668,0,0.0,1.148936170212766,2.0,2.0460171942273293,1.001,1.0450171942273296,0.0,0,0.0,0.0,94
0.7,concentrated,jsq,1,9,696,696,0,0.0,1.1649484536082475,2.0,2.031954968369942,1.0,1.0319549683699418,0.0,0,0.0,0.0,97
0.7,concentrated,jsq,1,10,727,727,0,0.0,1.1553398058252426,2.0,2.0294714028140075,1.002,1.0274714028140075,0.0,0,0.0,0.0,103
0.7,concentrated,jsq,1,11,714,714,0,0.0,1.1764705882352942,2.0,2.036546596166783,1.002,1.0345465961667828,0.0,0,0.0,0.0,102
0.7,concentrated,jsq,1,12,654,654,0,0.0,1.120879120879121,2.0,2.025976484631982,1.001,1.0249764846319822,0.0,0,0.0,0.0,91
0.7,concentrated,jsq,2,13,706,706,0,0.0,1.145631067961165,2.0,2.063222145811091,1.002,1.0612221458110906,0.0,0,0.0,0.0,103
0.7,concentrated,jsq,2,14,724,724,0,0.0,1.1844660194174756,2.0,2.046333800502013,1.001,1.0453338005020127,0.0,0,0.0,0.0,103
0.7,concentrated,jsq,2,15,685,685,0,0.0,1.2474226804123711,2.0,2.0599996024539835,0.993,1.0669996024539834,0.0,0,0.0,0.0,97
0.7,concentrated,jsq,2,16,679,679,0,0.0,1.1702127659574468,2.0,2.0275048303344927,1.001,1.0265048303344928,0.0,0,0.0,0.0,94
0.7,concentrated,jsq,2,17,744,744,0,0.0,1.1057692307692308,2.0,2.041816500883009,1.002,1.0398165008830091,0.0,0,0.0,0.0,104
0.7,concentrated,jsq,2,18,706,706,0,0.0,1.18,2.0,2.04377569088874,1.002,1.04177569088874,0.0,0,0.0,0.0,100
0.7,concentrated,jsq,3,19,653,653,0,0.0,1.120879120879121,2.0,2.0465810645755464,1.002,1.0445810645755464,0.0,0,0.0,0.0,91
0.7,concentrated,jsq,3,20,721,721,0,0.0,1.2380952380952381,2.0,2.0666297442687114,0.998,1.0686297442687112,0.0,0,0.0,0.0,105
0.7,concentrated,jsq,3,21,717,717,0,0.0,1.2352941176470589,2.0,2.0433882818372426,1.001,1.0423882818372427,0.0,0,0.0,0.0,102
0.7,concentrated,jsq,3,22,688,688,0,0.0,1.1030927835051547,2.0,2.0245533927168817,0.999,1.0255533927168816,0.0,0,0.0,0.0,97
0.7,concentrated,jsq,3,23,704,704,0,0.0,1.1326530612244898,2.0,2.0552287710264556,1.002,1.0532287710264554,0.0,0,0.0,0.0,98
0.7,concentrated,jsq,3,24,674,674,0,0.0,1.183673469387755,2.0,2.0349187406740343,1.0,1.034918740674034,0.0,0,0.0,0.0,98
0.7,concentrated,jsq,4,25,688,688,0,0.0,1.1818181818181819,2.0,2.054877622617525,1.001,1.0538776226175253,0.0,0,0.0,0.0,99
0.7,concentrated,jsq,4,26,688,688,0,0.0,1.21,2.0,2.0543124003903794,0.999,1.0553124003903795,0.0,0,0.0,0.0,100
0.7,concentrated,jsq,4,27,671,671,0,0.0,1.1237113402061856,2.0,2.063107334851839,1.003,1.0601073348518393,0.0,0,0.0,0.0,97
0.7,concentrated,jsq,4,28,645,645,0,0.0,1.1612903225806452,2.0,2.0451942866451724,1.002,1.0431942866451724,0.0,0,0.0,0.0,93
0.7,concentrated,jsq,4,29,745,745,0,0.0,1.2019230769230769,2.0,2.0493492875330617,1.001,1.0483492875330616,0.0,0,0.0,0.0,104
0.7,concentrated,jsq,4,30,693,693,0,0.0,1.2135922330097086,2.0,2.056853783921923,0.996,1.060853783921923,0.0,0,0.0,0.0,103
0.7,concentrated,ours,0,1,677,677,0,0.0,1.3495145631067962,2.0,2.76215865066749,1.0,1.76215865066749,0.0,0,0.0,0.0,618
0.7,concentrated,ours,0,2,698,698,0,0.0,1.3771251931993818,2.0,2.7583270743866377,1.0,1.758327074386638,0.0,0,0.0,0.0,647
0.7,concentrated,ours,0,3,704,704,0,0.0,1.401854714064915,2.0,2.747153077313459,0.999,1.7481530773134593,0.0,0,0.0,0.0,647
0.7,concentrated,ours,0,4,732,732,0,0.0,1.3950995405819295,2.0,2.7522784129398037,1.001,1.7512784129398038,0.0,0,0.0,0.000999000999000999,653
0.7,concentrated,ours,0,5,670,670,0,0.0,1.3973727422003284,2.0,2.7447896549010693,1.0,1.7447896549010693,0.0,0,0.0,0.0,609
0.7,concentrated,ours,0,6,749,749,0,0.0,1.364963503649635,2.0,2.7657872228744997,1.002,1.7637872228744997,0.0,0,0.0,0.0,685
0.7,concentrated,ours,1,7,660,660,0,0.0,1.3028720626631853,2.0,2.740247852478084,1.003,1.7372478524780837,0.0,0,0.0,0.0,766
0.7,concentrated,ours,1,8,668,668,0,0.0,1.3067400275103163,2.0,2.704994502976247,1.001,1.703994502976247,0.0,0,0.0,0.0,727
0.7,concentrated,ours,1,9,696,696,0,0.0,1.3216520650813517,2.0,2.7466739911099363,1.001,1.7456739911099364,0.0,0,0.0,0.0,799
0.7,concentrated,ours,1,10,727,727,0,0.0,1.3470873786407767,2.0,2.746438733143005,1.001,1.745438733143005,0.0,0,0.0,0.000999000999000999,824
0.7,concentrated,ours,1,11,714,714,0,0.0,1.3162393162393162,2.0,2.7660163382676273,1.002,1.7640163382676273,0.0,0,0.0,0.0,819
0.7,concentrated,ours,1,12,654,654,0,0.0,1.3095238095238095,2.0,2.738026816095852,1.001,1.737026816095852,0.0,0,0.0,0.0,756
0.7,concentrated,ours,2,13,706,706,0,0.0,1.3646723646723646,2.0,2.7477320245282684,1.002,1.7457320245282686,0.0,0,0.0,0.0,702
0.7,concentrated,ours,2,14,724,724,0,0.0,1.3502747252747254,2.0,2.7497554783445937,1.002,1.7477554783445939,0.0,0,0.0,0.0,728
0.7,concentrated,ours,2,15,685,685,0,0.0,1.361671469740634,2.0,2.7455015731664787,0.993,1.7525015731664788,0.0,0,0.0,0.0,694
0.7,concentrated,ours,2,16,679,679,0,0.0,1.3588235294117648,2.0,2.7508241304402636,1.0,1.7508241304402636,0.0,0,0.0,0.0,680
0.7,concentrated,ours,2,17,744,744,0,0.0,1.3723252496433667,2.0,2.7441101284049676,1.002,1.7421101284049674,0.0,0,0.0,0.0,701
0.7,concentrated,ours,2,18,706,706,0,0.0,1.3526244952893673,2.0,2.7752340444077817,1.001,1.7742340444077818,0.0,0,0.0,0.0,743
0.7,concentrated,ours,3,19,653,653,0,0.0,1.4198606271777003,2.0,2.760929830604819,1.002,1.7589298306048191,0.0,0,0.0,0.0,574
0.7,concentrated,ours,3,20,721,721,0,0.0,1.445880452342488,2.0,2.76085438055941,0.998,1.7628543805594097,0.0,0,0.0,0.0,619
0.7,concentrated,ours,3,21,717,717,0,0.0,1.3738317757009346,2.0,2.763541018964764,1.002,1.7615410189647638,0.0,0,0.0,0.0,642
0.7,concentrated,ours,3,22,688,688,0,0.0,1.3640776699029127,2.0,2.757658162672441,0.999,1.758658162672441,0.0,0,0.0,0.0,618
0.7,concentrated,ours,3,23,704,704,0,0.0,1.3338582677165354,2.0,2.7560157060839305,1.001,1.7550157060839309,0.0,0,0.0,0.0,635
0.7,concentrated,ours,3,24,674,674,0,0.0,1.3908794788273615,2.0,2.766623152092011,1.001,1.765623152092011,0.0,0,0.0,0.0,614
0.7,concentrated,ours,4,25,688,688,0,0.0,1.3540802213001384,2.0,2.7609603812072283,1.002,1.7589603812072283,0.0,0,0.0,0.0,723
0.7,concentrated,ours,4,26,688,688,0,0.0,1.36376604850214,2.0,2.7370273030153904,0.999,1.7380273030153905,0.0,0,0.0,0.0,701
0.7,concentrated,ours,4,27,671,671,0,0.0,1.3437945791726105,2.0,2.759493121821917,1.002,1.7574931218219172,0.0,0,0.0,0.0,701
0.7,concentrated,ours,4,28,645,645,0,0.0,1.362297496318115,2.0,2.74760916332335,1.002,1.74560916332335,0.0,0,0.0,0.0,679
0.7,concentrated,ours,4,29,745,745,0,0.0,1.3180661577608141,2.0,2.7749411236804993,1.001,1.7739411236804994,0.0,0,0.0,0.0,786
0.7,concentrated,ours,4,30,693,693,0,0.0,1.3682678311499272,2.0,2.7575818712609625,0.996,1.7615818712609626,0.0,0,0.0,0.0,687
0.7,concentrated,B3_use_queue_term_False,0,1,677,677,0,0.0,1.3495145631067962,2.0,2.76215865066749,1.0,1.76215865066749,0.0,0,0.0,0.0,618
0.7,concentrated,B3_use_queue_term_False,0,2,698,698,0,0.0,1.3771251931993818,2.0,2.7583270743866377,1.0,1.758327074386638,0.0,0,0.0,0.0,647
0.7,concentrated,B3_use_queue_term_False,0,3,704,704,0,0.0,1.401854714064915,2.0,2.747153077313459,0.999,1.7481530773134593,0.0,0,0.0,0.0,647
0.7,concentrated,B3_use_queue_term_False,0,4,732,732,0,0.0,1.3935681470137826,2.0,2.7522784129398037,1.001,1.7512784129398038,0.0,0,0.0,0.0,653
0.7,concentrated,B3_use_queue_term_False,0,5,670,670,0,0.0,1.3973727422003284,2.0,2.7447896549010693,1.0,1.7447896549010693,0.0,0,0.0,0.0,609
0.7,concentrated,B3_use_queue_term_False,0,6,749,749,0,0.0,1.364963503649635,2.0,2.7657872228744997,1.002,1.7637872228744997,0.0,0,0.0,0.0,685
0.7,concentrated,B3_use_queue_term_False,1,7,660,660,0,0.0,1.3028720626631853,2.0,2.740247852478084,1.003,1.7372478524780837,0.0,0,0.0,0.0,766
0.7,concentrated,B3_use_queue_term_False,1,8,668,668,0,0.0,1.3067400275103163,2.0,2.704994502976247,1.001,1.703994502976247,0.0,0,0.0,0.0,727
0.7,concentrated,B3_use_queue_term_False,1,9,696,696,0,0.0,1.3216520650813517,2.0,2.7466739911099363,1.001,1.7456739911099364,0.0,0,0.0,0.0,799
0.7,concentrated,B3_use_queue_term_False,1,10,727,727,0,0.0,1.345873786407767,2.0,2.746438733143005,1.001,1.745438733143005,0.0,0,0.0,0.0,824
0.7,concentrated,B3_use_queue_term_False,1,11,714,714,0,0.0,1.3162393162393162,2.0,2.7660163382676273,1.002,1.7640163382676273,0.0,0,0.0,0.0,819
0.7,concentrated,B3_use_queue_term_False,1,12,654,654,0,0.0,1.3095238095238095,2.0,2.738026816095852,1.001,1.737026816095852,0.0,0,0.0,0.0,756
0.7,concentrated,B3_use_queue_term_False,2,13,706,706,0,0.0,1.3646723646723646,2.0,2.7477320245282684,1.002,1.7457320245282686,0.0,0,0.0,0.0,702
0.7,concentrated,B3_use_queue_term_False,2,14,724,724,0,0.0,1.3502747252747254,2.0,2.7497554783445937,1.002,1.7477554783445939,0.0,0,0.0,0.0,728
0.7,concentrated,B3_use_queue_term_False,2,15,685,685,0,0.0,1.361671469740634,2.0,2.7455015731664787,0.993,1.7525015731664788,0.0,0,0.0,0.0,694
0.7,concentrated,B3_use_queue_term_False,2,16,679,679,0,0.0,1.3588235294117648,2.0,2.7508241304402636,1.0,1.7508241304402636,0.0,0,0.0,0.0,680
0.7,concentrated,B3_use_queue_term_False,2,17,744,744,0,0.0,1.3723252496433667,2.0,2.7441101284049676,1.002,1.7421101284049674,0.0,0,0.0,0.0,701
0.7,concentrated,B3_use_queue_term_False,2,18,706,706,0,0.0,1.3526244952893673,2.0,2.7752340444077817,1.001,1.7742340444077818,0.0,0,0.0,0.0,743
0.7,concentrated,B3_use_queue_term_False,3,19,653,653,0,0.0,1.4198606271777003,2.0,2.760929830604819,1.002,1.7589298306048191,0.0,0,0.0,0.0,574
0.7,concentrated,B3_use_queue_term_False,3,20,721,721,0,0.0,1.445880452342488,2.0,2.76085438055941,0.998,1.7628543805594097,0.0,0,0.0,0.0,619
0.7,concentrated,B3_use_queue_term_False,3,21,717,717,0,0.0,1.3738317757009346,2.0,2.763541018964764,1.002,1.7615410189647638,0.0,0,0.0,0.0,642
0.7,concentrated,B3_use_queue_term_False,3,22,688,688,0,0.0,1.3640776699029127,2.0,2.757658162672441,0.999,1.758658162672441,0.0,0,0.0,0.0,618
0.7,concentrated,B3_use_queue_term_False,3,23,704,704,0,0.0,1.3338582677165354,2.0,2.7560157060839305,1.001,1.7550157060839309,0.0,0,0.0,0.0,635
0.7,concentrated,B3_use_queue_term_False,3,24,674,674,0,0.0,1.3908794788273615,2.0,2.766623152092011,1.001,1.765623152092011,0.0,0,0.0,0.0,614
0.7,concentrated,B3_use_queue_term_False,4,25,688,688,0,0.0,1.3540802213001384,2.0,2.7609603812072283,1.002,1.7589603812072283,0.0,0,0.0,0.0,723
0.7,concentrated,B3_use_queue_term_False,4,26,688,688,0,0.0,1.36376604850214,2.0,2.7370273030153904,0.999,1.7380273030153905,0.0,0,0.0,0.0,701
0.7,concentrated,B3_use_queue_term_False,4,27,671,671,0,0.0,1.3437945791726105,2.0,2.759493121821917,1.002,1.7574931218219172,0.0,0,0.0,0.0,701
0.7,concentrated,B3_use_queue_term_False,4,28,645,645,0,0.0,1.362297496318115,2.0,2.74760916332335,1.002,1.74560916332335,0.0,0,0.0,0.0,679
0.7,concentrated,B3_use_queue_term_False,4,29,745,745,0,0.0,1.3180661577608141,2.0,2.7749411236804993,1.001,1.7739411236804994,0.0,0,0.0,0.0,786
0.7,concentrated,B3_use_queue_term_False,4,30,693,693,0,0.0,1.3682678311499272,2.0,2.7575818712609625,0.996,1.7615818712609626,0.0,0,0.0,0.0,687
0.7,distributed,baseline,0,1,677,677,0,0.0,9.554455445544555,40.0,2.01267567114009,1.0,1.0126756711400902,0.0,0,0.5298076923076923,0.878,101
0.7,distributed,baseline,0,2,698,698,0,0.0,10.09433962264151,45.75,2.01756772030119,1.0,1.01756772030119,0.0,0,0.5828828828828829,0.989,106
0.7,distributed,baseline,0,3,704,704,0,0.0,9.563106796116505,35.699999999999974,1.9880787599080774,1.0,0.9880787599080774,0.0,0,0.5813084112149532,0.942,103
0.7,distributed,baseline,0,4,732,732,0,0.0,12.351851851851851,45.64999999999999,1.9875629946627493,1.002,0.9855629946627493,0.0,0,0.531858407079646,1.2774451097804391,108
0.7,distributed,baseline,0,5,670,670,0,0.0,13.268041237113403,52.799999999999955,1.9834621255885818,1.001,0.9824621255885819,0.0,0,0.5245098039215687,1.2227772227772227,97
0.7,distributed,baseline,0,6,749,749,0,0.0,9.0,44.0,2.0141864162602756,1.002,1.0121864162602756,0.0,0,0.5765217391304348,0.9201596806387226,111
0.7,distributed,baseline,1,7,660,660,0,0.0,9.73404255319149,36.349999999999994,2.004625509852801,1.002,1.0026255098528012,0.0,0,0.5801980198019802,0.8483033932135728,94
0.7,distributed,baseline,1,8,668,668,0,0.0,12.8,50.3,1.9941928718507875,1.001,0.9931928718507876,0.0,0,0.5715686274509804,1.2947052947052946,95
0.7,distributed,baseline,1,9,696,696,0,0.0,13.74,59.69999999999996,1.989805531514898,1.0,0.9898055315148978,0.0,0,0.6566037735849056,1.306,100
0.7,distributed,baseline,1,10,727,727,0,0.0,32.881188118811885,164.0,1.9699446759284092,1.002,0.9679446759284093,0.0,0,0.6621621621621622,3.9161676646706587,101
0.7,distributed,baseline,1,11,714,714,0,0.0,21.182692307692307,88.0,1.9762425807465571,1.001,0.9752425807465571,0.0,0,0.5827272727272728,2.3106893106893107,104
0.7,distributed,baseline,1,12,654,654,0,0.0,11.263157894736842,44.599999999999994,2.01115176823323,1.001,1.0101517682332297,0.0,0,0.6111111111111112,0.975024975024975,95
0.7,distributed,baseline,2,13,706,706,0,0.0,10.27450980392157,42.0,1.97132162162269,1.001,0.9703216216226902,0.0,0,0.6072072072072072,1.1818181818181819,102
0.7,distributed,baseline,2,14,724,724,0,0.0,8.872727272727273,37.099999999999994,2.0173324847807947,1.001,1.016332484780795,0.0,0,0.5796460176991151,0.8701298701298701,110
0.7,distributed,baseline,2,15,685,685,0,0.0,10.495049504950495,43.0,2.00195246839467,0.994,1.00795246839467,0.0,0,0.6096153846153847,0.977,101
0.7,distributed,baseline,2,16,679,679,0,0.0,7.5353535353535355,31.49999999999997,1.9986881764206708,1.001,0.9976881764206709,0.0,0,0.579611650485437,0.6463536463536463,99
0.7,distributed,baseline,2,17,744,744,0,0.0,8.53211009174312,37.0,2.0005110407400366,1.002,0.9985110407400365,0.0,0,0.5473684210526316,0.9810379241516967,109
0.7,distributed,baseline,2,18,706,706,0,0.0,13.466019417475728,75.39999999999986,1.9969897861839612,1.002,0.9949897861839613,0.0,0,0.5697247706422018,1.4750499001996007,103
0.7,distributed,baseline,3,19,653,653,0,0.0,7.875,32.25,1.9900813737816263,1.002,0.9880813737816263,0.0,0,0.5653465346534653,0.7015968063872255,96
0.7,distributed,baseline,3,20,721,721,0,0.0,11.429906542056075,53.19999999999993,1.9931925938399073,0.998,0.9951925938399073,0.0,0,0.5585585585585585,1.216,107
0.7,distributed,baseline,3,21,717,717,0,0.0,7.477064220183486,33.0,1.9967127301286776,1.001,0.9957127301286776,0.0,0,0.5693693693693693,0.7472527472527473,109
0.7,distributed,baseline,3,22,688,688,0,0.0,13.813725490196079,68.49999999999989,1.979875431486505,0.999,0.9808754314865051,0.0,0,0.56,1.41,102
0.7,distributed,baseline,3,23,704,704,0,0.0,9.194174757281553,35.89999999999999,1.9952470637688615,1.002,0.9932470637688615,0.0,0,0.5118181818181818,1.0189620758483033,103
0.7,distributed,baseline,3,24,674,674,0,0.0,7.138613861386139,30.0,2.004710334215914,1.0,1.0047103342159136,0.0,0,0.5924528301886792,0.669,101
0.7,distributed,baseline,4,25,688,688,0,0.0,20.795698924731184,132.19999999999982,1.9467088646923858,1.002,0.9447088646923858,0.0,0,0.6114285714285714,2.815369261477046,93
0.7,distributed,baseline,4,26,688,688,0,0.0,26.96153846153846,107.69999999999999,1.9823987421496279,0.999,0.983398742149628,0.0,0,0.6463636363636364,3.16,104
0.7,distributed,baseline,4,27,671,671,0,0.0,18.632653061224488,100.04999999999977,1.9573320342859986,1.003,0.9543320342859986,0.0,0,0.6710280373831776,2.6490528414755734,98
0.7,distributed,baseline,4,28,645,645,0,0.0,11.421052631578947,46.19999999999999,1.971572262871255,1.002,0.9695722628712551,0.0,0,0.6271844660194175,1.1417165668662674,95
0.7,distributed,baseline,4,29,745,745,0,0.0,42.05882352941177,215.5499999999999,1.9343526078130449,1.001,0.9333526078130449,0.0,0,0.6482758620689655,5.7042957042957045,102
0.7,distributed,baseline,4,30,693,693,0,0.0,12.925233644859814,62.0,2.003599068976723,0.995,1.0085990689767228,0.0,0,0.5936936936936937,1.364,107
0.7,distributed,jsq,0,1,677,677,0,0.0,1.5,2.0,2.053632955974355,1.0,1.053632955974355,0.0,0,0.529126213592233,0.041,100
0.7,distributed,jsq,0,2,698,698,0,0.0,2.625,17.399999999999977,2.029019656038832,0.999,1.0300196560388322,0.0,0,0.5787037037037037,0.181,104
0.7,distributed,jsq,0,3,704,704,0,0.0,2.0654205607476634,2.0,2.0430070814084034,1.0,1.0430070814084034,0.0,0,0.5422018348623853,0.102,107
0.7,distributed,jsq,0,4,732,732,0,0.0,2.6160714285714284,11.449999999999989,2.04385490316227,1.002,1.04185490316227,0.0,0,0.5310344827586206,0.18363273453093812,112
0.7,distributed,jsq,0,5,670,670,0,0.0,2.11,2.0,2.0325939217240068,1.0,1.032593921724007,0.0,0,0.5349514563106796,0.096,100
0.7,distributed,jsq,0,6,749,749,0,0.0,2.672727272727273,15.799999999999955,2.0559349548748567,1.003,1.0529349548748568,0.0,0,0.5415929203539823,0.16650049850448653,110
0.7,distributed,jsq,1,7,660,660,0,0.0,3.2989690721649483,18.39999999999992,2.034969644508383,1.002,1.032969644508383,0.0,0,0.6106796116504855,0.20758483033932135,97
0.7,distributed,jsq,1,8,668,668,0,0.0,1.7765957446808511,4.699999999999989,2.025698960104253,1.001,1.0246989601042535,0.0,0,0.613,0.1008991008991009,94
0.7,distributed,jsq,1,9,696,696,0,0.0,2.895238095238095,15.399999999999991,2.041786108311931,1.001,1.040786108311931,0.0,0,0.6454545454545455,0.19080919080919082,105
0.7,distributed,jsq,1,10,727,727,0,0.0,3.537037037037037,17.64999999999999,2.051665418991248,1.002,1.0496654189912482,0.0,0,0.6185840707964602,0.25748502994011974,108
0.7,distributed,jsq,1,11,714,714,0,0.0,2.073394495412844,9.599999999999994,2.0578123073163037,1.003,1.0548123073163038,0.0,0,0.6008771929824561,0.1016949152542373,109
0.7,distributed,jsq,1,12,654,654,0,0.0,3.0927835051546393,17.399999999999977,2.025579242052239,1.001,1.0245792420522395,0.0,0,0.5666666666666667,0.21678321678321677,97
0.7,distributed,jsq,2,13,706,706,0,0.0,1.3703703703703705,2.0,2.0594132105742498,1.002,1.0574132105742498,0.0,0,0.5849557522123894,0.043912175648702596,108
0.7,distributed,jsq,2,14,724,724,0,0.0,3.0,15.099999999999994,2.0422253335053977,1.001,1.0412253335053976,0.0,0,0.5640350877192982,0.2057942057942058,110
0.7,distributed,jsq,2,15,685,685,0,0.0,2.01,2.0,2.0295042119765117,0.994,1.0355042119765117,0.0,0,0.559047619047619,0.086,100
0.7,distributed,jsq,2,16,679,679,0,0.0,2.450980392156863,2.0,2.0229290434561293,1.001,1.0219290434561294,0.0,0,0.575,0.13986013986013987,102
0.7,distributed,jsq,2,17,744,744,0,0.0,3.036697247706422,19.799999999999983,2.0406837524157537,1.002,1.0386837524157537,0.0,0,0.5801801801801801,0.20758483033932135,109
0.7,distributed,jsq,2,18,706,706,0,0.0,1.9333333333333333,3.5999999999999943,2.0474048915869343,1.002,1.0454048915869343,0.0,0,0.5809090909090909,0.11177644710578842,105
0.7,distributed,jsq,3,19,653,653,0,0.0,2.54,13.149999999999991,2.0395591549595737,1.002,1.0375591549595737,0.0,0,0.5912621359223301,0.1437125748502994,100
0.7,distributed,jsq,3,20,721,721,0,0.0,2.463636363636364,13.549999999999997,2.0500950664857345,0.998,1.0520950664857345,0.0,0,0.5805309734513274,0.147,110
0.7,distributed,jsq,3,21,717,717,0,0.0,2.2314814814814814,11.849999999999923,2.0408635191180395,1.001,1.0398635191180396,0.0,0,0.5545454545454546,0.12387612387612387,108
0.7,distributed,jsq,3,22,688,688,0,0.0,2.607843137254902,12.949999999999989,2.0365310961112026,0.998,1.0385310961112024,0.0,0,0.5933962264150944,0.149,102
0.7,distributed,jsq,3,23,704,704,0,0.0,3.766990291262136,24.0,2.0381233127596388,1.001,1.0371233127596389,0.0,0,0.5809090909090909,0.26973026973026976,103
0.7,distributed,jsq,3,24,674,674,0,0.0,1.8235294117647058,2.0,2.0228930281960107,1.0,1.0228930281960105,0.0,0,0.5436893203883495,0.074,102
0.7,distributed,jsq,4,25,688,688,0,0.0,2.4343434343434343,10.099999999999994,2.030129201399435,1.002,1.028129201399435,0.0,0,0.659047619047619,0.1596806387225549,99
0.7,distributed,jsq,4,26,688,688,0,0.0,5.766355140186916,33.099999999999966,2.0397149115135633,0.999,1.0407149115135634,0.0,0,0.6302752293577981,0.501,107
0.7,distributed,jsq,4,27,671,671,0,0.0,4.859813084112149,30.099999999999966,2.054308033419976,1.003,1.0513080334199763,0.0,0,0.6388888888888888,0.4047856430707876,107
0.7,distributed,jsq,4,28,645,645,0,0.0,3.1649484536082473,21.799999999999955,2.0281367109571535,1.002,1.0261367109571538,0.0,0,0.6076923076923076,0.3143712574850299,97
0.7,distributed,jsq,4,29,745,745,0,0.0,3.5135135135135136,21.0,2.0403529835994725,1.001,1.0393529835994728,0.0,0,0.5973684210526315,0.2937062937062937,111
0.7,distributed,jsq,4,30,693,693,0,0.0,2.3271028037383177,11.399999999999977,2.04853384524032,0.995,1.05353384524032,0.0,0,0.6082568807339449,0.13,107
0.7,distributed,ours,0,1,677,677,0,0.0,1.081578947368421,1.0,2.276390600832171,1.0,1.276390600832171,0.0,0,0.2218421052631579,0.05,760
0.7,distributed,ours,0,2,698,698,0,0.0,1.062807881773399,1.0,2.299237732313035,0.999,1.300237732313035,0.0,0,0.2179581795817958,0.04,812
0.7,distributed,ours,0,3,704,704,0,0.0,1.0680100755667505,1.0,2.2853197224569963,0.999,1.2863197224569964,0.0,0,0.23538268506900878,0.038,794
0.7,distributed,ours,0,4,732,732,0,0.0,1.0711700844390832,1.0,2.291505149006637,1.001,1.2905051490066373,0.0,0,0.21313253012048192,0.052947052947052944,829
0.7,distributed,ours,0,5,670,670,0,0.0,1.0677966101694916,1.0,2.294325437340021,1.0,1.294325437340021,0.0,0,0.21092327698309493,0.04,767
0.7,distributed,ours,0,6,749,749,0,0.0,1.0886644219977553,2.0,2.2925655672068235,1.002,1.2905655672068232,0.0,0,0.2122334455667789,0.07085828343313373,891
0.7,distributed,ours,1,7,660,660,0,0.0,1.2740141557128413,3.0,2.3450093872602773,1.002,1.3430093872602775,0.0,0,0.20736629667003026,0.22255489021956087,989
0.7,distributed,ours,1,8,668,668,0,0.0,1.1705020920502092,2.0,2.340750270299164,1.001,1.339750270299164,0.0,0,0.22854166666666667,0.11988011988011989,956
0.7,distributed,ours,1,9,696,696,0,0.0,1.253227408142999,3.0,2.3273790610689646,1.002,1.3253790610689644,0.0,0,0.23296921549155908,0.1996007984031936,1007
0.7,distributed,ours,1,10,727,727,0,0.0,1.2839851024208566,3.0,2.3634474855423337,1.002,1.3614474855423337,0.0,0,0.21728624535315985,0.23652694610778444,1074
0.7,distributed,ours,1,11,714,714,0,0.0,1.2358036573628488,2.0,2.3389610104396157,1.002,1.3369610104396157,0.0,0,0.22173076923076923,0.18463073852295409,1039
0.7,distributed,ours,1,12,654,654,0,0.0,1.2875816993464053,3.0,2.3343091414561266,1.001,1.3333091414561267,0.0,0,0.23112078346028292,0.2047952047952048,918
0.7,distributed,ours,2,13,706,706,0,0.0,1.200859291084855,2.0,2.3086734275672702,1.002,1.30667342756727,0.0,0,0.2174892703862661,0.1506986027944112,931
0.7,distributed,ours,2,14,724,724,0,0.0,1.1544885177453028,2.0,2.302173446880509,1.002,1.3001734468805088,0.0,0,0.2350730688935282,0.12674650698602793,958
0.7,distributed,ours,2,15,685,685,0,0.0,1.1462621885157096,2.0,2.327512066305197,0.993,1.3345120663051968,0.0,0,0.21406926406926408,0.1,923
0.7,distributed,ours,2,16,679,679,0,0.0,1.1326754385964912,2.0,2.3227957989415575,1.001,1.3217957989415579,0.0,0,0.22045951859956237,0.0959040959040959,912
0.7,distributed,ours,2,17,744,744,0,0.0,1.1495633187772927,2.0,2.2836088569022994,1.002,1.2816088569022994,0.0,0,0.23391494002181026,0.1157684630738523,916
0.7,distributed,ours,2,18,706,706,0,0.0,1.2280887011615629,2.0,2.3517590597936193,1.002,1.3497590597936195,0.0,0,0.21858500527983105,0.17465069860279442,947
0.7,distributed,ours,3,19,653,653,0,0.0,1.1657754010695187,2.0,2.2707090408573376,1.002,1.2687090408573376,0.0,0,0.2602136181575434,0.11477045908183632,748
0.7,distributed,ours,3,20,721,721,0,0.0,1.1506172839506172,2.0,2.2915328077247032,0.998,1.2935328077247032,0.0,0,0.2344019728729963,0.094,810
0.7,distributed,ours,3,21,717,717,0,0.0,1.145278450363196,2.0,2.2821161993926884,1.001,1.2811161993926885,0.0,0,0.23373639661426843,0.1028971028971029,826
0.7,distributed,ours,3,22,688,688,0,0.0,1.1538461538461537,2.0,2.281957838572702,0.999,1.2829578385727023,0.0,0,0.25534591194968553,0.112,793
0.7,distributed,ours,3,23,704,704,0,0.0,1.0805288461538463,2.0,2.2780105739601835,1.001,1.2770105739601836,0.0,0,0.23461538461538461,0.059940059940059943,832
0.7,distributed,ours,3,24,674,674,0,0.0,1.1448189762796503,2.0,2.283731906431595,1.002,1.281731906431595,0.0,0,0.27322540473225404,0.1027944111776447,801
0.7,distributed,ours,4,25,688,688,0,0.0,1.326984126984127,3.0,2.3150845956759083,1.001,1.3140845956759084,0.0,0,0.25856236786469344,0.26573426573426573,945
0.7,distributed,ours,4,26,688,688,0,0.0,1.291060291060291,3.0,2.2984233029769663,0.999,1.2994233029769662,0.0,0,0.2547248182762201,0.25,962
0.7,distributed,ours,4,27,671,671,0,0.0,1.235897435897436,2.0,2.299851081728403,1.002,1.2978510817284028,0.0,0,0.23961105424769702,0.19860279441117765,975
0.7,distributed,ours,4,28,645,645,0,0.0,1.278372591006424,3.0,2.2830338805598296,1.001,1.2820338805598297,0.0,0,0.26392742796157953,0.23676323676323677,934
0.7,distributed,ours,4,29,745,745,0,0.0,1.3275068997240111,3.0,2.316247559061874,1.002,1.3142475590618738,0.0,0,0.23854645814167433,0.3283433133732535,1087
0.7,distributed,ours,4,30,693,693,0,0.0,1.2107892107892109,2.0,2.29855343442319,0.996,1.30255343442319,0.0,0,0.23569292123629113,0.187,1001
0.7,distributed,B3_use_queue_term_False,0,1,677,677,0,0.0,1.0095108695652173,1.0,2.233848049473991,1.0,1.233848049473991,0.0,0,0.2251358695652174,0.0,736
0.7,distributed,B3_use_queue_term_False,0,2,698,698,0,0.0,1.008495145631068,1.0,2.2367268568400145,1.0,1.2367268568400145,0.0,0,0.22075242718446603,0.0,824
0.7,distributed,B3_use_queue_term_False,0,3,704,704,0,0.0,1.0036585365853659,1.0,2.2218456869110175,1.0,1.2218456869110175,0.0,0,0.23462940461725396,0.0,820
0.7,distributed,B3_use_queue_term_False,0,4,732,732,0,0.0,1.0046511627906978,1.0,2.230095236435324,1.001,1.2290952364353245,0.0,0,0.2186991869918699,0.0,860
0.7,distributed,B3_use_queue_term_False,0,5,670,670,0,0.0,1.0103626943005182,1.0,2.2379012011118,1.0,1.2379012011118002,0.0,0,0.21369509043927648,0.0,772
0.7,distributed,B3_use_queue_term_False,0,6,749,749,0,0.0,1.0033632286995515,1.0,2.239709176568918,1.002,1.2377091765689179,0.0,0,0.2149103139013453,0.0,892
0.7,distributed,B3_use_queue_term_False,1,7,660,660,0,0.0,1.0337078651685394,1.0,2.2622862151474306,1.003,1.2592862151474307,0.0,0,0.2420875420875421,0.0,890
0.7,distributed,B3_use_queue_term_False,1,8,668,668,0,0.0,1.0364464692482915,1.0,2.28624696738309,1.001,1.28524696738309,0.0,0,0.24586636466591166,0.0,878
0.7,distributed,B3_use_queue_term_False,1,9,696,696,0,0.0,1.0320247933884297,1.0,2.2703453674391354,1.001,1.2693453674391355,0.0,0,0.23378099173553718,0.0,968
0.7,distributed,B3_use_queue_term_False,1,10,727,727,0,0.0,1.041123370110331,1.0,2.290834317902792,1.002,1.288834317902792,0.0,0,0.23263263263263262,0.0,997
0.7,distributed,B3_use_queue_term_False,1,11,714,714,0,0.0,1.0393939393939393,1.0,2.267844984154108,1.003,1.2648449841541083,0.0,0,0.2348133198789102,0.0,990
0.7,distributed,B3_use_queue_term_False,1,12,654,654,0,0.0,1.0446927374301676,1.0,2.2719754358382707,1.001,1.2709754358382706,0.0,0,0.2343366778149387,0.0,895
0.7,distributed,B3_use_queue_term_False,2,13,706,706,0,0.0,1.0215982721382288,1.0,2.2421890095361867,1.002,1.2401890095361867,0.0,0,0.21825053995680346,0.0,926
0.7,distributed,B3_use_queue_term_False,2,14,724,724,0,0.0,1.016243654822335,1.0,2.234922780356545,1.001,1.233922780356545,0.0,0,0.24148073022312372,0.0,985
0.7,distributed,B3_use_queue_term_False,2,15,685,685,0,0.0,1.0224971878515186,1.0,2.2527350546034732,0.993,1.2597350546034733,0.0,0,0.21764044943820224,0.0,889
0.7,distributed,B3_use_queue_term_False,2,16,679,679,0,0.0,1.0199556541019956,1.0,2.234362106114836,1.001,1.2333621061148363,0.0,0,0.23259668508287293,0.0,902
0.7,distributed,B3_use_queue_term_False,2,17,744,744,0,0.0,1.0175438596491229,1.0,2.2406774411137462,1.003,1.2376774411137463,0.0,0,0.2147574819401445,0.0,969
0.7,distributed,B3_use_queue_term_False,2,18,706,706,0,0.0,1.0248704663212436,1.0,2.262381678952843,1.001,1.2613816789528431,0.0,0,0.2141675284384695,0.0,965
0.7,distributed,B3_use_queue_term_False,3,19,653,653,0,0.0,1.0038709677419355,1.0,2.1921988221675623,1.002,1.1901988221675623,0.0,0,0.2601029601029601,0.0,775
0.7,distributed,B3_use_queue_term_False,3,20,721,721,0,0.0,1.0117785630153122,1.0,2.2058396919028596,0.998,1.2078396919028593,0.0,0,0.23873239436619717,0.0,849
0.7,distributed,B3_use_queue_term_False,3,21,717,717,0,0.0,1.0079545454545455,1.0,2.210398246596686,1.002,1.2083982465966856,0.0,0,0.2318955732122588,0.0,880
0.7,distributed,B3_use_queue_term_False,3,22,688,688,0,0.0,1.0049079754601227,1.0,2.209228037769637,1.0,1.2092280377696372,0.0,0,0.2407361963190184,0.0,815
0.7,distributed,B3_use_queue_term_False,3,23,704,704,0,0.0,1.00355871886121,1.0,2.209079211317987,1.002,1.207079211317987,0.0,0,0.24691943127962085,0.0,843
0.7,distributed,B3_use_queue_term_False,3,24,674,674,0,0.0,1.0024906600249066,1.0,2.2119069817668984,1.002,1.2099069817668984,0.0,0,0.268944099378882,0.0,803
0.7,distributed,B3_use_queue_term_False,4,25,688,688,0,0.0,1.0,1.0,2.219014706872845,1.002,1.2170147068728452,0.0,0,0.2502132196162047,0.0,936
0.7,distributed,B3_use_queue_term_False,4,26,688,688,0,0.0,1.0,1.0,2.200640738083739,0.999,1.201640738083739,0.0,0,0.2634819532908705,0.0,941
0.7,distributed,B3_use_queue_term_False,4,27,671,671,0,0.0,1.0,1.0,2.21951865943046,1.002,1.21751865943046,0.0,0,0.24618599791013585,0.0,956
0.7,distributed,B3_use_queue_term_False,4,28,645,645,0,0.0,1.0,1.0,2.187026474240998,1.001,1.1860264742409978,0.0,0,0.2606486486486487,0.0,923
0.7,distributed,B3_use_queue_term_False,4,29,745,745,0,0.0,1.0,1.0,2.2134934002253654,1.002,1.2114934002253652,0.0,0,0.24914285714285714,0.0,1050
0.7,distributed,B3_use_queue_term_False,4,30,693,693,0,0.0,1.0,1.0,2.2078469936640293,0.995,1.2128469936640291,0.0,0,0.25119916579770596,0.0,958
0.9,concentrated,baseline,0,1,866,866,0,0.0,1.1900826446280992,2.0,2.0578056151009045,1.002,1.0558056151009045,0.0,0,0.0,0.0,121
0.9,concentrated,baseline,0,2,921,921,0,0.0,1.1666666666666667,2.0,2.0535659800298136,1.002,1.0515659800298134,0.0,0,0.0,0.0,132
0.9,concentrated,baseline,0,3,914,914,0,0.0,1.2296296296296296,2.0,2.056744685808896,1.001,1.0557446858088961,0.0,0,0.0,0.0,135
0.9,concentrated,baseline,0,4,913,913,0,0.0,1.1851851851851851,2.0,2.051600397127706,0.999,1.0526003971277058,0.0,0,0.0,0.002,135
0.9,concentrated,baseline,0,5,867,867,0,0.0,1.2,2.0,2.0476321466522407,1.001,1.0466321466522408,0.0,0,0.0,0.0,125
0.9,concentrated,baseline,0,6,949,949,0,0.0,1.1323529411764706,2.0,2.0543547770138684,1.002,1.0523547770138681,0.0,0,0.0,0.0,136
0.9,concentrated,baseline,1,7,831,831,0,0.0,1.1967213114754098,2.0,2.050269972939035,1.001,1.049269972939035,0.0,0,0.0,0.0,122
0.9,concentrated,baseline,1,8,885,885,0,0.0,1.1639344262295082,2.0,2.0519000266869805,1.001,1.0509000266869803,0.0,0,0.0,0.000999000999000999,122
0.9,concentrated,baseline,1,9,885,885,0,0.0,1.3083333333333333,2.0,2.0280101443526704,1.0,1.0280101443526704,0.0,0,0.0,0.017,120
0.9,concentrated,baseline,1,10,940,940,0,0.0,1.1571428571428573,2.0,2.0545903102236087,1.002,1.0525903102236085,0.0,0,0.0,0.0,140
0.9,concentrated,baseline,1,11,915,915,0,0.0,1.3636363636363635,2.0,2.047649794659703,1.003,1.0446497946597035,0.0,0,0.0,0.03090727816550349,132
0.9,concentrated,baseline,1,12,852,852,0,0.0,1.2396694214876034,2.0,2.048841063118665,1.001,1.047841063118665,0.0,0,0.0,0.006993006993006993,121
0.9,concentrated,baseline,2,13,906,906,0,0.0,1.1923076923076923,2.0,2.066700259899454,1.001,1.065700259899454,0.0,0,0.0,0.0,130
0.9,concentrated,baseline,2,14,919,919,0,0.0,1.161764705882353,2.0,2.0737752596617964,1.001,1.0727752596617963,0.0,0,0.0,0.0,136
0.9,concentrated,baseline,2,15,903,903,0,0.0,1.2125984251968505,2.0,2.0682106425778573,1.002,1.0662106425778575,0.0,0,0.0,0.0,127
0.9,concentrated,baseline,2,16,864,864,0,0.0,1.170731707317073,2.0,2.0608739815075814,1.002,1.0588739815075814,0.0,0,0.0,0.0,123
0.9,concentrated,baseline,2,17,945,945,0,0.0,1.1870503597122302,2.0,2.0467501028565573,0.999,1.0477501028565575,0.0,0,0.0,0.002,139
0.9,concentrated,baseline,2,18,899,899,0,0.0,1.164179104477612,2.0,2.063045466695653,0.999,1.064045466695653,0.0,0,0.0,0.0,134
0.9,concentrated,baseline,3,19,870,870,0,0.0,1.2125984251968505,2.0,2.052245898794392,1.001,1.051245898794392,0.0,0,0.0,0.0,127
0.9,concentrated,baseline,3,20,921,921,0,0.0,1.2481203007518797,2.0,2.076358604625956,1.001,1.075358604625956,0.0,0,0.0,0.002997002997002997,133
0.9,concentrated,baseline,3,21,900,900,0,0.0,1.1384615384615384,2.0,2.0496432402326272,1.0,1.0496432402326272,0.0,0,0.0,0.0,130
0.9,concentrated,baseline,3,22,892,892,0,0.0,1.1705426356589148,2.0,2.0512607239596,1.002,1.0492607239596001,0.0,0,0.0,0.0,129
0.9,concentrated,baseline,3,23,879,879,0,0.0,1.176,2.0,2.06927238174596,1.002,1.0672723817459597,0.0,0,0.0,0.003992015968063872,125
0.9,concentrated,baseline,3,24,883,883,0,0.0,1.1349206349206349,2.0,2.061813172553082,1.002,1.059813172553082,0.0,0,0.0,0.0,126
0.9,concentrated,baseline,4,25,880,880,0,0.0,1.2032520325203253,2.0,2.0614183064187666,1.001,1.0604183064187669,0.0,0,0.0,0.0,123
0.9,concentrated,baseline,4,26,879,879,0,0.0,1.2015503875968991,2.0,2.0556771156789377,1.003,1.052677115678938,0.0,0,0.0,0.0,129
0.9,concentrated,baseline,4,27,897,897,0,0.0,1.171875,2.0,2.059379790548183,1.001,1.0583797905481833,0.0,0,0.0,0.0,128
0.9,concentrated,baseline,4,28,820,820,0,0.0,1.218487394957983,2.0,2.0449616705435867,1.001,1.0439616705435868,0.0,0,0.0,0.002997002997002997,119
0.9,concentrated,baseline,4,29,959,959,0,0.0,1.1418439716312057,2.0,2.0670913362302397,1.003,1.06409133623024,0.0,0,0.0,0.0009970089730807576,141
0.9,concentrated,baseline,4,30,874,874,0,0.0,1.234375,2.0,2.0580589299895635,1.002,1.0560589299895637,0.0,0,0.0,0.001996007984031936,128
0.9,concentrated,jsq,0,1,866,866,0,0.0,1.1900826446280992,2.0,2.0578056151009045,1.002,1.0558056151009045,0.0,0,0.0,0.0,121
0.9,concentrated,jsq,0,2,921,921,0,0.0,1.1666666666666667,2.0,2.0535659800298136,1.002,1.0515659800298134,0.0,0,0.0,0.0,132
0.9,concentrated,jsq,0,3,914,914,0,0.0,1.2296296296296296,2.0,2.056744685808896,1.001,1.0557446858088961,0.0,0,0.0,0.0,135
0.9,concentrated,jsq,0,4,913,913,0,0.0,1.1851851851851851,2.0,2.051600397127706,0.999,1.0526003971277058,0.0,0,0.0,0.002,135
0.9,concentrated,jsq,0,5,867,867,0,0.0,1.2,2.0,2.0476321466522407,1.001,1.0466321466522408,0.0,0,0.0,0.0,125
0.9,concentrated,jsq,0,6,949,949,0,0.0,1.1323529411764706,2.0,2.0543547770138684,1.002,1.0523547770138681,0.0,0,0.0,0.0,136
0.9,concentrated,jsq,1,7,831,831,0,0.0,1.1967213114754098,2.0,2.050269972939035,1.001,1.049269972939035,0.0,0,0.0,0.0,122
0.9,concentrated,jsq,1,8,885,885,0,0.0,1.1639344262295082,2.0,2.0519000266869805,1.001,1.0509000266869803,0.0,0,0.0,0.000999000999000999,122
0.9,concentrated,jsq,1,9,885,885,0,0.0,1.3083333333333333,2.0,2.0280101443526704,1.0,1.0280101443526704,0.0,0,0.0,0.017,120
0.9,concentrated,jsq,1,10,940,940,0,0.0,1.1571428571428573,2.0,2.0545903102236087,1.002,1.0525903102236085,0.0,0,0.0,0.0,140
0.9,concentrated,jsq,1,11,915,915,0,0.0,1.3636363636363635,2.0,2.047649794659703,1.003,1.0446497946597035,0.0,0,0.0,0.03090727816550349,132
0.9,concentrated,jsq,1,12,852,852,0,0.0,1.2396694214876034,2.0,2.048841063118665,1.001,1.047841063118665,0.0,0,0.0,0.006993006993006993,121
0.9,concentrated,jsq,2,13,906,906,0,0.0,1.1923076923076923,2.0,2.066700259899454,1.001,1.065700259899454,0.0,0,0.0,0.0,130
0.9,concentrated,jsq,2,14,919,919,0,0.0,1.161764705882353,2.0,2.0737752596617964,1.001,1.0727752596617963,0.0,0,0.0,0.0,136
0.9,concentrated,jsq,2,15,903,903,0,0.0,1.2125984251968505,2.0,2.0682106425778573,1.002,1.0662106425778575,0.0,0,0.0,0.0,127
0.9,concentrated,jsq,2,16,864,864,0,0.0,1.170731707317073,2.0,2.0608739815075814,1.002,1.0588739815075814,0.0,0,0.0,0.0,123
0.9,concentrated,jsq,2,17,945,945,0,0.0,1.1870503597122302,2.0,2.0467501028565573,0.999,1.0477501028565575,0.0,0,0.0,0.002,139
0.9,concentrated,jsq,2,18,899,899,0,0.0,1.164179104477612,2.0,2.063045466695653,0.999,1.064045466695653,0.0,0,0.0,0.0,134
0.9,concentrated,jsq,3,19,870,870,0,0.0,1.2125984251968505,2.0,2.052245898794392,1.001,1.051245898794392,0.0,0,0.0,0.0,127
0.9,concentrated,jsq,3,20,921,921,0,0.0,1.2481203007518797,2.0,2.076358604625956,1.001,1.075358604625956,0.0,0,0.0,0.002997002997002997,133
0.9,concentrated,jsq,3,21,900,900,0,0.0,1.1384615384615384,2.0,2.0496432402326272,1.0,1.0496432402326272,0.0,0,0.0,0.0,130
0.9,concentrated,jsq,3,22,892,892,0,0.0,1.1705426356589148,2.0,2.0512607239596,1.002,1.0492607239596001,0.0,0,0.0,0.0,129
0.9,concentrated,jsq,3,23,879,879,0,0.0,1.176,2.0,2.06927238174596,1.002,1.0672723817459597,0.0,0,0.0,0.003992015968063872,125
0.9,concentrated,jsq,3,24,883,883,0,0.0,1.1349206349206349,2.0,2.061813172553082,1.002,1.059813172553082,0.0,0,0.0,0.0,126
0.9,concentrated,jsq,4,25,880,880,0,0.0,1.2032520325203253,2.0,2.0614183064187666,1.001,1.0604183064187669,0.0,0,0.0,0.0,123
0.9,concentrated,jsq,4,26,879,879,0,0.0,1.2015503875968991,2.0,2.0556771156789377,1.003,1.052677115678938,0.0,0,0.0,0.0,129
0.9,concentrated,jsq,4,27,897,897,0,0.0,1.171875,2.0,2.059379790548183,1.001,1.0583797905481833,0.0,0,0.0,0.0,128
0.9,concentrated,jsq,4,28,820,820,0,0.0,1.218487394957983,2.0,2.0449616705435867,1.001,1.0439616705435868,0.0,0,0.0,0.002997002997002997,119
0.9,concentrated,jsq,4,29,959,959,0,0.0,1.1418439716312057,2.0,2.0670913362302397,1.003,1.06409133623024,0.0,0,0.0,0.0009970089730807576,141
0.9,concentrated,jsq,4,30,874,874,0,0.0,1.234375,2.0,2.0580589299895635,1.002,1.0560589299895637,0.0,0,0.0,0.001996007984031936,128
0.9,concentrated,ours,0,1,866,866,0,0.0,1.369289340101523,2.0,2.783673217971476,1.002,1.7816732179714758,0.0,0,0.0,0.000998003992015968,788
0.9,concentrated,ours,0,2,921,921,0,0.0,1.4004825090470445,2.0,2.775963337470743,1.002,1.773963337470743,0.0,0,0.0,0.0029940119760479044,829
0.9,concentrated,ours,0,3,914,914,0,0.0,1.4267834793491865,2.0,2.7665196717184815,1.002,1.7645196717184817,0.0,0,0.0,0.001996007984031936,799
0.9,concentrated,ours,0,4,913,913,0,0.0,1.3742550655542312,2.0,2.7716878832460172,0.999,1.7726878832460171,0.0,0,0.0,0.001,839
0.9,concentrated,ours,0,5,867,867,0,0.0,1.4149214659685865,2.0,2.7553834513062734,1.0,1.7553834513062732,0.0,0,0.0,0.003,764
0.9,concentrated,ours,0,6,949,949,0,0.0,1.3835457705677867,2.0,2.7758643471029334,1.002,1.7738643471029336,0.0,0,0.0,0.0029940119760479044,863
0.9,concentrated,ours,1,7,831,831,0,0.0,1.3225130890052357,2.0,2.741626031794024,1.002,1.739626031794024,0.0,0,0.0,0.008982035928143712,955
0.9,concentrated,ours,1,8,885,885,0,0.0,1.31610337972167,2.0,2.7413660786982863,1.0,1.7413660786982865,0.0,0,0.0,0.008,1006
0.9,concentrated,ours,1,9,885,885,0,0.0,1.3336745138178097,2.0,2.756091685887585,0.999,1.7570916858875851,0.0,0,0.0,0.001,977
0.9,concentrated,ours,1,10,940,940,0,0.0,1.3506012950971322,2.0,2.7600091233551174,1.002,1.7580091233551176,0.0,0,0.0,0.013972055888223553,1081
0.9,concentrated,ours,1,11,915,915,0,0.0,1.3356435643564357,2.0,2.77564181698824,1.001,1.77464181698824,0.0,0,0.0,0.0,1010
0.9,concentrated,ours,1,12,852,852,0,0.0,1.3280922431865827,2.0,2.745111502246661,1.001,1.7441115022466611,0.0,0,0.0,0.000999000999000999,954
0.9,concentrated,ours,2,13,906,906,0,0.0,1.370913190529876,2.0,2.755165667000629,1.001,1.7541656670006287,0.0,0,0.0,0.003996003996003996,887
0.9,concentrated,ours,2,14,919,919,0,0.0,1.3455882352941178,2.0,2.771234269265806,1.001,1.7702342692658057,0.0,0,0.0,0.004995004995004995,952
0.9,concentrated,ours,2,15,903,903,0,0.0,1.3597285067873304,2.0,2.757416140383052,1.002,1.7554161403830517,0.0,0,0.0,0.003992015968063872,884
0.9,concentrated,ours,2,16,864,864,0,0.0,1.3641618497109826,2.0,2.7814397909571396,1.002,1.7794397909571393,0.0,0,0.0,0.003992015968063872,865
0.9,concentrated,ours,2,17,945,945,0,0.0,1.3602941176470589,2.0,2.757363482164459,0.999,1.7583634821644587,0.0,0,0.0,0.011,952
0.9,concentrated,ours,2,18,899,899,0,0.0,1.360725720384205,2.0,2.7904492535577186,0.999,1.7914492535577184,0.0,0,0.0,0.001,937
0.9,concentrated,ours,3,19,870,870,0,0.0,1.397946084724005,2.0,2.7674887339983147,1.0,1.7674887339983145,0.0,0,0.0,0.0,779
0.9,concentrated,ours,3,20,921,921,0,0.0,1.462033462033462,2.0,2.755231566275413,1.0,1.755231566275413,0.0,0,0.0,0.007,777
0.9,concentrated,ours,3,21,900,900,0,0.0,1.3921319796954315,2.0,2.7805155968553645,1.0,1.7805155968553645,0.0,0,0.0,0.0,788
0.9,concentrated,ours,3,22,892,892,0,0.0,1.3820078226857888,2.0,2.7726071253279407,1.002,1.770607125327941,0.0,0,0.0,0.0,767
0.9,concentrated,ours,3,23,879,879,0,0.0,1.342273307790549,2.0,2.7602458423562406,1.001,1.7592458423562407,0.0,0,0.0,0.001998001998001998,783
0.9,concentrated,ours,3,24,883,883,0,0.0,1.3875476493011436,2.0,2.7715409215994447,1.002,1.7695409215994449,0.0,0,0.0,0.0,787
0.9,concentrated,ours,4,25,880,880,0,0.0,1.3564463705308776,2.0,2.7626486912868,1.002,1.7606486912867998,0.0,0,0.0,0.00499001996007984,923
0.9,concentrated,ours,4,26,879,879,0,0.0,1.3461939520333681,2.0,2.7658306886349067,1.002,1.7638306886349067,0.0,0,0.0,0.006986027944111776,959
0.9,concentrated,ours,4,27,897,897,0,0.0,1.3575949367088607,2.0,2.7419382035411517,1.001,1.7409382035411518,0.0,0,0.0,0.027972027972027972,948
0.9,concentrated,ours,4,28,820,820,0,0.0,1.3705463182897861,2.0,2.7576095760916415,1.001,1.7566095760916416,0.0,0,0.0,0.006993006993006993,842
0.9,concentrated,ours,4,29,959,959,0,0.0,1.3333333333333333,2.0,2.778314753736752,1.001,1.7773147537367522,0.0,0,0.0,0.007992007992007992,1014
0.9,concentrated,ours,4,30,874,874,0,0.0,1.351412429378531,2.0,2.7566389045141255,1.001,1.7556389045141256,0.0,0,0.0,0.001998001998001998,885
0.9,concentrated,B3_use_queue_term_False,0,1,866,866,0,0.0,1.368020304568528,2.0,2.783673217971476,1.002,1.7816732179714758,0.0,0,0.0,0.0,788
0.9,concentrated,B3_use_queue_term_False,0,2,921,921,0,0.0,1.3983050847457628,2.0,2.775325523147001,1.002,1.773325523147001,0.0,0,0.0,0.0,826
0.9,concentrated,B3_use_queue_term_False,0,3,914,914,0,0.0,1.4242803504380475,2.0,2.7665196717184815,1.002,1.7645196717184817,0.0,0,0.0,0.0,799
0.9,concentrated,B3_use_queue_term_False,0,4,913,913,0,0.0,1.3730631704410012,2.0,2.7716878832460172,0.999,1.7726878832460171,0.0,0,0.0,0.0,839
0.9,concentrated,B3_use_queue_term_False,0,5,867,867,0,0.0,1.4109947643979057,2.0,2.7553834513062734,1.0,1.7553834513062732,0.0,0,0.0,0.0,764
0.9,concentrated,B3_use_queue_term_False,0,6,949,949,0,0.0,1.3800695249130939,2.0,2.7758643471029334,1.002,1.7738643471029336,0.0,0,0.0,0.0,863
0.9,concentrated,B3_use_queue_term_False,1,7,831,831,0,0.0,1.3140147523709167,2.0,2.7390685159298043,1.002,1.7370685159298045,0.0,0,0.0,0.0,949
0.9,concentrated,B3_use_queue_term_False,1,8,885,885,0,0.0,1.307845084409136,2.0,2.7499221672373464,1.0,1.7499221672373466,0.0,0,0.0,0.0,1007
0.9,concentrated,B3_use_queue_term_False,1,9,885,885,0,0.0,1.3326509723643807,2.0,2.756091685887585,0.999,1.7570916858875851,0.0,0,0.0,0.0,977
0.9,concentrated,B3_use_queue_term_False,1,10,940,940,0,0.0,1.336111111111111,2.0,2.757164881225563,1.002,1.755164881225563,0.0,0,0.0,0.0,1080
0.9,concentrated,B3_use_queue_term_False,1,11,915,915,0,0.0,1.3356435643564357,2.0,2.77564181698824,1.001,1.77464181698824,0.0,0,0.0,0.0,1010
0.9,concentrated,B3_use_queue_term_False,1,12,852,852,0,0.0,1.3270440251572326,2.0,2.745111502246661,1.001,1.7441115022466611,0.0,0,0.0,0.0,954
0.9,concentrated,B3_use_queue_term_False,2,13,906,906,0,0.0,1.3664036076662909,2.0,2.755165667000629,1.001,1.7541656670006287,0.0,0,0.0,0.0,887
0.9,concentrated,B3_use_queue_term_False,2,14,919,919,0,0.0,1.3421330517423442,2.0,2.7673854995237077,1.001,1.7663854995237076,0.0,0,0.0,0.0,947
0.9,concentrated,B3_use_queue_term_False,2,15,903,903,0,0.0,1.3552036199095023,2.0,2.757416140383052,1.002,1.7554161403830517,0.0,0,0.0,0.0,884
0.9,concentrated,B3_use_queue_term_False,2,16,864,864,0,0.0,1.3595375722543352,2.0,2.7814397909571396,1.002,1.7794397909571393,0.0,0,0.0,0.0,865
0.9,concentrated,B3_use_queue_term_False,2,17,945,945,0,0.0,1.3487394957983194,2.0,2.757363482164459,0.999,1.7583634821644587,0.0,0,0.0,0.0,952
0.9,concentrated,B3_use_queue_term_False,2,18,899,899,0,0.0,1.35965848452508,2.0,2.7904492535577186,0.999,1.7914492535577184,0.0,0,0.0,0.0,937
0.9,concentrated,B3_use_queue_term_False,3,19,870,870,0,0.0,1.397946084724005,2.0,2.7674887339983147,1.0,1.7674887339983145,0.0,0,0.0,0.0,779
0.9,concentrated,B3_use_queue_term_False,3,20,921,921,0,0.0,1.4518613607188704,2.0,2.7609481081344875,1.0,1.7609481081344875,0.0,0,0.0,0.0,779
0.9,concentrated,B3_use_queue_term_False,3,21,900,900,0,0.0,1.3921319796954315,2.0,2.7805155968553645,1.0,1.7805155968553645,0.0,0,0.0,0.0,788
0.9,concentrated,B3_use_queue_term_False,3,22,892,892,0,0.0,1.3820078226857888,2.0,2.7726071253279407,1.002,1.770607125327941,0.0,0,0.0,0.0,767
0.9,concentrated,B3_use_queue_term_False,3,23,879,879,0,0.0,1.3388535031847133,2.0,2.7612073999798783,1.001,1.7602073999798786,0.0,0,0.0,0.0,785
0.9,concentrated,B3_use_queue_term_False,3,24,883,883,0,0.0,1.3875476493011436,2.0,2.7715409215994447,1.002,1.7695409215994449,0.0,0,0.0,0.0,787
0.9,concentrated,B3_use_queue_term_False,4,25,880,880,0,0.0,1.3510292524377032,2.0,2.7623509763172938,1.002,1.7603509763172938,0.0,0,0.0,0.0,923
0.9,concentrated,B3_use_queue_term_False,4,26,879,879,0,0.0,1.3392484342379958,2.0,2.766547612238763,1.002,1.7645476122387627,0.0,0,0.0,0.0,958
0.9,concentrated,B3_use_queue_term_False,4,27,897,897,0,0.0,1.328436516264428,2.0,2.746108712115578,1.001,1.7451087121155782,0.0,0,0.0,0.0,953
0.9,concentrated,B3_use_queue_term_False,4,28,820,820,0,0.0,1.3643966547192354,2.0,2.756038154341244,1.001,1.755038154341244,0.0,0,0.0,0.0,837
0.9,concentrated,B3_use_queue_term_False,4,29,959,959,0,0.0,1.324457593688363,2.0,2.7730216392592384,1.001,1.7720216392592383,0.0,0,0.0,0.0,1014
0.9,concentrated,B3_use_queue_term_False,4,30,874,874,0,0.0,1.3491525423728814,2.0,2.7566389045141255,1.001,1.7556389045141256,0.0,0,0.0,0.0,885
0.9,distributed,baseline,0,1,866,866,0,0.0,14.094488188976378,63.49999999999994,2.0089022087361963,1.002,1.0069022087361963,0.0,0,0.5598484848484848,1.8153692614770458,127
0.9,distributed,baseline,0,2,921,921,0,0.0,16.611940298507463,62.04999999999998,1.9984880728976084,1.003,0.9954880728976084,0.0,0,0.5643356643356643,2.2821535393818544,134
0.9,distributed,baseline,0,3,914,914,0,0.0,17.834532374100718,65.29999999999998,1.996374275787101,1.001,0.995374275787101,0.0,0,0.5547945205479452,2.5364635364635366,139
0.9,distributed,baseline,0,4,913,913,0,0.0,16.75,65.5,2.0137633120008767,0.999,1.0147633120008765,0.0,0,0.5664285714285714,2.162,136
0.9,distributed,baseline,0,5,867,867,0,0.0,7.692913385826771,30.0,2.0082228317070783,1.002,1.006222831707078,0.0,0,0.5276119402985074,0.9171656686626747,127
0.9,distributed,baseline,0,6,949,949,0,0.0,16.357142857142858,68.04999999999998,1.994090194181886,1.002,0.992090194181886,0.0,0,0.5612244897959183,2.3832335329341316,140
0.9,distributed,baseline,1,7,831,831,0,0.0,15.932203389830509,63.599999999999966,1.9794472926177376,1.002,0.9774472926177374,0.0,0,0.6054263565891473,2.0708582834331337,118
0.9,distributed,baseline,1,8,885,885,0,0.0,23.879310344827587,108.5,1.9299964695358307,1.009,0.9209964695358309,0.0,0,0.6240601503759399,3.8473736372646186,116
0.9,distributed,baseline,1,9,885,885,0,0.0,29.566929133858267,131.69999999999976,1.990201919546974,1.0,0.990201919546974,0.0,0,0.6272727272727273,3.684,127
0.9,distributed,baseline,1,10,940,940,0,0.0,30.060606060606062,104.44999999999999,1.9664133044779342,1.002,0.9644133044779343,0.0,0,0.5878378378378378,4.667664670658683,132
0.9,distributed,baseline,1,11,915,915,0,0.0,26.59090909090909,104.34999999999997,1.9752142009578917,1.002,0.9732142009578917,0.0,0,0.6372413793103449,3.7465069860279443,132
0.9,distributed,baseline,1,12,852,852,0,0.0,38.0672268907563,193.2,1.966523981566302,1.001,0.9655239815663023,0.0,0,0.6221374045801527,4.796203796203796,119
0.9,distributed,baseline,2,13,906,906,0,0.0,15.782608695652174,72.15,2.000157315659405,1.001,0.9991573156594049,0.0,0,0.5654929577464789,2.06993006993007,138
0.9,distributed,baseline,2,14,919,919,0,0.0,17.72463768115942,66.0,1.9967568352109348,1.001,0.9957568352109349,0.0,0,0.5761904761904761,2.3946053946053945,138
0.9,distributed,baseline,2,15,903,903,0,0.0,15.913385826771654,60.69999999999999,1.9813933897646576,1.001,0.9803933897646578,0.0,0,0.5963768115942029,2.3326673326673326,127
0.9,distributed,baseline,2,16,864,864,0,0.0,10.48062015503876,41.0,2.0135113589719733,1.002,1.011511358971973,0.0,0,0.6067164179104477,1.251497005988024,129
0.9,distributed,baseline,2,17,945,945,0,0.0,14.232394366197184,64.94999999999999,1.9846556440906202,0.999,0.9856556440906202,0.0,0,0.571523178807947,2.148,142
0.9,distributed,baseline,2,18,899,899,0,0.0,19.796992481203006,72.39999999999999,1.9821301098040673,0.999,0.9831301098040673,0.0,0,0.6373239436619719,2.537,133
0.9,distributed,baseline,3,19,870,870,0,0.0,8.767441860465116,34.0,1.9956904263902293,1.001,0.9946904263902294,0.0,0,0.5419117647058823,1.1138861138861138,129
0.9,distributed,baseline,3,20,921,921,0,0.0,12.404411764705882,51.25,1.9830041264381573,1.001,0.9820041264381574,0.0,0,0.5825174825174825,1.6643356643356644,136
0.9,distributed,baseline,3,21,900,900,0,0.0,14.656716417910447,54.04999999999998,1.989622735426631,1.001,0.9886227354266309,0.0,0,0.5721428571428572,1.852147852147852,134
0.9,distributed,baseline,3,22,892,892,0,0.0,12.17557251908397,52.5,2.001576826867728,1.003,0.9985768268677284,0.0,0,0.6,1.5244267198404786,131
0.9,distributed,baseline,3,23,879,879,0,0.0,10.131782945736434,37.599999999999994,1.9889738668927075,1.002,0.9869738668927074,0.0,0,0.5357664233576642,1.312375249500998,129
0.9,distributed,baseline,3,24,883,883,0,0.0,20.632,111.0,1.9705156898551097,1.002,0.9685156898551097,0.0,0,0.5087591240875913,2.720558882235529,125
0.9,distributed,baseline,4,25,880,880,0,0.0,30.192,157.6,1.952449733573399,1.001,0.951449733573399,0.0,0,0.6352941176470588,4.964035964035964,125
0.9,distributed,baseline,4,26,879,879,0,0.0,10.87704918032787,39.0,1.9569797405954705,1.002,0.9549797405954705,0.0,0,0.6455882352941177,1.968063872255489,122
0.9,distributed,baseline,4,27,897,897,0,0.0,28.2,104.0,1.9609903186028288,1.001,0.959990318602829,0.0,0,0.6207142857142857,4.204795204795205,130
0.9,distributed,baseline,4,28,820,820,0,0.0,25.680672268907564,113.39999999999998,1.9739750415986272,1.001,0.9729750415986274,0.0,0,0.6204724409448819,3.6793206793206794,119
0.9,distributed,baseline,4,29,959,959,0,0.0,27.057971014492754,124.0,1.9582299850527882,1.001,0.9572299850527883,0.0,0,0.6289473684210526,4.674325674325674,138
0.9,distributed,baseline,4,30,874,874,0,0.0,24.808,153.59999999999997,1.9412970145854511,1.002,0.9392970145854511,0.0,0,0.6087591240875913,4.131736526946108,125
0.9,distributed,jsq,0,1,866,866,0,0.0,2.6946564885496183,13.0,2.050285986404246,1.002,1.0482859864042458,0.0,0,0.5335820895522388,0.20359281437125748,131
0.9,distributed,jsq,0,2,921,921,0,0.0,2.8175182481751824,14.599999999999909,2.047879488425746,1.002,1.045879488425746,0.0,0,0.5307692307692308,0.2345309381237525,137
0.9,distributed,jsq,0,3,914,914,0,0.0,3.101449275362319,20.150000000000006,2.049449662043286,1.001,1.0484496620432862,0.0,0,0.5503496503496503,0.27472527472527475,138
0.9,distributed,jsq,0,4,913,913,0,0.0,3.6496350364963503,25.19999999999999,2.0437016367902348,0.999,1.0447016367902349,0.0,0,0.5269503546099291,0.341,137
0.9,distributed,jsq,0,5,867,867,0,0.0,2.9160305343511452,18.5,2.0511893756891038,1.0,1.0511893756891035,0.0,0,0.5096296296296297,0.235,131
0.9,distributed,jsq,0,6,949,949,0,0.0,3.6206896551724137,18.799999999999983,2.047024736379182,1.002,1.0450247363791818,0.0,0,0.547972972972973,0.36427145708582837,145
0.9,distributed,jsq,1,7,831,831,0,0.0,4.764227642276423,28.0,2.020485177815803,1.002,1.0184851778158028,0.0,0,0.65,0.48003992015968067,123
0.9,distributed,jsq,1,8,885,885,0,0.0,3.751937984496124,20.19999999999999,2.045556750231957,1.0,1.0455567502319567,0.0,0,0.6104477611940299,0.341,129
0.9,distributed,jsq,1,9,885,885,0,0.0,4.244274809160306,27.0,2.0368779139172677,1.0,1.0368779139172677,0.0,0,0.6191176470588236,0.409,131
0.9,distributed,jsq,1,10,940,940,0,0.0,4.838028169014085,31.94999999999999,2.053466850913223,1.002,1.0514668509132226,0.0,0,0.6,0.5179640718562875,142
0.9,distributed,jsq,1,11,915,915,0,0.0,4.075757575757576,22.899999999999977,2.043704993280863,1.002,1.0417049932808629,0.0,0,0.6177304964539007,0.43812375249500995,132
0.9,distributed,jsq,1,12,852,852,0,0.0,3.031496062992126,19.399999999999864,2.0527191706248162,1.001,1.0517191706248166,0.0,0,0.6285714285714286,0.27672327672327673,127
0.9,distributed,jsq,2,13,906,906,0,0.0,3.838235294117647,25.25,2.0424483806574942,1.002,1.0404483806574945,0.0,0,0.5936170212765958,0.39221556886227543,136
0.9,distributed,jsq,2,14,919,919,0,0.0,4.246376811594203,24.30000000000001,2.0397689651603215,1.002,1.0377689651603215,0.0,0,0.6138888888888889,0.43313373253493015,138
0.9,distributed,jsq,2,15,903,903,0,0.0,3.830769230769231,20.549999999999997,2.0346469475025533,1.002,1.032646947502553,0.0,0,0.5507352941176471,0.37025948103792417,130
0.9,distributed,jsq,2,16,864,864,0,0.0,2.276923076923077,5.299999999999983,2.0467831998660957,1.002,1.044783199866096,0.0,0,0.5798507462686567,0.15269461077844312,130
0.9,distributed,jsq,2,17,945,945,0,0.0,4.204225352112676,25.849999999999966,2.0455842308448613,0.999,1.0465842308448614,0.0,0,0.6027397260273972,0.44,142
0.9,distributed,jsq,2,18,899,899,0,0.0,4.160583941605839,21.19999999999999,2.0343361680562273,1.001,1.0333361680562276,0.0,0,0.6027586206896551,0.44955044955044954,137
0.9,distributed,jsq,3,19,870,870,0,0.0,3.0074626865671643,16.74999999999997,2.0331235915697303,1.001,1.0321235915697304,0.0,0,0.5518248175182482,0.2777222777222777,134
0.9,distributed,jsq,3,20,921,921,0,0.0,2.8345323741007196,16.099999999999994,2.0469398604081404,1.001,1.0459398604081405,0.0,0,0.5605442176870749,0.2957042957042957,139
0.9,distributed,jsq,3,21,900,900,0,0.0,3.1865671641791047,21.349999999999994,2.0445996770167296,1.001,1.04359967701673,0.0,0,0.5817518248175182,0.2757242757242757,134
0.9,distributed,jsq,3,22,892,892,0,0.0,4.676691729323308,31.0,2.0433348214479423,1.002,1.041334821447942,0.0,0,0.5742857142857143,0.5069860279441117,133
0.9,distributed,jsq,3,23,879,879,0,0.0,2.6923076923076925,13.299999999999983,2.0416714085720526,1.002,1.0396714085720529,0.0,0,0.5753731343283582,0.218562874251497,130
0.9,distributed,jsq,3,24,883,883,0,0.0,3.450381679389313,23.0,2.0398321501727894,1.002,1.0378321501727894,0.0,0,0.5977941176470588,0.33033932135728544,131
0.9,distributed,jsq,4,25,880,880,0,0.0,5.444444444444445,30.599999999999994,2.0430282833464846,1.002,1.0410282833464846,0.0,0,0.6204379562043796,0.5798403193612774,135
0.9,distributed,jsq,4,26,879,879,0,0.0,2.9069767441860463,15.199999999999989,2.0353174201120003,1.002,1.0333174201120003,0.0,0,0.6553956834532374,0.2834331337325349,129
0.9,distributed,jsq,4,27,897,897,0,0.0,6.394160583941606,34.19999999999999,2.044824206116491,1.002,1.0428242061164914,0.0,0,0.6114285714285714,0.7135728542914171,137
0.9,distributed,jsq,4,28,820,820,0,0.0,5.448,29.999999999999986,2.0335854775061417,1.001,1.0325854775061418,0.0,0,0.6457364341085271,0.5424575424575424,125
0.9,distributed,jsq,4,29,959,959,0,0.0,6.9324324324324325,33.0,2.0459362947671025,1.001,1.0449362947671026,0.0,0,0.6157894736842106,0.8641358641358642,148
0.9,distributed,jsq,4,30,874,874,0,0.0,2.422222222222222,13.0,2.0535312883077026,1.002,1.0515312883077024,0.0,0,0.59,0.17864271457085829,135
0.9,distributed,ours,0,1,866,866,0,0.0,1.0976361767728675,2.0,2.3235112825276523,1.002,1.3215112825276523,0.0,0,0.19651995905834185,0.08083832335329341,973
0.9,distributed,ours,0,2,921,921,0,0.0,1.0951923076923078,2.0,2.330769374623851,1.002,1.328769374623851,0.0,0,0.21063218390804597,0.08283433133732535,1040
0.9,distributed,ours,0,3,914,914,0,0.0,1.152542372881356,2.0,2.315318099329815,1.001,1.3143180993298151,0.0,0,0.22544731610337973,0.12887112887112886,1003
0.9,distributed,ours,0,4,913,913,0,0.0,1.119388729703916,2.0,2.323120846450946,1.0,1.3231208464509463,0.0,0,0.19933396764985728,0.113,1047
0.9,distributed,ours,0,5,867,867,0,0.0,1.1293881644934805,2.0,2.3136554238852822,1.001,1.3126554238852826,0.0,0,0.1961,0.1108891108891109,997
0.9,distributed,ours,0,6,949,949,0,0.0,1.1603188662533215,2.0,2.319835837012543,1.002,1.3178358370125431,0.0,0,0.1989389920424403,0.16167664670658682,1129
0.9,distributed,ours,1,7,831,831,0,0.0,1.4508196721311475,4.0,2.3555465842224006,1.002,1.3535465842224008,0.0,0,0.21346938775510205,0.4780439121756487,1220
0.9,distributed,ours,1,8,885,885,0,0.0,1.39894419306184,3.0,2.3911339178882933,1.001,1.3901339178882937,0.0,0,0.21483433734939758,0.44255744255744256,1326
0.9,distributed,ours,1,9,885,885,0,0.0,1.410373760488177,3.5,2.381040620835932,1.0,1.381040620835932,0.0,0,0.2155893536121673,0.449,1311
0.9,distributed,ours,1,10,940,940,0,0.0,1.4596774193548387,3.0,2.376181295689853,1.002,1.3741812956898527,0.0,0,0.21383601756954612,0.5199600798403193,1364
0.9,distributed,ours,1,11,915,915,0,0.0,1.450509461426492,3.0,2.4009708683045567,1.003,1.3979708683045569,0.0,0,0.2079100145137881,0.5284147557328016,1374
0.9,distributed,ours,1,12,852,852,0,0.0,1.3545816733067728,3.0,2.3469084718835056,1.0,1.3469084718835054,0.0,0,0.2125,0.371,1255
0.9,distributed,ours,2,13,906,906,0,0.0,1.2550937245313774,3.0,2.3646580954050487,1.001,1.3636580954050486,0.0,0,0.19690553745928338,0.25574425574425574,1227
0.9,distributed,ours,2,14,919,919,0,0.0,1.25,3.0,2.3302501969409697,1.001,1.3292501969409698,0.0,0,0.21893203883495146,0.26673326673326675,1236
0.9,distributed,ours,2,15,903,903,0,0.0,1.3008994276369583,3.0,2.372954282030763,1.002,1.3709542820307632,0.0,0,0.19959250203748982,0.312375249500998,1223
0.9,distributed,ours,2,16,864,864,0,0.0,1.2346938775510203,2.0,2.3509239591884223,1.003,1.3479239591884224,0.0,0,0.2071307300509338,0.22333000997008973,1176
0.9,distributed,ours,2,17,945,945,0,0.0,1.2030869212022746,2.0,2.3263730614105818,0.999,1.3273730614105816,0.0,0,0.20048740861088546,0.22,1231
0.9,distributed,ours,2,18,899,899,0,0.0,1.2871205906480723,3.0,2.380093070553683,0.999,1.381093070553683,0.0,0,0.20334148329258353,0.282,1219
0.9,distributed,ours,3,19,870,870,0,0.0,1.2442105263157894,2.0,2.293632461378381,1.001,1.292632461378381,0.0,0,0.2679245283018868,0.20279720279720279,950
0.9,distributed,ours,3,20,921,921,0,0.0,1.1967526265520534,2.0,2.333328136229021,1.001,1.332328136229021,0.0,0,0.2190657769304099,0.16483516483516483,1047
0.9,distributed,ours,3,21,900,900,0,0.0,1.1498586239396795,2.0,2.3304593794169906,1.0,1.3304593794169903,0.0,0,0.20599250936329588,0.132,1061
0.9,distributed,ours,3,22,892,892,0,0.0,1.2088122605363985,2.0,2.31682917078464,1.002,1.3148291707846402,0.0,0,0.232887189292543,0.18562874251497005,1044
0.9,distributed,ours,3,23,879,879,0,0.0,1.1438032166508987,2.0,2.305658978139349,1.002,1.3036589781393488,0.0,0,0.22219074598677999,0.12275449101796407,1057
0.9,distributed,ours,3,24,883,883,0,0.0,1.1988360814742969,2.0,2.3307237132014436,1.002,1.3287237132014438,0.0,0,0.23491295938104448,0.18063872255489022,1031
0.9,distributed,ours,4,25,880,880,0,0.0,1.7305785123966941,4.5499999999999545,2.3351760331278393,1.001,1.3341760331278394,0.0,0,0.23564356435643563,0.8341658341658341,1210
0.9,distributed,ours,4,26,879,879,0,0.0,1.4273162939297124,3.0,2.338715528008284,1.002,1.3367155280082839,0.0,0,0.24797136038186157,0.4780439121756487,1252
0.9,distributed,ours,4,27,897,897,0,0.0,1.4453186467348544,3.0,2.334528984136966,1.001,1.333528984136966,0.0,0,0.23901098901098902,0.5174825174825175,1271
0.9,distributed,ours,4,28,820,820,0,0.0,1.4189526184538654,3.0,2.3270208258145058,1.001,1.3260208258145059,0.0,0,0.24767827529021558,0.45454545454545453,1203
0.9,distributed,ours,4,29,959,959,0,0.0,1.3952654232424677,4.0,2.351975804680524,1.002,1.349975804680524,0.0,0,0.23782234957020057,0.4870259481037924,1394
0.9,distributed,ours,4,30,874,874,0,0.0,1.3665594855305465,3.0,2.340196823774458,1.001,1.3391968237744583,0.0,0,0.23376102646351243,0.4085914085914086,1244
0.9,distributed,B3_use_queue_term_False,0,1,866,866,0,0.0,1.007172131147541,1.0,2.251981939454367,1.002,1.249981939454367,0.0,0,0.20153374233128835,0.0,976
0.9,distributed,B3_use_queue_term_False,0,2,921,921,0,0.0,1.0084586466165413,1.0,2.237126846832835,1.002,1.235126846832835,0.0,0,0.21794392523364486,0.0,1064
0.9,distributed,B3_use_queue_term_False,0,3,914,914,0,0.0,1.004835589941973,1.0,2.2347089769846975,1.001,1.2337089769846976,0.0,0,0.22950819672131148,0.0,1034
0.9,distributed,B3_use_queue_term_False,0,4,913,913,0,0.0,1.0036968576709797,1.0,2.2475842691159404,0.999,1.2485842691159406,0.0,0,0.19954001839926402,0.0,1082
0.9,distributed,B3_use_queue_term_False,0,5,867,867,0,0.0,1.0079840319361277,1.0,2.2397324324526164,1.001,1.2387324324526165,0.0,0,0.19900299102691923,0.0,1002
0.9,distributed,B3_use_queue_term_False,0,6,949,949,0,0.0,1.0035087719298246,1.0,2.2399064273280866,1.001,1.2389064273280868,0.0,0,0.202276707530648,0.0,1140
0.9,distributed,B3_use_queue_term_False,1,7,831,831,0,0.0,1.0355594102341716,1.0,2.274067569054196,1.002,1.2720675690541958,0.0,0,0.23050993949870355,0.0,1153
0.9,distributed,B3_use_queue_term_False,1,8,885,885,0,0.0,1.0365752285951788,1.0,2.3012318652511627,1.001,1.300231865251163,0.0,0,0.23219917012448132,0.0,1203
0.9,distributed,B3_use_queue_term_False,1,9,885,885,0,0.0,1.0317991631799164,1.0,2.2672529740693914,0.999,1.2682529740693913,0.0,0,0.24088628762541806,0.0,1195
0.9,distributed,B3_use_queue_term_False,1,10,940,940,0,0.0,1.046215139442231,1.0,2.275208006694636,1.002,1.273208006694636,0.0,0,0.23845541401273884,0.0,1255
0.9,distributed,B3_use_queue_term_False,1,11,915,915,0,0.0,1.0393822393822394,1.0,2.29354914977721,1.002,1.2915491497772096,0.0,0,0.2357473035439137,0.0,1295
0.9,distributed,B3_use_queue_term_False,1,12,852,852,0,0.0,1.0395189003436427,1.0,2.281176103106824,1.0,1.2811761031068236,0.0,0,0.23399141630901288,0.0,1164
0.9,distributed,B3_use_queue_term_False,2,13,906,906,0,0.0,1.0183792815371764,1.0,2.2590809545389097,1.002,1.2570809545389097,0.0,0,0.20475,0.0,1197
0.9,distributed,B3_use_queue_term_False,2,14,919,919,0,0.0,1.0173553719008264,1.0,2.2409081312985997,1.001,1.2399081312985996,0.0,0,0.22900826446280992,0.0,1210
0.9,distributed,B3_use_queue_term_False,2,15,903,903,0,0.0,1.0225752508361203,1.0,2.26648450486815,1.001,1.2654845048681502,0.0,0,0.20349708576186512,0.0,1196
0.9,distributed,B3_use_queue_term_False,2,16,864,864,0,0.0,1.022530329289428,1.0,2.2523469878313174,1.002,1.2503469878313171,0.0,0,0.21738754325259516,0.0,1154
0.9,distributed,B3_use_queue_term_False,2,17,945,945,0,0.0,1.0168539325842696,1.0,2.2342785746244296,0.999,1.2352785746244297,0.0,0,0.22238209432454037,0.0,1246
0.9,distributed,B3_use_queue_term_False,2,18,899,899,0,0.0,1.025995125913891,1.0,2.264751924145659,0.999,1.265751924145659,0.0,0,0.2061290322580645,0.0,1231
0.9,distributed,B3_use_queue_term_False,3,19,870,870,0,0.0,1.0058309037900874,1.0,2.200169993598978,1.0,1.200169993598978,0.0,0,0.2520388349514563,0.0,1029
0.9,distributed,B3_use_queue_term_False,3,20,921,921,0,0.0,1.010091743119266,1.0,2.2118449956605186,1.001,1.210844995660519,0.0,0,0.23513266239707228,0.0,1090
0.9,distributed,B3_use_queue_term_False,3,21,900,900,0,0.0,1.008189262966333,1.0,2.2205045216908257,1.001,1.219504521690826,0.0,0,0.2238181818181818,0.0,1099
0.9,distributed,B3_use_queue_term_False,3,22,892,892,0,0.0,1.0046082949308757,1.0,2.2202915270053527,1.002,1.2182915270053527,0.0,0,0.23284268629254828,0.0,1085
0.9,distributed,B3_use_queue_term_False,3,23,879,879,0,0.0,1.003734827264239,1.0,2.2099905367109898,1.001,1.20899053671099,0.0,0,0.22829131652661064,0.0,1071
0.9,distributed,B3_use_queue_term_False,3,24,883,883,0,0.0,1.0018850141376061,1.0,2.223853783481363,1.002,1.221853783481363,0.0,0,0.2427093132643462,0.0,1061
0.9,distributed,B3_use_queue_term_False,4,25,880,880,0,0.0,1.0,1.0,2.212538347375552,1.002,1.2105383473755522,0.0,0,0.2526050420168067,0.0,1185
0.9,distributed,B3_use_queue_term_False,4,26,879,879,0,0.0,1.0,1.0,2.2111795971483907,1.001,1.2101795971483906,0.0,0,0.260327868852459,0.0,1218
0.9,distributed,B3_use_queue_term_False,4,27,897,897,0,0.0,1.0,1.0,2.225974384593619,1.003,1.2229743845936194,0.0,0,0.24759183673469387,0.0,1222
0.9,distributed,B3_use_queue_term_False,4,28,820,820,0,0.0,1.0,1.0,2.1999793683298536,1.002,1.1979793683298534,0.0,0,0.2553030303030303,0.0,1185
0.9,distributed,B3_use_queue_term_False,4,29,959,959,0,0.0,1.0,1.0,2.2212706991582993,1.002,1.2192706991582993,0.0,0,0.24911111111111112,0.0,1347
0.9,distributed,B3_use_queue_term_False,4,30,874,874,0,0.0,1.0,1.0,2.213916003543047,1.002,1.2119160035430472,0.0,0,0.2408821034775233,0.0,1178
1.1,concentrated,baseline,0,1,1084,1084,0,0.0,1.1886792452830188,2.0,2.0585105136247277,1.002,1.0565105136247277,0.0,0,0.0,0.0,159
1.1,concentrated,baseline,0,2,1126,1126,0,0.0,1.2771084337349397,2.0,2.063733698275392,1.002,1.061733698275392,0.0,0,0.0,0.008982035928143712,166
1.1,concentrated,baseline,0,3,1115,1115,0,0.0,1.1939393939393939,2.0,2.06267852690093,1.002,1.0606785269009302,0.0,0,0.0,0.000998003992015968,165
1.1,concentrated,baseline,0,4,1126,1126,0,0.0,1.2822085889570551,2.0,2.0582093847927787,1.0,1.058209384792779,0.0,0,0.0,0.015,163
1.1,concentrated,baseline,0,5,1078,1078,0,0.0,1.197452229299363,2.0,2.0596799925494524,1.003,1.0566799925494523,0.0,0,0.0,0.007976071784646061,157
1.1,concentrated,baseline,0,6,1180,1180,0,0.0,1.2325581395348837,2.0,2.0664354110802265,1.001,1.0654354110802267,0.0,0,0.0,0.011988011988011988,172
1.1,concentrated,baseline,1,7,1057,1057,0,0.0,1.1721854304635762,2.0,2.0419991586357464,1.002,1.0399991586357464,0.0,0,0.0,0.0,151
1.1,concentrated,baseline,1,8,1113,1113,0,0.0,1.1741935483870967,2.0,2.0633575321200617,1.003,1.060357532120062,0.0,0,0.0,0.026919242273180457,155
1.1,concentrated,baseline,1,9,1065,1065,0,0.0,1.25503355704698,2.0,2.044403036471685,1.0,1.044403036471685,0.0,0,0.0,0.011,149
1.1,concentrated,baseline,1,10,1132,1132,0,0.0,1.320754716981132,2.0,2.0527576355855115,1.0,1.0527576355855115,0.0,0,0.0,0.024,159
1.1,concentrated,baseline,1,11,1110,1110,0,0.0,1.15625,2.0,2.0604421305707463,1.001,1.0594421305707467,0.0,0,0.0,0.012987012987012988,160
1.1,concentrated,baseline,1,12,1060,1060,0,0.0,1.1973684210526316,2.0,2.067992154324963,1.002,1.0659921543249626,0.0,0,0.0,0.0029940119760479044,152
1.1,concentrated,baseline,2,13,1096,1096,0,0.0,1.1987577639751552,2.0,2.053483437285711,0.999,1.054483437285711,0.0,0,0.0,0.001,161
1.1,concentrated,baseline,2,14,1120,1120,0,0.0,1.2670807453416149,2.0,2.0612788075150723,1.001,1.0602788075150722,0.0,0,0.0,0.008991008991008992,161
1.1,concentrated,baseline,2,15,1091,1091,0,0.0,1.1623376623376624,2.0,2.0541975754291175,1.002,1.0521975754291175,0.0,0,0.0,0.0,154
1.1,concentrated,baseline,2,16,1072,1072,0,0.0,1.1973684210526316,2.0,2.0559308822846765,1.001,1.0549308822846768,0.0,0,0.0,0.0,152
1.1,concentrated,baseline,2,17,1155,1155,0,0.0,1.3233532934131738,2.0,2.0665205016645563,1.002,1.0645205016645563,0.0,0,0.0,0.021956087824351298,167
1.1,concentrated,baseline,2,18,1126,1126,0,0.0,1.4049079754601228,2.0,2.060174960642885,1.002,1.058174960642885,0.0,0,0.0,0.03293413173652695,163
1.1,concentrated,baseline,3,19,1068,1068,0,0.0,1.263157894736842,2.0,2.0522722841187937,0.999,1.0532722841187936,0.0,0,0.0,0.008,152
1.1,concentrated,baseline,3,20,1121,1121,0,0.0,1.34375,2.0,2.049653878895237,1.001,1.0486538788952373,0.0,0,0.0,0.02197802197802198,160
1.1,concentrated,baseline,3,21,1104,1104,0,0.0,1.1818181818181819,2.0,2.061705110938016,1.001,1.060705110938016,0.0,0,0.0,0.0,165
1.1,concentrated,baseline,3,22,1113,1113,0,0.0,1.1666666666666667,2.0,2.057431477519706,1.001,1.0564314775197057,0.0,0,0.0,0.000999000999000999,162
1.1,concentrated,baseline,3,23,1069,1069,0,0.0,1.4052287581699345,2.0,2.0681817953984853,1.002,1.0661817953984853,0.0,0,0.0,0.03592814371257485,153
1.1,concentrated,baseline,3,24,1072,1072,0,0.0,1.1666666666666667,2.0,2.0600631639719387,1.002,1.0580631639719384,0.0,0,0.0,0.0,156
1.1,concentrated,baseline,4,25,1097,1097,0,0.0,1.2549019607843137,2.0,2.049752279626916,1.001,1.048752279626916,0.0,0,0.0,0.0,153
1.1,concentrated,baseline,4,26,1081,1081,0,0.0,1.2341772151898733,2.0,2.044339303107238,1.002,1.0423393031072377,0.0,0,0.0,0.010978043912175649,158
1.1,concentrated,baseline,4,27,1100,1100,0,0.0,1.1962025316455696,2.0,2.048197372610113,1.002,1.046197372610113,0.0,0,0.0,0.0029940119760479044,158
1.1,concentrated,baseline,4,28,1051,1051,0,0.0,1.26,2.0,2.0311362467668346,1.001,1.0301362467668347,0.0,0,0.0,0.014985014985014986,150
1.1,concentrated,baseline,4,29,1184,1184,0,0.0,1.242603550295858,2.0,2.0430583413654517,0.998,1.045058341365452,0.0,0,0.0,0.017,169
1.1,concentrated,baseline,4,30,1060,1060,0,0.0,1.2941176470588236,2.0,2.0520275363389073,1.003,1.0490275363389074,0.0,0,0.0,0.026919242273180457,153
1.1,concentrated,jsq,0,1,1084,1084,0,0.0,1.1886792452830188,2.0,2.0585105136247277,1.002,1.0565105136247277,0.0,0,0.0,0.0,159
1.1,concentrated,jsq,0,2,1126,1126,0,0.0,1.2771084337349397,2.0,2.063733698275392,1.002,1.061733698275392,0.0,0,0.0,0.008982035928143712,166
1.1,concentrated,jsq,0,3,1115,1115,0,0.0,1.1939393939393939,2.0,2.06267852690093,1.002,1.0606785269009302,0.0,0,0.0,0.000998003992015968,165
1.1,concentrated,jsq,0,4,1126,1126,0,0.0,1.2822085889570551,2.0,2.0582093847927787,1.0,1.058209384792779,0.0,0,0.0,0.015,163
1.1,concentrated,jsq,0,5,1078,1078,0,0.0,1.197452229299363,2.0,2.0596799925494524,1.003,1.0566799925494523,0.0,0,0.0,0.007976071784646061,157
1.1,concentrated,jsq,0,6,1180,1180,0,0.0,1.2325581395348837,2.0,2.0664354110802265,1.001,1.0654354110802267,0.0,0,0.0,0.011988011988011988,172
1.1,concentrated,jsq,1,7,1057,1057,0,0.0,1.1721854304635762,2.0,2.0419991586357464,1.002,1.0399991586357464,0.0,0,0.0,0.0,151
1.1,concentrated,jsq,1,8,1113,1113,0,0.0,1.1741935483870967,2.0,2.0633575321200617,1.003,1.060357532120062,0.0,0,0.0,0.026919242273180457,155
1.1,concentrated,jsq,1,9,1065,1065,0,0.0,1.25503355704698,2.0,2.044403036471685,1.0,1.044403036471685,0.0,0,0.0,0.011,149
1.1,concentrated,jsq,1,10,1132,1132,0,0.0,1.320754716981132,2.0,2.0527576355855115,1.0,1.0527576355855115,0.0,0,0.0,0.024,159
1.1,concentrated,jsq,1,11,1110,1110,0,0.0,1.15625,2.0,2.0604421305707463,1.001,1.0594421305707467,0.0,0,0.0,0.012987012987012988,160
1.1,concentrated,jsq,1,12,1060,1060,0,0.0,1.1973684210526316,2.0,2.067992154324963,1.002,1.0659921543249626,0.0,0,0.0,0.0029940119760479044,152
1.1,concentrated,jsq,2,13,1096,1096,0,0.0,1.1987577639751552,2.0,2.053483437285711,0.999,1.054483437285711,0.0,0,0.0,0.001,161
1.1,concentrated,jsq,2,14,1120,1120,0,0.0,1.2670807453416149,2.0,2.0612788075150723,1.001,1.0602788075150722,0.0,0,0.0,0.008991008991008992,161
1.1,concentrated,jsq,2,15,1091,1091,0,0.0,1.1623376623376624,2.0,2.0541975754291175,1.002,1.0521975754291175,0.0,0,0.0,0.0,154
1.1,concentrated,jsq,2,16,1072,1072,0,0.0,1.1973684210526316,2.0,2.0559308822846765,1.001,1.0549308822846768,0.0,0,0.0,0.0,152
1.1,concentrated,jsq,2,17,1155,1155,0,0.0,1.3233532934131738,2.0,2.0665205016645563,1.002,1.0645205016645563,0.0,0,0.0,0.021956087824351298,167
1.1,concentrated,jsq,2,18,1126,1126,0,0.0,1.4049079754601228,2.0,2.060174960642885,1.002,1.058174960642885,0.0,0,0.0,0.03293413173652695,163
1.1,concentrated,jsq,3,19,1068,1068,0,0.0,1.263157894736842,2.0,2.0522722841187937,0.999,1.0532722841187936,0.0,0,0.0,0.008,152
1.1,concentrated,jsq,3,20,1121,1121,0,0.0,1.34375,2.0,2.049653878895237,1.001,1.0486538788952373,0.0,0,0.0,0.02197802197802198,160
1.1,concentrated,jsq,3,21,1104,1104,0,0.0,1.1818181818181819,2.0,2.061705110938016,1.001,1.060705110938016,0.0,0,0.0,0.0,165
1.1,concentrated,jsq,3,22,1113,1113,0,0.0,1.1666666666666667,2.0,2.057431477519706,1.001,1.0564314775197057,0.0,0,0.0,0.000999000999000999,162
1.1,concentrated,jsq,3,23,1069,1069,0,0.0,1.4052287581699345,2.0,2.0681817953984853,1.002,1.0661817953984853,0.0,0,0.0,0.03592814371257485,153
1.1,concentrated,jsq,3,24,1072,1072,0,0.0,1.1666666666666667,2.0,2.0600631639719387,1.002,1.0580631639719384,0.0,0,0.0,0.0,156
1.1,concentrated,jsq,4,25,1097,1097,0,0.0,1.2549019607843137,2.0,2.049752279626916,1.001,1.048752279626916,0.0,0,0.0,0.0,153
1.1,concentrated,jsq,4,26,1081,1081,0,0.0,1.2341772151898733,2.0,2.044339303107238,1.002,1.0423393031072377,0.0,0,0.0,0.010978043912175649,158
1.1,concentrated,jsq,4,27,1100,1100,0,0.0,1.1962025316455696,2.0,2.048197372610113,1.002,1.046197372610113,0.0,0,0.0,0.0029940119760479044,158
1.1,concentrated,jsq,4,28,1051,1051,0,0.0,1.26,2.0,2.0311362467668346,1.001,1.0301362467668347,0.0,0,0.0,0.014985014985014986,150
1.1,concentrated,jsq,4,29,1184,1184,0,0.0,1.242603550295858,2.0,2.0430583413654517,0.998,1.045058341365452,0.0,0,0.0,0.017,169
1.1,concentrated,jsq,4,30,1060,1060,0,0.0,1.2941176470588236,2.0,2.0520275363389073,1.003,1.0490275363389074,0.0,0,0.0,0.026919242273180457,153
1.1,concentrated,ours,0,1,1084,1084,0,0.0,1.39937106918239,2.0,2.771348632410633,1.001,1.7703486324106328,0.0,0,0.0,0.012987012987012988,954
1.1,concentrated,ours,0,2,1126,1126,0,0.0,1.458045409674235,2.0,2.7861659488736903,1.002,1.78416594887369,0.0,0,0.0,0.059880239520958084,1013
1.1,concentrated,ours,0,3,1115,1115,0,0.0,1.4591321897073664,2.0,2.7650376003658863,1.002,1.7630376003658865,0.0,0,0.0,0.03992015968063872,991
1.1,concentrated,ours,0,4,1126,1126,0,0.0,1.4558375634517766,2.0,2.7736062920184854,1.0,1.7736062920184854,0.0,0,0.0,0.047,985
1.1,concentrated,ours,0,5,1078,1078,0,0.0,1.4399574920297555,2.0,2.7705864751020535,1.002,1.7685864751020535,0.0,0,0.0,0.017964071856287425,941
1.1,concentrated,ours,0,6,1180,1180,0,0.0,1.4377923292797006,2.0,2.7783188560129672,1.001,1.7773188560129674,0.0,0,0.0,0.061938061938061936,1069
1.1,concentrated,ours,1,7,1057,1057,0,0.0,1.4118629908103593,2.0,2.7427879137337206,1.002,1.7407879137337205,0.0,0,0.0,0.08882235528942116,1197
1.1,concentrated,ours,1,8,1113,1113,0,0.0,1.4180392156862744,2.0,2.7478708138393837,1.002,1.7458708138393837,0.0,0,0.0,0.12674650698602793,1275
1.1,concentrated,ours,1,9,1065,1065,0,0.0,1.3446877534468775,2.0,2.77390503965193,1.0,1.7739050396519298,0.0,0,0.0,0.027,1233
1.1,concentrated,ours,1,10,1132,1132,0,0.0,1.3658346333853355,2.0,2.7512589126264544,0.999,1.7522589126264543,0.0,0,0.0,0.045,1282
1.1,concentrated,ours,1,11,1110,1110,0,0.0,1.3817034700315458,2.0,2.7720255724441456,1.0,1.7720255724441456,0.0,0,0.0,0.064,1268
1.1,concentrated,ours,1,12,1060,1060,0,0.0,1.3466232709519934,2.0,2.7754998858196775,1.002,1.7734998858196775,0.0,0,0.0,0.03293413173652695,1229
1.1,concentrated,ours,2,13,1096,1096,0,0.0,1.4284332688588008,2.0,2.7457439463821744,0.999,1.7467439463821746,0.0,0,0.0,0.05,1034
1.1,concentrated,ours,2,14,1120,1120,0,0.0,1.4014084507042253,2.0,2.7714827812706924,1.001,1.7704827812706927,0.0,0,0.0,0.052947052947052944,1136
1.1,concentrated,ours,2,15,1091,1091,0,0.0,1.3848314606741574,2.0,2.7643046792455737,1.002,1.7623046792455734,0.0,0,0.0,0.027944111776447105,1068
1.1,concentrated,ours,2,16,1072,1072,0,0.0,1.3946102021174207,2.0,2.767872439562645,1.0,1.767872439562645,0.0,0,0.0,0.022,1039
1.1,concentrated,ours,2,17,1155,1155,0,0.0,1.4130434782608696,2.0,2.7724908792826843,1.002,1.7704908792826841,0.0,0,0.0,0.06387225548902195,1150
1.1,concentrated,ours,2,18,1126,1126,0,0.0,1.405429071803853,2.0,2.778872242752132,1.002,1.7768722427521322,0.0,0,0.0,0.04091816367265469,1142
1.1,concentrated,ours,3,19,1068,1068,0,0.0,1.4117032392894462,2.0,2.782452668772234,0.999,1.7834526687722343,0.0,0,0.0,0.013,957
1.1,concentrated,ours,3,20,1121,1121,0,0.0,1.4727085478887745,2.0,2.769127751886707,1.001,1.7681277518867071,0.0,0,0.0,0.04395604395604396,971
1.1,concentrated,ours,3,21,1104,1104,0,0.0,1.4215384615384616,2.0,2.785807086047231,1.001,1.7848070860472312,0.0,0,0.0,0.023976023976023976,975
1.1,concentrated,ours,3,22,1113,1113,0,0.0,1.438871473354232,2.0,2.777717486387627,1.0,1.777717486387627,0.0,0,0.0,0.038,957
1.1,concentrated,ours,3,23,1069,1069,0,0.0,1.3553459119496856,2.0,2.7786929906277638,1.002,1.7766929906277638,0.0,0,0.0,0.012974051896207584,954
1.1,concentrated,ours,3,24,1072,1072,0,0.0,1.4172972972972973,2.0,2.7737013438018963,1.002,1.7717013438018965,0.0,0,0.0,0.00998003992015968,925
1.1,concentrated,ours,4,25,1097,1097,0,0.0,1.3846801346801347,2.0,2.7809788506051083,1.002,1.7789788506051085,0.0,0,0.0,0.04590818363273453,1188
1.1,concentrated,ours,4,26,1081,1081,0,0.0,1.406837606837607,2.0,2.7726585442098015,1.001,1.7716585442098018,0.0,0,0.0,0.06593406593406594,1170
1.1,concentrated,ours,4,27,1100,1100,0,0.0,1.3944153577661431,2.0,2.7707983790741917,1.002,1.768798379074192,0.0,0,0.0,0.06487025948103792,1146
1.1,concentrated,ours,4,28,1051,1051,0,0.0,1.3817847286108556,2.0,2.7727313892298886,1.001,1.7717313892298887,0.0,0,0.0,0.028971028971028972,1087
1.1,concentrated,ours,4,29,1184,1184,0,0.0,1.383067896060352,2.0,2.7589509434089132,0.998,1.760950943408913,0.0,0,0.0,0.055,1193
1.1,concentrated,ours,4,30,1060,1060,0,0.0,1.3797709923664123,2.0,2.770696346274579,1.002,1.7686963462745786,0.0,0,0.0,0.014970059880239521,1048
1.1,concentrated,B3_use_queue_term_False,0,1,1084,1084,0,0.0,1.3739837398373984,2.0,2.779431771924507,1.002,1.7774317719245072,0.0,0,0.0,0.0,984
1.1,concentrated,B3_use_queue_term_False,0,2,1126,1126,0,0.0,1.3968719452590421,2.0,2.7962441205109094,1.002,1.7942441205109092,0.0,0,0.0,0.0,1023
1.1,concentrated,B3_use_queue_term_False,0,3,1115,1115,0,0.0,1.4240246406570842,2.0,2.7582411127819517,1.002,1.756241112781952,0.0,0,0.0,0.0,974
1.1,concentrated,B3_use_queue_term_False,0,4,1126,1126,0,0.0,1.4106230847803882,2.0,2.7719033599805023,1.0,1.7719033599805023,0.0,0,0.0,0.0,979
1.1,concentrated,B3_use_queue_term_False,0,5,1078,1078,0,0.0,1.4221748400852878,2.0,2.7738195240927133,1.002,1.7718195240927133,0.0,0,0.0,0.0,938
1.1,concentrated,B3_use_queue_term_False,0,6,1180,1180,0,0.0,1.3766233766233766,2.0,2.7794240477862107,1.001,1.7784240477862108,0.0,0,0.0,0.0,1078
1.1,concentrated,B3_use_queue_term_False,1,7,1057,1057,0,0.0,1.3286885245901638,2.0,2.756374920598095,1.002,1.7543749205980952,0.0,0,0.0,0.0,1220
1.1,concentrated,B3_use_queue_term_False,1,8,1113,1113,0,0.0,1.3150470219435737,2.0,2.754586064868024,1.002,1.752586064868024,0.0,0,0.0,0.0,1276
1.1,concentrated,B3_use_queue_term_False,1,9,1065,1065,0,0.0,1.3215717722534082,2.0,2.776253741791352,1.0,1.776253741791352,0.0,0,0.0,0.0,1247
1.1,concentrated,B3_use_queue_term_False,1,10,1132,1132,0,0.0,1.323911382734912,2.0,2.760314595074746,1.0,1.760314595074746,0.0,0,0.0,0.0,1309
1.1,concentrated,B3_use_queue_term_False,1,11,1110,1110,0,0.0,1.3330708661417323,2.0,2.7817482049944147,1.0,1.7817482049944144,0.0,0,0.0,0.0,1270
1.1,concentrated,B3_use_queue_term_False,1,12,1060,1060,0,0.0,1.321078431372549,2.0,2.7764953312742735,1.002,1.7744953312742737,0.0,0,0.0,0.0,1224
1.1,concentrated,B3_use_queue_term_False,2,13,1096,1096,0,0.0,1.372978116079924,2.0,2.7577803913648533,0.999,1.7587803913648534,0.0,0,0.0,0.0,1051
1.1,concentrated,B3_use_queue_term_False,2,14,1120,1120,0,0.0,1.3531989482909728,2.0,2.7776142493963665,1.001,1.7766142493963664,0.0,0,0.0,0.0,1141
1.1,concentrated,B3_use_queue_term_False,2,15,1091,1091,0,0.0,1.3585434173669468,2.0,2.7641175261267135,1.002,1.7621175261267137,0.0,0,0.0,0.0,1071
1.1,concentrated,B3_use_queue_term_False,2,16,1072,1072,0,0.0,1.3758454106280193,2.0,2.765419015866094,1.0,1.7654190158660938,0.0,0,0.0,0.0,1035
1.1,concentrated,B3_use_queue_term_False,2,17,1155,1155,0,0.0,1.3588184187662902,2.0,2.779544149162295,1.002,1.777544149162295,0.0,0,0.0,0.0,1151
1.1,concentrated,B3_use_queue_term_False,2,18,1126,1126,0,0.0,1.368695652173913,2.0,2.788209363099551,1.002,1.786209363099551,0.0,0,0.0,0.0,1150
1.1,concentrated,B3_use_queue_term_False,3,19,1068,1068,0,0.0,1.403174603174603,2.0,2.785073224195121,0.999,1.7860732241951207,0.0,0,0.0,0.0,945
1.1,concentrated,B3_use_queue_term_False,3,20,1121,1121,0,0.0,1.4260780287474333,2.0,2.770155623062906,1.001,1.769155623062906,0.0,0,0.0,0.0,974
1.1,concentrated,B3_use_queue_term_False,3,21,1104,1104,0,0.0,1.3987667009249742,2.0,2.783366458754093,1.001,1.782366458754093,0.0,0,0.0,0.0,973
1.1,concentrated,B3_use_queue_term_False,3,22,1113,1113,0,0.0,1.4012605042016806,2.0,2.7755213393155236,1.0,1.7755213393155234,0.0,0,0.0,0.0,952
1.1,concentrated,B3_use_queue_term_False,3,23,1069,1069,0,0.0,1.3435194942044257,2.0,2.779387361997731,1.002,1.7773873619977314,0.0,0,0.0,0.0,949
1.1,concentrated,B3_use_queue_term_False,3,24,1072,1072,0,0.0,1.408450704225352,2.0,2.772599556546922,1.002,1.7705995565469221,0.0,0,0.0,0.0,923
1.1,concentrated,B3_use_queue_term_False,4,25,1097,1097,0,0.0,1.3442760942760943,2.0,2.7817565463608225,1.001,1.7807565463608226,0.0,0,0.0,0.0,1188
1.1,concentrated,B3_use_queue_term_False,4,26,1081,1081,0,0.0,1.3546712802768166,2.0,2.7717789688437056,1.001,1.7707789688437057,0.0,0,0.0,0.0,1156
1.1,concentrated,B3_use_queue_term_False,4,27,1100,1100,0,0.0,1.3400525854513585,2.0,2.7720876692451952,1.002,1.7700876692451954,0.0,0,0.0,0.0,1141
1.1,concentrated,B3_use_queue_term_False,4,28,1051,1051,0,0.0,1.3564173591874422,2.0,2.7728636658246018,1.001,1.771863665824602,0.0,0,0.0,0.0,1083
1.1,concentrated,B3_use_queue_term_False,4,29,1184,1184,0,0.0,1.3355704697986577,2.0,2.7634052734740164,0.998,1.7654052734740167,0.0,0,0.0,0.0,1192
1.1,concentrated,B3_use_queue_term_False,4,30,1060,1060,0,0.0,1.362773029439696,2.0,2.7659617851490568,1.002,1.763961785149057,0.0,0,0.0,0.0,1053
1.1,distributed,baseline,0,1,1084,1084,0,0.0,21.44871794871795,89.0,1.9742455971098578,1.001,0.9732455971098578,0.0,0,0.524390243902439,3.4605394605394606,156
1.1,distributed,baseline,0,2,1126,1126,0,0.0,28.253012048192772,86.75,1.9779189633908125,1.002,0.9759189633908125,0.0,0,0.5633333333333334,4.956087824351298,166
1.1,distributed,baseline,0,3,1115,1115,0,0.0,24.253086419753085,112.74999999999994,1.9701910730936658,1.002,0.9681910730936658,0.0,0,0.575287356321839,4.344311377245509,162
1.1,distributed,baseline,0,4,1126,1126,0,0.0,25.41614906832298,96.0,1.9718312086823784,1.0,0.9718312086823784,0.0,0,0.5644067796610169,4.584,161
1.1,distributed,baseline,0,5,1078,1078,0,0.0,18.745222929936304,75.79999999999995,1.9891481834428408,1.001,0.9881481834428409,0.0,0,0.5642857142857143,3.131868131868132,157
1.1,distributed,baseline,0,6,1180,1180,0,0.0,24.53488372093023,83.14999999999992,1.982385911650259,1.001,0.981385911650259,0.0,0,0.5530054644808743,4.477522477522477,172
1.1,distributed,baseline,1,7,1057,1057,0,0.07757805108798486,52.333333333333336,167.19999999999993,2.0706622580616707,1.082,0.9542973184914061,0.03436493957026477,0,0.623030303030303,8.444547134935306,147
1.1,distributed,baseline,1,8,1113,991,122,0.2362982929020665,69.94202898550725,276.3,2.816774265486166,1.135,0.9529853168800478,0.7287889486061185,0,0.6337579617834395,10.63964757709251,138
1.1,distributed,baseline,1,9,1065,1065,0,0.0,45.04054054054054,131.65,1.9710250767121882,1.013,0.9580250767121883,0.0,0,0.6053892215568862,7.791707798617966,148
1.1,distributed,baseline,1,10,1132,1001,131,0.49646643109540634,83.89285714285714,427.4499999999998,4.163804515929041,1.135,0.95741410823019,2.0713904076988503,0,0.6238993710691824,12.731277533039648,140
1.1,distributed,baseline,1,11,1110,1105,5,0.218018018018018,58.453947368421055,268.79999999999995,2.337461787104314,1.135,0.9560690789821885,0.24639270812212563,0,0.6309941520467837,10.70748898678414,152
1.1,distributed,baseline,1,12,1060,1060,0,0.08113207547169811,52.261146496815286,270.19999999999993,2.0716261831799616,1.068,0.9748944696109533,0.028731713569008444,0,0.6191860465116279,9.013108614232209,157
1.1,distributed,baseline,2,13,1096,1096,0,0.0,15.5,64.14999999999995,1.9953982593026807,1.0,0.9953982593026807,0.0,0,0.5952380952380952,2.553,160
1.1,distributed,baseline,2,14,1120,1120,0,0.0,28.097560975609756,127.34999999999994,1.9602077205560984,1.001,0.9592077205560984,0.0,0,0.5888888888888889,6.154845154845155,164
1.1,distributed,baseline,2,15,1091,1091,0,0.0,16.556962025316455,48.45000000000002,1.9872531606870467,1.002,0.9852531606870468,0.0,0,0.5583333333333333,2.8403193612774453,158
1.1,distributed,baseline,2,16,1072,1072,0,0.0,18.596153846153847,74.25,1.996846078991807,1.001,0.9958460789918072,0.0,0,0.5715151515151515,2.94005994005994,156
1.1,distributed,baseline,2,17,1155,1155,0,0.0,21.837209302325583,73.34999999999997,1.9839496598665871,1.002,0.9819496598665872,0.0,0,0.5751351351351351,4.179640718562874,172
1.1,distributed,baseline,2,18,1126,1126,0,0.0,33.63414634146341,119.64999999999995,1.9781272514276913,1.002,0.9761272514276914,0.0,0,0.6146892655367232,6.057884231536926,164
1.1,distributed,baseline,3,19,1068,1068,0,0.0,21.21518987341772,72.0,1.9796028709872955,0.998,0.9816028709872956,0.0,0,0.5544378698224852,3.505,158
1.1,distributed,baseline,3,20,1121,1121,0,0.0,21.304878048780488,103.79999999999995,1.9793265150942436,1.001,0.9783265150942438,0.0,0,0.5522727272727272,3.6363636363636362,164
1.1,distributed,baseline,3,21,1104,1104,0,0.0,22.397590361445783,89.0,1.9829694376687899,1.001,0.9819694376687901,0.0,0,0.5557471264367816,3.7072927072927073,166
1.1,distributed,baseline,3,22,1113,1113,0,0.0,37.13461538461539,160.25,1.9800583129272846,1.019,0.9610583129272848,0.0,0,0.6092485549132948,6.973503434739941,156
1.1,distributed,baseline,3,23,1069,1069,0,0.0,21.386666666666667,109.09999999999997,1.9812554244076845,1.001,0.9802554244076848,0.0,0,0.57875,3.6713286713286712,150
1.1,distributed,baseline,3,24,1072,1072,0,0.0,32.1474358974359,143.75,1.9641904553313538,1.002,0.9621904553313537,0.0,0,0.5883040935672514,5.514970059880239,156
1.1,distributed,baseline,4,25,1097,1057,40,0.2534184138559708,60.63576158940398,340.0,2.4005814709528517,1.135,0.937111566769338,0.3284699041835135,0,0.6364705882352941,10.757709251101321,151
1.1,distributed,baseline,4,26,1081,1022,59,0.12395929694727105,61.86013986013986,358.10000000000014,2.431941336299333,1.135,0.942662127659562,0.3542792086397709,0,0.6590062111801243,11.26784140969163,143
1.1,distributed,baseline,4,27,1100,1055,45,0.26,64.49673202614379,341.0,2.483315033404055,1.135,0.9558154003313437,0.3924996330727109,0,0.6046511627906976,11.296916299559472,153
1.1,distributed,baseline,4,28,1051,1051,0,0.0,33.08,141.59999999999945,1.9600985785150806,1.017,0.9430985785150806,0.0,0,0.6437125748502994,6.390363815142576,150
1.1,distributed,baseline,4,29,1184,1184,0,0.14695945945945946,52.61176470588235,293.39999999999986,2.2149196085392355,1.134,0.9558860744405487,0.12503353409868692,0,0.6175531914893617,10.462081128747796,170
1.1,distributed,baseline,4,30,1060,1060,0,0.0,55.57861635220126,238.29999999999998,1.9917484600812925,1.039,0.9527484600812924,0.0,0,0.628,10.248315688161695,159
1.1,distributed,jsq,0,1,1084,1084,0,0.0,3.882716049382716,24.899999999999977,2.047147790327781,1.002,1.0451477903277806,0.0,0,0.5467065868263473,0.44610778443113774,162
1.1,distributed,jsq,0,2,1126,1126,0,0.0,3.625,23.650000000000006,2.046832815608436,1.002,1.0448328156084363,0.0,0,0.5381502890173411,0.4161676646706587,168
1.1,distributed,jsq,0,3,1115,1115,0,0.0,4.214285714285714,25.0,2.0595898583804586,1.002,1.0575898583804586,0.0,0,0.5482954545454546,0.5399201596806387,168
1.1,distributed,jsq,0,4,1126,1126,0,0.0,3.621301775147929,25.599999999999994,2.0482318690642725,1.0,1.0482318690642725,0.0,0,0.5531073446327683,0.423,169
1.1,distributed,jsq,0,5,1078,1078,0,0.0,4.448484848484848,23.799999999999983,2.0479304081319256,1.003,1.0449304081319255,0.0,0,0.5880952380952381,0.5922233300099701,165
1.1,distributed,jsq,0,6,1180,1180,0,0.0,4.406779661016949,27.19999999999999,2.050065495378859,1.001,1.049065495378859,0.0,0,0.5642857142857143,0.6133866133866134,177
1.1,distributed,jsq,1,7,1057,1057,0,0.0,7.948717948717949,35.0,2.0379533216754404,1.002,1.0359533216754404,0.0,0,0.6091463414634146,1.0598802395209581,156
1.1,distributed,jsq,1,8,1113,1113,0,0.0,4.883435582822086,24.0,2.0480052519486738,1.002,1.0460052519486738,0.0,0,0.6064705882352941,0.6966067864271457,163
1.1,distributed,jsq,1,9,1065,1065,0,0.0,4.6125,26.049999999999983,2.0380178339132033,0.999,1.0390178339132035,0.0,0,0.6029940119760479,0.586,160
1.1,distributed,jsq,1,10,1132,1132,0,0.0,5.8562874251497,28.799999999999955,2.0354832712356012,0.999,1.0364832712356011,0.0,0,0.6132183908045977,0.793,167
1.1,distributed,jsq,1,11,1110,1110,0,0.0,6.044025157232705,31.0,2.0393281497119142,1.001,1.0383281497119143,0.0,0,0.6288235294117647,0.984015984015984,159
1.1,distributed,jsq,1,12,1060,1060,0,0.0,5.45398773006135,30.900000000000006,2.0484165318528027,1.002,1.0464165318528027,0.0,0,0.6106508875739645,0.7604790419161677,163
1.1,distributed,jsq,2,13,1096,1096,0,0.0,3.728395061728395,26.94999999999999,2.034088861433823,0.999,1.0350888614338232,0.0,0,0.5607142857142857,0.441,162
1.1,distributed,jsq,2,14,1120,1120,0,0.0,5.086705202312139,29.0,2.048377123573709,1.001,1.0473771235737093,0.0,0,0.5727777777777778,0.7182817182817183,173
1.1,distributed,jsq,2,15,1091,1091,0,0.0,3.840764331210191,20.19999999999999,2.045853476564227,1.002,1.043853476564227,0.0,0,0.6036585365853658,0.4550898203592814,157
1.1,distributed,jsq,2,16,1072,1072,0,0.0,7.463414634146342,42.849999999999994,2.052506085180373,1.001,1.0515060851803735,0.0,0,0.5941176470588235,1.0589410589410588,164
1.1,distributed,jsq,2,17,1155,1155,0,0.0,5.9772727272727275,30.0,2.0363483176024957,1.002,1.0343483176024955,0.0,0,0.6082417582417582,0.8832335329341318,176
1.1,distributed,jsq,2,18,1126,1126,0,0.0,4.948275862068965,22.0,2.0410070865401218,1.002,1.0390070865401217,0.0,0,0.6128491620111732,0.689620758483034,174
1.1,distributed,jsq,3,19,1068,1068,0,0.0,4.051282051282051,22.25,2.034286782534196,0.999,1.0352867825341958,0.0,0,0.6061728395061728,0.486,156
1.1,distributed,jsq,3,20,1121,1121,0,0.0,5.129411764705883,26.549999999999983,2.0477304337635385,1.001,1.0467304337635386,0.0,0,0.5700564971751413,0.8391608391608392,170
1.1,distributed,jsq,3,21,1104,1104,0,0.0,4.054878048780488,22.849999999999994,2.0495443188537843,1.001,1.0485443188537846,0.0,0,0.5568047337278107,0.4995004995004995,164
1.1,distributed,jsq,3,22,1113,1113,0,0.0,3.757396449704142,21.399999999999977,2.0420932174357396,1.001,1.0410932174357397,0.0,0,0.56,0.4725274725274725,169
1.1,distributed,jsq,3,23,1069,1069,0,0.0,3.5384615384615383,23.75,2.049331262489516,1.002,1.0473312624895157,0.0,0,0.5450617283950617,0.3902195608782435,156
1.1,distributed,jsq,3,24,1072,1072,0,0.0,3.96875,22.249999999999915,2.041828558781833,1.002,1.0398285587818328,0.0,0,0.563855421686747,0.49201596806387227,160
1.1,distributed,jsq,4,25,1097,1097,0,0.0,11.963636363636363,75.99999999999991,2.0454527493506682,1.002,1.0434527493506682,0.0,0,0.6417142857142857,1.9520958083832336,165
1.1,distributed,jsq,4,26,1081,1081,0,0.0,16.401273885350317,118.39999999999998,1.9986287440412074,1.001,0.9976287440412076,0.0,0,0.6310344827586207,3.4675324675324677,157
1.1,distributed,jsq,4,27,1100,1100,0,0.0,6.91907514450867,34.400000000000034,2.0601453135356556,1.002,1.0581453135356556,0.0,0,0.6124293785310735,1.003992015968064,173
1.1,distributed,jsq,4,28,1051,1051,0,0.0,9.420382165605096,51.7999999999999,2.03812171897783,1.002,1.03612171897783,0.0,0,0.6283132530120482,1.3542914171656686,157
1.1,distributed,jsq,4,29,1184,1184,0,0.0,10.238888888888889,62.14999999999995,2.042238994011019,0.999,1.043238994011019,0.0,0,0.6202127659574468,1.661,180
1.1,distributed,jsq,4,30,1060,1060,0,0.0,9.24223602484472,50.0,2.03587252238486,1.003,1.0328725223848603,0.0,0,0.64,1.461615154536391,161
1.1,distributed,ours,0,1,1084,1084,0,0.0,1.1599366587490103,2.0,2.3586838700520443,1.002,1.3566838700520443,0.0,0,0.17917981072555206,0.1596806387225549,1263
1.1,distributed,ours,0,2,1126,1126,0,0.0,1.2583139984532097,2.0,2.3643611080310816,1.002,1.3623611080310816,0.0,0,0.20007698229407236,0.2964071856287425,1293
1.1,distributed,ours,0,3,1115,1115,0,0.0,1.2236951118475559,2.0,2.350153624017006,1.002,1.348153624017006,0.0,0,0.20612582781456953,0.22954091816367264,1207
1.1,distributed,ours,0,4,1126,1126,0,0.0,1.2650038971161341,3.0,2.3583163086523995,1.001,1.3573163086523996,0.0,0,0.20576323987538941,0.3026973026973027,1283
1.1,distributed,ours,0,5,1078,1078,0,0.0,1.180532445923461,2.0,2.3386424211478154,1.001,1.3376424211478155,0.0,0,0.19476744186046513,0.18181818181818182,1202
1.1,distributed,ours,0,6,1180,1180,0,0.0,1.2388847023360965,3.0,2.3526781195370523,1.0,1.3526781195370525,0.0,0,0.1963936889556724,0.286,1327
1.1,distributed,ours,1,7,1057,1057,0,0.0,1.6666666666666667,4.0,2.401450043500276,1.002,1.3994500435002757,0.0,0,0.20070694087403598,0.906187624750499,1551
1.1,distributed,ours,1,8,1113,1113,0,0.0,1.7396923076923076,4.0,2.431074476540556,1.002,1.429074476540556,0.0,0,0.19400977995110025,1.0728542914171657,1625
1.1,distributed,ours,1,9,1065,1065,0,0.0,1.5580952380952382,4.0,2.408304503066079,1.001,1.4073045030660787,0.0,0,0.2070253164556962,0.7622377622377622,1575
1.1,distributed,ours,1,10,1132,1132,0,0.0,1.6168280871670702,4.0,2.436024399038605,1.001,1.4350243990386051,0.0,0,0.20018126888217522,0.8571428571428571,1652
1.1,distributed,ours,1,11,1110,1110,0,0.0,1.6845637583892616,4.0,2.409963698083984,1.001,1.4089636980839841,0.0,0,0.2048721071863581,0.978021978021978,1639
1.1,distributed,ours,1,12,1060,1060,0,0.0,1.6045602605863192,4.0,2.381923119673151,1.002,1.3799231196731512,0.0,0,0.198046875,0.8043912175648703,1535
1.1,distributed,ours,2,13,1096,1096,0,0.0,1.3660714285714286,3.0,2.394371904448873,1.0,1.3943719044488732,0.0,0,0.1808350444900753,0.453,1456
1.1,distributed,ours,2,14,1120,1120,0,0.0,1.4162125340599454,3.0,2.3668019388904895,1.0,1.3668019388904893,0.0,0,0.20829367777022434,0.558,1468
1.1,distributed,ours,2,15,1091,1091,0,0.0,1.3797554347826086,3.0,2.4049584298390734,1.002,1.4029584298390736,0.0,0,0.19295392953929538,0.48602794411177647,1472
1.1,distributed,ours,2,16,1072,1072,0,0.0,1.3801827125790582,3.0,2.3741626343932287,1.001,1.3731626343932288,0.0,0,0.20161177295024527,0.4725274725274725,1423
1.1,distributed,ours,2,17,1155,1155,0,0.0,1.533594259621657,4.0,2.397732863091522,1.001,1.396732863091522,0.0,0,0.18990228013029317,0.7282717282717283,1533
1.1,distributed,ours,2,18,1126,1126,0,0.0,1.4310006540222369,3.0,2.4056205773753394,1.002,1.4036205773753396,0.0,0,0.18713259307642063,0.5728542914171657,1529
1.1,distributed,ours,3,19,1068,1068,0,0.0,1.227958697378872,2.0,2.3386958183140822,0.998,1.3406958183140822,0.0,0,0.2303727200634417,0.244,1259
1.1,distributed,ours,3,20,1121,1121,0,0.0,1.321623731459797,3.0,2.3542131973662963,1.002,1.3522131973662965,0.0,0,0.2260327357755261,0.34530938123752497,1281
1.1,distributed,ours,3,21,1104,1104,0,0.0,1.2747163695299837,3.0,2.3323107182626797,1.001,1.3313107182626798,0.0,0,0.23193209377526272,0.2917082917082917,1234
1.1,distributed,ours,3,22,1113,1113,0,0.0,1.300918836140888,3.0,2.3596432478601246,1.0,1.3596432478601248,0.0,0,0.2155317521040551,0.329,1306
1.1,distributed,ours,3,23,1069,1069,0,0.0,1.238902340597256,3.0,2.3380868915667588,1.001,1.3370868915667586,0.0,0,0.22318840579710145,0.26673326673326675,1239
1.1,distributed,ours,3,24,1072,1072,0,0.0,1.2716346153846154,2.0,2.338489950061097,1.002,1.336489950061097,0.0,0,0.23288216560509553,0.3013972055888224,1248
1.1,distributed,ours,4,25,1097,1097,0,0.0,1.9066323245331616,5.0,2.38997672384187,1.002,1.38797672384187,0.0,0,0.23403846153846153,1.30938123752495,1553
1.1,distributed,ours,4,26,1081,1081,0,0.0,2.11439842209073,6.0,2.3808332487984796,1.003,1.3778332487984795,0.0,0,0.23744262295081967,1.621136590229312,1521
1.1,distributed,ours,4,27,1100,1100,0,0.0,1.8392857142857142,4.0,2.3867144262632216,1.002,1.3847144262632214,0.0,0,0.23233609166136218,1.2245508982035929,1568
1.1,distributed,ours,4,28,1051,1051,0,0.0,1.6371803731859018,4.0,2.3543592742172996,1.002,1.3523592742172996,0.0,0,0.2518595041322314,0.843313373253493,1447
1.1,distributed,ours,4,29,1184,1184,0,0.0,1.8141437755698422,5.0,2.3991794373670294,0.999,1.4001794373670293,0.0,0,0.22983070636310565,1.29,1711
1.1,distributed,ours,4,30,1060,1060,0,0.0,1.6131687242798354,4.0,2.3703730233960796,1.002,1.3683730233960794,0.0,0,0.229890560875513,0.8353293413173652,1458
1.1,distributed,B3_use_queue_term_False,0,1,1084,1084,0,0.0,1.008058017727639,1.0,2.2468805388738167,1.001,1.245880538873817,0.0,0,0.18995176848874598,0.0,1241
1.1,distributed,B3_use_queue_term_False,0,2,1126,1126,0,0.0,1.0084291187739463,1.0,2.2549245695087294,1.002,1.2529245695087294,0.0,0,0.20244835501147668,0.0,1305
1.1,distributed,B3_use_queue_term_False,0,3,1115,1115,0,0.0,1.0064464141821112,1.0,2.2539037598402105,1.002,1.2519037598402103,0.0,0,0.210048231511254,0.0,1241
1.1,distributed,B3_use_queue_term_False,0,4,1126,1126,0,0.0,1.0054517133956387,1.0,2.2479529209895204,1.001,1.2469529209895205,0.0,0,0.2063035019455253,0.0,1284
1.1,distributed,B3_use_queue_term_False,0,5,1078,1078,0,0.0,1.0089068825910932,1.0,2.236289365098346,1.001,1.235289365098346,0.0,0,0.20088924818108328,0.0,1235
1.1,distributed,B3_use_queue_term_False,0,6,1180,1180,0,0.0,1.0029261155815654,1.0,2.2442297394396515,1.001,1.2432297394396519,0.0,0,0.20525931336742148,0.0,1367
1.1,distributed,B3_use_queue_term_False,1,7,1057,1057,0,0.0,1.0385694249649369,1.0,2.267885332873247,1.002,1.2658853328732471,0.0,0,0.2258897418004187,0.0,1426
1.1,distributed,B3_use_queue_term_False,1,8,1113,1113,0,0.0,1.0442477876106195,1.0,2.302900490939131,1.002,1.3009004909391308,0.0,0,0.22900815217391304,0.0,1469
1.1,distributed,B3_use_queue_term_False,1,9,1065,1065,0,0.0,1.032520325203252,1.0,2.274248002672144,1.0,1.2742480026721439,0.0,0,0.22795408507765025,0.0,1476
1.1,distributed,B3_use_queue_term_False,1,10,1132,1132,0,0.0,1.042,1.0,2.2880687987360817,1.001,1.2870687987360816,0.0,0,0.23426666666666668,0.0,1500
1.1,distributed,B3_use_queue_term_False,1,11,1110,1110,0,0.0,1.037108125399872,1.0,2.2828377926934724,1.001,1.2818377926934728,0.0,0,0.22835249042145594,0.0,1563
1.1,distributed,B3_use_queue_term_False,1,12,1060,1060,0,0.0,1.038647342995169,1.0,2.275753503108826,1.001,1.2747535031088262,0.0,0,0.22239834596829772,0.0,1449
1.1,distributed,B3_use_queue_term_False,2,13,1096,1096,0,0.0,1.0194986072423398,1.0,2.2478084202626816,1.0,1.2478084202626818,0.0,0,0.20235947258848022,0.0,1436
1.1,distributed,B3_use_queue_term_False,2,14,1120,1120,0,0.0,1.017088174982912,1.0,2.2406867554443224,1.001,1.2396867554443225,0.0,0,0.21720136518771332,0.0,1463
1.1,distributed,B3_use_queue_term_False,2,15,1091,1091,0,0.0,1.0221606648199446,1.0,2.2710450037181973,1.002,1.269045003718197,0.0,0,0.19744475138121548,0.0,1444
1.1,distributed,B3_use_queue_term_False,2,16,1072,1072,0,0.0,1.0226628895184136,1.0,2.2435087139427003,1.001,1.2425087139427005,0.0,0,0.21544428772919605,0.0,1412
1.1,distributed,B3_use_queue_term_False,2,17,1155,1155,0,0.0,1.016817593790427,1.0,2.2523287725943844,1.002,1.2503287725943846,0.0,0,0.20296965784377016,0.0,1546
1.1,distributed,B3_use_queue_term_False,2,18,1126,1126,0,0.0,1.0219638242894056,1.0,2.2555953752948854,1.002,1.2535953752948852,0.0,0,0.20109465550547329,0.0,1548
1.1,distributed,B3_use_queue_term_False,3,19,1068,1068,0,0.0,1.0046153846153847,1.0,2.214825327874575,0.998,1.216825327874575,0.0,0,0.23681783243658724,0.0,1300
1.1,distributed,B3_use_queue_term_False,3,20,1121,1121,0,0.0,1.009908536585366,1.0,2.215995033966297,1.002,1.213995033966297,0.0,0,0.22644376899696048,0.0,1312
1.1,distributed,B3_use_queue_term_False,3,21,1104,1104,0,0.0,1.010023130300694,1.0,2.2223653894652973,1.001,1.2213653894652976,0.0,0,0.2237105465742879,0.0,1297
1.1,distributed,B3_use_queue_term_False,3,22,1113,1113,0,0.0,1.0045385779122542,1.0,2.220053893462258,1.001,1.2190538934622583,0.0,0,0.23046757164404222,0.0,1322
1.1,distributed,B3_use_queue_term_False,3,23,1069,1069,0,0.0,1.0030792917628946,1.0,2.219093499349384,1.002,1.2170934993493843,0.0,0,0.21861538461538463,0.0,1299
1.1,distributed,B3_use_queue_term_False,3,24,1072,1072,0,0.0,1.0048115477145148,1.0,2.227583560073028,1.002,1.225583560073028,0.0,0,0.24063745019920318,0.0,1247
1.1,distributed,B3_use_queue_term_False,4,25,1097,1097,0,0.0,1.0,1.0,2.2190089362050824,1.001,1.2180089362050825,0.0,0,0.24952120383036935,0.0,1457
1.1,distributed,B3_use_queue_term_False,4,26,1081,1081,0,0.0,1.0,1.0,2.222934115649936,1.001,1.221934115649936,0.0,0,0.24867197875166003,0.0,1505
1.1,distributed,B3_use_queue_term_False,4,27,1100,1100,0,0.0,1.0,1.0,2.2279343268120684,1.001,1.2269343268120687,0.0,0,0.2464993394980185,0.0,1513
1.1,distributed,B3_use_queue_term_False,4,28,1051,1051,0,0.0,1.0,1.0,2.2081272472658515,1.001,1.2071272472658514,0.0,0,0.26315422191207255,0.0,1428
1.1,distributed,B3_use_queue_term_False,4,29,1184,1184,0,0.0,1.0,1.0,2.220021939049823,0.999,1.221021939049823,0.0,0,0.23987692307692307,0.0,1624
1.1,distributed,B3_use_queue_term_False,4,30,1060,1060,0,0.0,1.0,1.0,2.2115465631570315,1.002,1.2095465631570315,0.0,0,0.24713375796178344,0.0,1407
1.3,concentrated,baseline,0,1,1288,1288,0,0.0,1.2180851063829787,2.0,2.0660602783296023,1.001,1.0650602783296026,0.0,0,0.0,0.012987012987012988,188
1.3,concentrated,baseline,0,2,1329,1329,0,0.0,1.2153846153846153,2.0,2.050014987212751,1.002,1.048014987212751,0.0,0,0.0,0.008982035928143712,195
1.3,concentrated,baseline,0,3,1323,1323,0,0.0,1.2857142857142858,2.0,2.0469967258664346,1.001,1.0459967258664347,0.0,0,0.0,0.04095904095904096,189
1.3,concentrated,baseline,0,4,1313,1313,0,0.0,1.3769633507853403,2.0,2.0530149439325807,1.001,1.0520149439325808,0.0,0,0.0,0.04095904095904096,191
1.3,concentrated,baseline,0,5,1285,1285,0,0.0,1.335164835164835,2.0,2.0492784818120504,1.001,1.0482784818120505,0.0,0,0.0,0.023976023976023976,182
1.3,concentrated,baseline,0,6,1376,1376,0,0.0,1.2666666666666666,2.0,2.051847682849977,1.0,1.0518476828499772,0.0,0,0.0,0.021,195
1.3,concentrated,baseline,1,7,1244,1244,0,0.0,1.2076502732240437,2.0,2.064120381562195,1.0,1.0641203815621951,0.0,0,0.0,0.006,183
1.3,concentrated,baseline,1,8,1297,1297,0,0.0,1.2620320855614973,2.0,2.043385360061167,1.002,1.0413853600611669,0.0,0,0.0,0.023952095808383235,187
1.3,concentrated,baseline,1,9,1281,1281,0,0.0,1.1988950276243093,2.0,2.065310286510936,1.002,1.0633102865109358,0.0,0,0.0,0.003992015968063872,181
1.3,concentrated,baseline,1,10,1314,1314,0,0.0,1.3036649214659686,2.0,2.060265617636714,0.999,1.0612656176367141,0.0,0,0.0,0.018,191
1.3,concentrated,baseline,1,11,1322,1322,0,0.0,1.1727748691099475,2.0,2.0669853072164517,1.002,1.0649853072164517,0.0,0,0.0,0.013972055888223553,191
1.3,concentrated,baseline,1,12,1276,1276,0,0.0,1.2277777777777779,2.0,2.055301550380663,1.001,1.0543015503806632,0.0,0,0.0,0.01998001998001998,180
1.3,concentrated,baseline,2,13,1316,1316,0,0.0,1.3563829787234043,2.0,2.0616807823064343,1.002,1.0596807823064343,0.0,0,0.0,0.029940119760479042,188
1.3,concentrated,baseline,2,14,1297,1297,0,0.0,1.3224043715846994,2.0,2.0518996178882185,1.001,1.0508996178882186,0.0,0,0.0,0.029970029970029972,183
1.3,concentrated,baseline,2,15,1289,1289,0,0.0,1.289617486338798,2.0,2.056164991076316,1.001,1.0551649910763163,0.0,0,0.0,0.026973026973026972,183
1.3,concentrated,baseline,2,16,1248,1248,0,0.0,1.379120879120879,2.0,2.067435066138345,0.998,1.0694350661383452,0.0,0,0.0,0.036,182
1.3,concentrated,baseline,2,17,1340,1340,0,0.0,1.3692307692307693,2.0,2.062145812945645,1.002,1.060145812945645,0.0,0,0.0,0.03792415169660679,195
1.3,concentrated,baseline,2,18,1340,1340,0,0.0,1.5287958115183247,2.0,2.0619451751093942,1.0,1.0619451751093942,0.0,0,0.0,0.064,191
1.3,concentrated,baseline,3,19,1284,1284,0,0.0,1.2406417112299466,2.0,2.0483604670321123,1.002,1.0463604670321125,0.0,0,0.0,0.011976047904191617,187
1.3,concentrated,baseline,3,20,1308,1308,0,0.0,1.59375,2.0,2.0768846069429023,1.001,1.0758846069429024,0.0,0,0.0,0.07792207792207792,192
1.3,concentrated,baseline,3,21,1292,1292,0,0.0,1.25,2.0,2.05770588761744,0.999,1.05870588761744,0.0,0,0.0,0.017,184
1.3,concentrated,baseline,3,22,1313,1313,0,0.0,1.4526315789473685,3.099999999999966,2.056730286364955,1.001,1.0557302863649551,0.0,0,0.0,0.052947052947052944,190
1.3,concentrated,baseline,3,23,1279,1279,0,0.0,1.5945945945945945,5.599999999999966,2.0593349209834337,1.001,1.0583349209834338,0.0,0,0.0,0.08191808191808192,185
1.3,concentrated,baseline,3,24,1277,1277,0,0.0,1.312169312169312,2.0,2.065041791928498,1.001,1.0640417919284981,0.0,0,0.0,0.03296703296703297,189
1.3,concentrated,baseline,4,25,1281,1281,0,0.0,1.1573033707865168,2.0,2.0481834252141846,1.001,1.0471834252141847,0.0,0,0.0,0.000999000999000999,178
1.3,concentrated,baseline,4,26,1298,1298,0,0.0,1.638743455497382,4.0,2.065179415552821,1.002,1.0631794155528211,0.0,0,0.0,0.08083832335329341,191
1.3,concentrated,baseline,4,27,1293,1293,0,0.0,1.3523316062176165,2.0,2.062442244749935,1.001,1.061442244749935,0.0,0,0.0,0.03596403596403597,193
1.3,concentrated,baseline,4,28,1245,1245,0,0.0,1.6153846153846154,2.0,2.0668291188300163,0.999,1.0678291188300162,0.0,0,0.0,0.078,182
1.3,concentrated,baseline,4,29,1380,1380,0,0.0,1.4314720812182742,4.0,2.056039435973184,1.001,1.0550394359731843,0.0,0,0.0,0.060939060939060936,197
1.3,concentrated,baseline,4,30,1267,1267,0,0.0,1.304812834224599,2.0,2.0498912806543537,1.002,1.0478912806543534,0.0,0,0.0,0.018962075848303395,187
1.3,concentrated,jsq,0,1,1288,1288,0,0.0,1.2180851063829787,2.0,2.0660602783296023,1.001,1.0650602783296026,0.0,0,0.0,0.012987012987012988,188
1.3,concentrated,jsq,0,2,1329,1329,0,0.0,1.2153846153846153,2.0,2.050014987212751,1.002,1.048014987212751,0.0,0,0.0,0.008982035928143712,195
1.3,concentrated,jsq,0,3,1323,1323,0,0.0,1.2857142857142858,2.0,2.0469967258664346,1.001,1.0459967258664347,0.0,0,0.0,0.04095904095904096,189
1.3,concentrated,jsq,0,4,1313,1313,0,0.0,1.3769633507853403,2.0,2.0530149439325807,1.001,1.0520149439325808,0.0,0,0.0,0.04095904095904096,191
1.3,concentrated,jsq,0,5,1285,1285,0,0.0,1.335164835164835,2.0,2.0492784818120504,1.001,1.0482784818120505,0.0,0,0.0,0.023976023976023976,182
1.3,concentrated,jsq,0,6,1376,1376,0,0.0,1.2666666666666666,2.0,2.051847682849977,1.0,1.0518476828499772,0.0,0,0.0,0.021,195
1.3,concentrated,jsq,1,7,1244,1244,0,0.0,1.2076502732240437,2.0,2.064120381562195,1.0,1.0641203815621951,0.0,0,0.0,0.006,183
1.3,concentrated,jsq,1,8,1297,1297,0,0.0,1.2620320855614973,2.0,2.043385360061167,1.002,1.0413853600611669,0.0,0,0.0,0.023952095808383235,187
1.3,concentrated,jsq,1,9,1281,1281,0,0.0,1.1988950276243093,2.0,2.065310286510936,1.002,1.0633102865109358,0.0,0,0.0,0.003992015968063872,181
1.3,concentrated,jsq,1,10,1314,1314,0,0.0,1.3036649214659686,2.0,2.060265617636714,0.999,1.0612656176367141,0.0,0,0.0,0.018,191
1.3,concentrated,jsq,1,11,1322,1322,0,0.0,1.1727748691099475,2.0,2.0669853072164517,1.002,1.0649853072164517,0.0,0,0.0,0.013972055888223553,191
1.3,concentrated,jsq,1,12,1276,1276,0,0.0,1.2277777777777779,2.0,2.055301550380663,1.001,1.0543015503806632,0.0,0,0.0,0.01998001998001998,180
1.3,concentrated,jsq,2,13,1316,1316,0,0.0,1.3563829787234043,2.0,2.0616807823064343,1.002,1.0596807823064343,0.0,0,0.0,0.029940119760479042,188
1.3,concentrated,jsq,2,14,1297,1297,0,0.0,1.3224043715846994,2.0,2.0518996178882185,1.001,1.0508996178882186,0.0,0,0.0,0.029970029970029972,183
1.3,concentrated,jsq,2,15,1289,1289,0,0.0,1.289617486338798,2.0,2.056164991076316,1.001,1.0551649910763163,0.0,0,0.0,0.026973026973026972,183
1.3,concentrated,jsq,2,16,1248,1248,0,0.0,1.379120879120879,2.0,2.067435066138345,0.998,1.0694350661383452,0.0,0,0.0,0.036,182
1.3,concentrated,jsq,2,17,1340,1340,0,0.0,1.3692307692307693,2.0,2.062145812945645,1.002,1.060145812945645,0.0,0,0.0,0.03792415169660679,195
1.3,concentrated,jsq,2,18,1340,1340,0,0.0,1.5287958115183247,2.0,2.0619451751093942,1.0,1.0619451751093942,0.0,0,0.0,0.064,191
1.3,concentrated,jsq,3,19,1284,1284,0,0.0,1.2406417112299466,2.0,2.0483604670321123,1.002,1.0463604670321125,0.0,0,0.0,0.011976047904191617,187
1.3,concentrated,jsq,3,20,1308,1308,0,0.0,1.59375,2.0,2.0768846069429023,1.001,1.0758846069429024,0.0,0,0.0,0.07792207792207792,192
1.3,concentrated,jsq,3,21,1292,1292,0,0.0,1.25,2.0,2.05770588761744,0.999,1.05870588761744,0.0,0,0.0,0.017,184
1.3,concentrated,jsq,3,22,1313,1313,0,0.0,1.4526315789473685,3.099999999999966,2.056730286364955,1.001,1.0557302863649551,0.0,0,0.0,0.052947052947052944,190
1.3,concentrated,jsq,3,23,1279,1279,0,0.0,1.5945945945945945,5.599999999999966,2.0593349209834337,1.001,1.0583349209834338,0.0,0,0.0,0.08191808191808192,185
1.3,concentrated,jsq,3,24,1277,1277,0,0.0,1.312169312169312,2.0,2.065041791928498,1.001,1.0640417919284981,0.0,0,0.0,0.03296703296703297,189
1.3,concentrated,jsq,4,25,1281,1281,0,0.0,1.1573033707865168,2.0,2.0481834252141846,1.001,1.0471834252141847,0.0,0,0.0,0.000999000999000999,178
1.3,concentrated,jsq,4,26,1298,1298,0,0.0,1.638743455497382,4.0,2.065179415552821,1.002,1.0631794155528211,0.0,0,0.0,0.08083832335329341,191
1.3,concentrated,jsq,4,27,1293,1293,0,0.0,1.3523316062176165,2.0,2.062442244749935,1.001,1.061442244749935,0.0,0,0.0,0.03596403596403597,193
1.3,concentrated,jsq,4,28,1245,1245,0,0.0,1.6153846153846154,2.0,2.0668291188300163,0.999,1.0678291188300162,0.0,0,0.0,0.078,182
1.3,concentrated,jsq,4,29,1380,1380,0,0.0,1.4314720812182742,4.0,2.056039435973184,1.001,1.0550394359731843,0.0,0,0.0,0.060939060939060936,197
1.3,concentrated,jsq,4,30,1267,1267,0,0.0,1.304812834224599,2.0,2.0498912806543537,1.002,1.0478912806543534,0.0,0,0.0,0.018962075848303395,187
1.3,concentrated,ours,0,1,1288,1288,0,0.0,1.424294268605646,2.0,2.783994580333035,1.001,1.7829945803330347,0.0,0,0.0,0.061938061938061936,1169
1.3,concentrated,ours,0,2,1329,1329,0,0.0,1.5194256756756757,2.0,2.7883206661470212,1.001,1.7873206661470213,0.0,0,0.0,0.14185814185814186,1184
1.3,concentrated,ours,0,3,1323,1323,0,0.0,1.522184300341297,2.0,2.787826005257815,1.0,1.787826005257815,0.0,0,0.0,0.118,1172
1.3,concentrated,ours,0,4,1313,1313,0,0.0,1.5258092738407698,2.0,2.7771491713092544,1.001,1.7761491713092543,0.0,0,0.0,0.12687312687312688,1143
1.3,concentrated,ours,0,5,1285,1285,0,0.0,1.5,2.0,2.7749334005027575,1.001,1.7739334005027576,0.0,0,0.0,0.1008991008991009,1130
1.3,concentrated,ours,0,6,1376,1376,0,0.0,1.5687397708674304,3.0,2.7848412803340037,1.001,1.7838412803340038,0.0,0,0.0,0.2097902097902098,1222
1.3,concentrated,ours,1,7,1244,1244,0,0.0,1.5321428571428573,3.0,2.7440983607253546,1.0,1.7440983607253544,0.0,0,0.0,0.271,1400
1.3,concentrated,ours,1,8,1297,1297,0,0.0,1.5993333333333333,3.0,2.746537966815188,1.002,1.7445379668151877,0.0,0,0.0,0.41916167664670656,1500
1.3,concentrated,ours,1,9,1281,1281,0,0.0,1.4328049620951069,2.0,2.771026217836611,1.002,1.769026217836611,0.0,0,0.0,0.13972055888223553,1451
1.3,concentrated,ours,1,10,1314,1314,0,0.0,1.5063375583722483,2.0,2.7774426780392116,0.999,1.7784426780392117,0.0,0,0.0,0.253,1499
1.3,concentrated,ours,1,11,1322,1322,0,0.0,1.6052104208416833,3.0,2.77298320617459,1.002,1.7709832061745898,0.0,0,0.0,0.40119760479041916,1497
1.3,concentrated,ours,1,12,1276,1276,0,0.0,1.4531575294934074,2.0,2.7501712408129735,1.001,1.7491712408129736,0.0,0,0.0,0.18181818181818182,1441
1.3,concentrated,ours,2,13,1316,1316,0,0.0,1.5350118017309204,3.0,2.7787255021150097,1.002,1.77672550211501,0.0,0,0.0,0.20459081836327345,1271
1.3,concentrated,ours,2,14,1297,1297,0,0.0,1.4495830174374527,2.0,2.7742884731272004,1.001,1.7732884731272005,0.0,0,0.0,0.13286713286713286,1319
1.3,concentrated,ours,2,15,1289,1289,0,0.0,1.4846774193548387,2.0,2.7754024573484815,1.001,1.7744024573484813,0.0,0,0.0,0.14285714285714285,1240
1.3,concentrated,ours,2,16,1248,1248,0,0.0,1.4735557363710334,2.0,2.781206351933837,0.999,1.7822063519338367,0.0,0,0.0,0.125,1229
1.3,concentrated,ours,2,17,1340,1340,0,0.0,1.493920972644377,2.0,2.791448399309469,1.001,1.7904483993094693,0.0,0,0.0,0.16583416583416583,1316
1.3,concentrated,ours,2,18,1340,1340,0,0.0,1.5381132075471697,2.0,2.7926005409375367,1.001,1.7916005409375368,0.0,0,0.0,0.21178821178821178,1325
1.3,concentrated,ours,3,19,1284,1284,0,0.0,1.4774535809018567,2.0,2.785899485778634,1.002,1.783899485778634,0.0,0,0.0,0.08483033932135728,1131
1.3,concentrated,ours,3,20,1308,1308,0,0.0,1.5569506726457398,2.0,2.7737900740773753,1.002,1.7717900740773755,0.0,0,0.0,0.15269461077844312,1115
1.3,concentrated,ours,3,21,1292,1292,0,0.0,1.4806534823731727,2.0,2.796030289130154,1.0,1.796030289130154,0.0,0,0.0,0.107,1163
1.3,concentrated,ours,3,22,1313,1313,0,0.0,1.5385312783318223,2.0,2.7813333874722277,1.001,1.7803333874722278,0.0,0,0.0,0.14685314685314685,1103
1.3,concentrated,ours,3,23,1279,1279,0,0.0,1.4265360641139804,2.0,2.7789798494275253,1.001,1.7779798494275254,0.0,0,0.0,0.08091908091908091,1123
1.3,concentrated,ours,3,24,1277,1277,0,0.0,1.4922656960873522,2.0,2.7730292065061937,1.001,1.7720292065061938,0.0,0,0.0,0.1028971028971029,1099
1.3,concentrated,ours,4,25,1281,1281,0,0.0,1.450765864332604,2.0,2.778902493154782,1.001,1.777902493154782,0.0,0,0.0,0.14885114885114886,1371
1.3,concentrated,ours,4,26,1298,1298,0,0.0,1.6226685796269726,3.0,2.771889569345391,1.001,1.770889569345391,0.0,0,0.0,0.36863136863136864,1394
1.3,concentrated,ours,4,27,1293,1293,0,0.0,1.4922737306843268,2.0,2.782572027684467,1.001,1.7815720276844675,0.0,0,0.0,0.1998001998001998,1359
1.3,concentrated,ours,4,28,1245,1245,0,0.0,1.5,2.0,2.7731344620488954,0.998,1.7751344620488954,0.0,0,0.0,0.166,1264
1.3,concentrated,ours,4,29,1380,1380,0,0.0,1.5056899004267426,2.0,2.757990851423674,1.001,1.756990851423674,0.0,0,0.0,0.23876123876123875,1406
1.3,concentrated,ours,4,30,1267,1267,0,0.0,1.4569589702333066,2.0,2.7719687726389544,1.001,1.7709687726389545,0.0,0,0.0,0.1068931068931069,1243
1.3,concentrated,B3_use_queue_term_False,0,1,1288,1288,0,0.0,1.3721129170230966,2.0,2.789303931097118,1.001,1.7883039310971183,0.0,0,0.0,0.0,1169
1.3,concentrated,B3_use_queue_term_False,0,2,1329,1329,0,0.0,1.4020356234096691,2.0,2.7828098021854126,1.001,1.781809802185413,0.0,0,0.0,0.0,1179
1.3,concentrated,B3_use_queue_term_False,0,3,1323,1323,0,0.0,1.4266211604095562,2.0,2.7896714737315307,1.0,1.7896714737315307,0.0,0,0.0,0.0,1172
1.3,concentrated,B3_use_queue_term_False,0,4,1313,1313,0,0.0,1.4136125654450262,2.0,2.7850402325509362,1.001,1.7840402325509361,0.0,0,0.0,0.0,1146
1.3,concentrated,B3_use_queue_term_False,0,5,1285,1285,0,0.0,1.4081272084805654,2.0,2.7771798072498526,1.0,1.7771798072498526,0.0,0,0.0,0.0,1132
1.3,concentrated,B3_use_queue_term_False,0,6,1376,1376,0,0.0,1.388621794871795,2.0,2.7925296499962142,1.001,1.7915296499962146,0.0,0,0.0,0.0,1248
1.3,concentrated,B3_use_queue_term_False,1,7,1244,1244,0,0.0,1.3361823361823362,2.0,2.7500221349382508,1.0,1.7500221349382508,0.0,0,0.0,0.0,1404
1.3,concentrated,B3_use_queue_term_False,1,8,1297,1297,0,0.0,1.3157547791694133,2.0,2.756147992864544,1.002,1.754147992864544,0.0,0,0.0,0.0,1517
1.3,concentrated,B3_use_queue_term_False,1,9,1281,1281,0,0.0,1.3342447026657553,2.0,2.772683363569073,1.001,1.771683363569073,0.0,0,0.0,0.0,1463
1.3,concentrated,B3_use_queue_term_False,1,10,1314,1314,0,0.0,1.3396481732070364,2.0,2.776080023684934,1.0,1.776080023684934,0.0,0,0.0,0.0,1478
1.3,concentrated,B3_use_queue_term_False,1,11,1322,1322,0,0.0,1.3294194390084801,2.0,2.784067400884044,1.002,1.782067400884044,0.0,0,0.0,0.0,1533
1.3,concentrated,B3_use_queue_term_False,1,12,1276,1276,0,0.0,1.3280276816608996,2.0,2.7595296941057024,1.001,1.7585296941057027,0.0,0,0.0,0.0,1445
1.3,concentrated,B3_use_queue_term_False,2,13,1316,1316,0,0.0,1.3790901835594573,2.0,2.7785160825048356,1.002,1.7765160825048356,0.0,0,0.0,0.0,1253
1.3,concentrated,B3_use_queue_term_False,2,14,1297,1297,0,0.0,1.3654901960784314,2.0,2.776259125595613,1.001,1.7752591255956132,0.0,0,0.0,0.0,1275
1.3,concentrated,B3_use_queue_term_False,2,15,1289,1289,0,0.0,1.3672814755412992,2.0,2.7904880091850455,1.001,1.7894880091850458,0.0,0,0.0,0.0,1247
1.3,concentrated,B3_use_queue_term_False,2,16,1248,1248,0,0.0,1.3812292358803986,2.0,2.775356470512118,0.999,1.7763564705121182,0.0,0,0.0,0.0,1204
1.3,concentrated,B3_use_queue_term_False,2,17,1340,1340,0,0.0,1.3677028051554208,2.0,2.792029522432933,1.001,1.7910295224329331,0.0,0,0.0,0.0,1319
1.3,concentrated,B3_use_queue_term_False,2,18,1340,1340,0,0.0,1.3799849510910458,2.0,2.804540596333224,1.0,1.8045405963332242,0.0,0,0.0,0.0,1329
1.3,concentrated,B3_use_queue_term_False,3,19,1284,1284,0,0.0,1.4028268551236749,2.0,2.785022447846944,1.002,1.7830224478469439,0.0,0,0.0,0.0,1132
1.3,concentrated,B3_use_queue_term_False,3,20,1308,1308,0,0.0,1.4261992619926198,2.0,2.766787441392884,1.002,1.764787441392884,0.0,0,0.0,0.0,1084
1.3,concentrated,B3_use_queue_term_False,3,21,1292,1292,0,0.0,1.3977272727272727,2.0,2.797653776239657,1.0,1.7976537762396567,0.0,0,0.0,0.0,1144
1.3,concentrated,B3_use_queue_term_False,3,22,1313,1313,0,0.0,1.406840684068407,2.0,2.7908955764738717,1.002,1.7888955764738717,0.0,0,0.0,0.0,1111
1.3,concentrated,B3_use_queue_term_False,3,23,1279,1279,0,0.0,1.3485113835376532,2.0,2.782552100585688,1.001,1.7815521005856882,0.0,0,0.0,0.0,1142
1.3,concentrated,B3_use_queue_term_False,3,24,1277,1277,0,0.0,1.3972727272727272,2.0,2.784737888652491,1.002,1.782737888652491,0.0,0,0.0,0.0,1100
1.3,concentrated,B3_use_queue_term_False,4,25,1281,1281,0,0.0,1.3423753665689149,2.0,2.7776379440128807,1.001,1.7766379440128806,0.0,0,0.0,0.0,1364
1.3,concentrated,B3_use_queue_term_False,4,26,1298,1298,0,0.0,1.3662280701754386,2.0,2.7761717333184537,1.002,1.7741717333184535,0.0,0,0.0,0.0,1368
1.3,concentrated,B3_use_queue_term_False,4,27,1293,1293,0,0.0,1.339194139194139,2.0,2.787334095446244,1.001,1.7863340954462443,0.0,0,0.0,0.0,1365
1.3,concentrated,B3_use_queue_term_False,4,28,1245,1245,0,0.0,1.3718152866242037,2.0,2.7715629738972156,0.999,1.7725629738972157,0.0,0,0.0,0.0,1256
1.3,concentrated,B3_use_queue_term_False,4,29,1380,1380,0,0.0,1.3371592539454806,2.0,2.764854337275075,1.001,1.763854337275075,0.0,0,0.0,0.0,1394
1.3,concentrated,B3_use_queue_term_False,4,30,1267,1267,0,0.0,1.3666134185303513,2.0,2.7865823250266137,1.001,1.7855823250266136,0.0,0,0.0,0.0,1252
1.3,distributed,baseline,0,1,1288,1288,0,0.0,36.67741935483871,117.0,2.004203125248117,1.032,0.9722031252481171,0.0,0,0.5241379310344828,7.295542635658915,186
1.3,distributed,baseline,0,2,1329,1329,0,0.0,33.126315789473686,135.54999999999998,2.0095779438217654,1.033,0.9765779438217653,0.0,0,0.5221153846153846,7.119070667957406,190
1.3,distributed,baseline,0,3,1323,1323,0,0.003779289493575208,40.82142857142857,130.0,2.0153525634292238,1.045,0.9702664955917053,8.606783751891583e-05,0,0.5431924882629108,8.633492822966508,196
1.3,distributed,baseline,0,4,1313,1313,0,0.0,33.30890052356021,103.0,1.9951286564101167,1.013,0.9821286564101168,0.0,0,0.5528571428571428,7.250740375123396,191
1.3,distributed,baseline,0,5,1285,1285,0,0.0,36.20765027322405,113.70000000000002,2.000542248096153,1.037,0.9635422480961532,0.0,0,0.5562814070351759,7.529411764705882,183
1.3,distributed,baseline,0,6,1376,1356,20,0.5574127906976745,54.35175879396985,180.1,2.691325647300631,1.135,0.98173940193371,0.5745862453669205,0,0.5403669724770642,10.794713656387666,199
1.3,distributed,baseline,1,7,1244,1244,0,0.24196141479099678,48.13966480446928,211.69999999999996,2.2336149166456103,1.103,0.9729740897753804,0.1576408268702297,0,0.6061224489795919,9.242973708068902,179
1.3,distributed,baseline,1,8,1297,1037,260,0.4302235929067078,88.73381294964028,266.79999999999995,4.132989006618301,1.135,0.9420980366619052,2.0558909699563954,0,0.6246835443037975,12.741850220264316,139
1.3,distributed,baseline,1,9,1281,1247,34,0.4972677595628415,63.56497175141243,205.1999999999997,2.8722935087106656,1.135,0.965300074463326,0.7719934342473397,0,0.6316062176165803,10.919823788546255,177
1.3,distributed,baseline,1,10,1314,1075,239,0.4672754946727549,78.65605095541402,219.2,4.287214253456126,1.135,0.9764114998572683,2.175802753598857,0,0.6295454545454545,12.604405286343612,157
1.3,distributed,baseline,1,11,1322,1193,129,0.4962178517397882,64.87719298245614,278.5,3.395405612647081,1.135,0.9685941371746933,1.2918114754723875,0,0.5952380952380952,11.279295154185021,171
1.3,distributed,baseline,1,12,1276,1047,229,0.46238244514106586,74.84563758389261,285.5999999999999,3.9142910630393937,1.135,0.9506928477978253,1.8285982152415687,0,0.618452380952381,11.863436123348018,149
1.3,distributed,baseline,2,13,1316,1316,0,0.08358662613981763,43.64171122994652,169.7,1.9972788128424592,1.011,0.9782555093027061,0.008023303539753194,0,0.574384236453202,8.6053412462908,187
1.3,distributed,baseline,2,14,1297,1297,0,0.0,34.50777202072539,164.5999999999999,1.990629208801987,1.002,0.988629208801987,0.0,0,0.6004854368932039,6.733532934131737,193
1.3,distributed,baseline,2,15,1289,1289,0,0.027152831652443754,37.50819672131148,151.50000000000003,2.0190666121474594,1.045,0.972421287128875,0.0016453250185843224,0,0.5835820895522388,7.899521531100478,183
1.3,distributed,baseline,2,16,1248,1248,0,0.0,33.675977653631286,108.79999999999995,2.004093965570869,1.032,0.9720939655708692,0.0,0,0.6197969543147208,7.156976744186046,179
1.3,distributed,baseline,2,17,1340,1340,0,0.0,29.918367346938776,110.75,1.9920158193955344,1.002,0.9900158193955344,0.0,0,0.6053140096618358,6.045908183632735,196
1.3,distributed,baseline,2,18,1340,1340,0,0.0,44.98453608247423,134.35,2.0126296312322873,1.032,0.9806296312322872,0.0,0,0.5928909952606635,9.330426356589147,194
1.3,distributed,baseline,3,19,1284,1284,0,0.0,31.155080213903744,129.19999999999993,1.9961471484744662,1.032,0.964147148474466,0.0,0,0.5380487804878049,6.862403100775194,187
1.3,distributed,baseline,3,20,1308,1308,0,0.0,41.16931216931217,179.79999999999995,1.966486084137987,1.002,0.9644860841379871,0.0,0,0.5516908212560386,8.793413173652695,189
1.3,distributed,baseline,3,21,1292,1292,0,0.0,23.948453608247423,82.35,1.9888868010637832,1.0,0.9888868010637833,0.0,0,0.5809756097560975,5.06,194
1.3,distributed,baseline,3,22,1313,1313,0,0.1782178217821782,38.23936170212766,174.0,2.1078479331634434,1.079,0.9622093085336163,0.06663862462982721,0,0.5757281553398058,8.589434661723818,188
1.3,distributed,baseline,3,23,1279,1279,0,0.0,26.607734806629836,91.0,1.9820637337304932,1.016,0.9660637337304931,0.0,0,0.5227272727272727,6.290354330708661,181
1.3,distributed,baseline,3,24,1277,1277,0,0.0,30.278947368421054,99.2999999999999,1.9997987525200576,1.029,0.9707987525200577,0.0,0,0.5723300970873786,6.297376093294461,190
1.3,distributed,baseline,4,25,1281,1063,218,0.44418423106947696,73.55704697986577,439.6,4.2857772748189795,1.135,0.9485245959397244,2.2022526788792556,0,0.6266272189349112,12.284581497797356,149
1.3,distributed,baseline,4,26,1298,944,354,0.17873651771956856,63.00757575757576,346.5499999999998,3.9156679933930265,1.135,0.9228851430915235,1.8577828503015035,0,0.6386666666666667,11.576211453744493,132
1.3,distributed,baseline,4,27,1293,964,329,0.30549110595514306,69.73381294964028,401.1,4.2366822437216864,1.135,0.9302145450920902,2.171467698629596,0,0.6264150943396226,12.612334801762115,139
1.3,distributed,baseline,4,28,1245,1193,52,0.3100401606425703,53.456647398843934,253.0,2.6276437535843176,1.135,0.9644816605548441,0.5281620930294733,0,0.633160621761658,10.50044052863436,173
1.3,distributed,baseline,4,29,1380,1106,274,0.358695652173913,64.57142857142857,375.0,3.9783444558986814,1.135,0.9475776674522326,1.8957667884464489,0,0.6259668508287293,12.616740088105727,161
1.3,distributed,baseline,4,30,1267,1267,0,0.16416732438831885,45.851063829787236,228.20000000000005,2.082892688270625,1.065,0.9729557149996854,0.044936973270939665,0,0.6063725490196078,10.104225352112676,188
1.3,distributed,jsq,0,1,1288,1288,0,0.0,6.041666666666667,32.0,2.036316065083426,1.001,1.035316065083426,0.0,0,0.5437185929648242,0.983016983016983,192
1.3,distributed,jsq,0,2,1329,1329,0,0.0,6.634146341463414,32.0,2.0468289387549987,1.002,1.0448289387549985,0.0,0,0.5464788732394367,1.181636726546906,205
1.3,distributed,jsq,0,3,1323,1323,0,0.0,6.435233160621761,28.199999999999932,2.0356814712998696,1.0,1.0356814712998699,0.0,0,0.593170731707317,1.064,193
1.3,distributed,jsq,0,4,1313,1313,0,0.0,5.333333333333333,30.0,2.0464296035453913,1.001,1.0454296035453912,0.0,0,0.5408653846153846,0.9080919080919081,201
1.3,distributed,jsq,0,5,1285,1285,0,0.0,6.12041884816754,30.0,2.030890437997746,1.0,1.0308904379977462,0.0,0,0.5606060606060606,1.003,191
1.3,distributed,jsq,0,6,1376,1376,0,0.0,5.529126213592233,29.75,2.0539446435942583,1.001,1.0529446435942582,0.0,0,0.5584905660377358,0.926073926073926,206
1.3,distributed,jsq,1,7,1244,1244,0,0.0,7.940860215053763,33.75,2.041189494037532,1.0,1.041189494037532,0.0,0,0.6255102040816326,1.319,186
1.3,distributed,jsq,1,8,1297,1297,0,0.0,15.908163265306122,103.75,2.029840500653067,1.002,1.027840500653067,0.0,0,0.6148325358851675,3.5199600798403194,196
1.3,distributed,jsq,1,9,1281,1281,0,0.0,8.756756756756756,46.19999999999993,2.02951206186469,1.002,1.0275120618646896,0.0,0,0.6201005025125628,1.7225548902195609,185
1.3,distributed,jsq,1,10,1314,1314,0,0.0,8.616161616161616,36.14999999999998,2.0515533100722854,0.999,1.0525533100722853,0.0,0,0.6180487804878049,1.552,198
1.3,distributed,jsq,1,11,1322,1322,0,0.0,10.50253807106599,43.19999999999999,2.047581763314761,1.002,1.0455817633147606,0.0,0,0.635609756097561,1.9500998003992016,197
1.3,distributed,jsq,1,12,1276,1276,0,0.0,7.036649214659686,31.0,2.042735298473862,1.001,1.0417352984738624,0.0,0,0.6157635467980296,1.2237762237762237,191
1.3,distributed,jsq,2,13,1316,1316,0,0.0,7.213197969543147,33.0,2.0411621151249477,1.002,1.0391621151249475,0.0,0,0.6184466019417476,1.2325349301397206,197
1.3,distributed,jsq,2,14,1297,1297,0,0.0,7.211055276381909,33.0,2.0403693661437945,1.002,1.0383693661437945,0.0,0,0.5888888888888889,1.2205588822355289,199
1.3,distributed,jsq,2,15,1289,1289,0,0.0,8.195876288659793,33.0,2.0482762165714234,1.001,1.0472762165714233,0.0,0,0.5934673366834171,1.4095904095904095,194
1.3,distributed,jsq,2,16,1248,1248,0,0.0,6.767195767195767,33.599999999999994,2.0659668180874995,0.998,1.0679668180874997,0.0,0,0.5723076923076923,1.117,189
1.3,distributed,jsq,2,17,1340,1340,0,0.0,6.951219512195122,29.0,2.0488913391803116,1.002,1.0468913391803119,0.0,0,0.580952380952381,1.2345309381237526,205
1.3,distributed,jsq,2,18,1340,1340,0,0.0,8.171717171717171,33.0,2.041113694517269,1.001,1.0401136945172693,0.0,0,0.6033492822966507,1.5224775224775224,198
1.3,distributed,jsq,3,19,1284,1284,0,0.0,7.01015228426396,32.0,2.0438008431606427,1.002,1.041800843160643,0.0,0,0.5504901960784314,1.2644710578842315,197
1.3,distributed,jsq,3,20,1308,1308,0,0.0,7.12041884816754,32.0,2.036037363935181,1.001,1.0350373639351813,0.0,0,0.563265306122449,1.1858141858141857,191
1.3,distributed,jsq,3,21,1292,1292,0,0.0,5.683673469387755,23.5,2.0427546148619484,1.0,1.0427546148619484,0.0,0,0.5742574257425742,0.905,196
1.3,distributed,jsq,3,22,1313,1313,0,0.0,5.809278350515464,28.69999999999999,2.042929872955533,1.002,1.0409298729555332,0.0,0,0.5787128712871287,0.9800399201596807,194
1.3,distributed,jsq,3,23,1279,1279,0,0.0,5.864583333333333,29.899999999999977,2.040088218719575,1.002,1.038088218719575,0.0,0,0.5552238805970149,0.9900199600798403,192
1.3,distributed,jsq,3,24,1277,1277,0,0.0,7.123076923076923,31.299999999999983,2.0455846709903303,1.002,1.0435846709903303,0.0,0,0.5793103448275863,1.2125748502994012,195
1.3,distributed,jsq,4,25,1281,1281,0,0.0,12.619791666666666,66.44999999999999,2.0345924195514025,1.002,1.0325924195514022,0.0,0,0.6206896551724138,2.3313373253493013,192
1.3,distributed,jsq,4,26,1298,1298,0,0.0,13.057591623036648,75.5,2.012446782254925,1.002,1.010446782254925,0.0,0,0.6401960784313725,2.846307385229541,191
1.3,distributed,jsq,4,27,1293,1293,0,0.0,11.416243654822335,47.19999999999999,2.0383791096076713,1.001,1.0373791096076712,0.0,0,0.636231884057971,2.1418581418581417,197
1.3,distributed,jsq,4,28,1245,1245,0,0.0,8.663101604278076,43.799999999999955,2.0158774286812973,0.999,1.0168774286812972,0.0,0,0.6197969543147208,1.929,187
1.3,distributed,jsq,4,29,1380,1380,0,0.0,16.148325358851675,73.6,2.0278035811450623,1.002,1.0258035811450623,0.0,0,0.6429864253393666,3.404191616766467,209
1.3,distributed,jsq,4,30,1267,1267,0,0.0,8.194871794871794,35.499999999999915,2.0347097853577796,1.002,1.0327097853577796,0.0,0,0.6164179104477612,1.404191616766467,195
1.3,distributed,ours,0,1,1288,1288,0,0.0,1.3288135593220338,3.0,2.379899232017692,1.002,1.377899232017692,0.0,0,0.18336713995943205,0.4301397205588822,1475
1.3,distributed,ours,0,2,1329,1329,0,0.0,1.3859764089121887,3.0,2.3883970847069476,1.001,1.3873970847069474,0.0,0,0.1828981723237598,0.5224775224775224,1526
1.3,distributed,ours,0,3,1323,1323,0,0.0,1.3509127789046653,3.0,2.3820496607027715,1.0,1.3820496607027715,0.0,0,0.1944220430107527,0.457,1479
1.3,distributed,ours,0,4,1313,1313,0,0.0,1.3910427807486632,3.0,2.3815687349397567,1.001,1.3805687349397566,0.0,0,0.18908848968729208,0.5244755244755245,1496
1.3,distributed,ours,0,5,1285,1285,0,0.0,1.330123796423659,3.0,2.3795080847927803,1.001,1.3785080847927802,0.0,0,0.18427887901572113,0.4405594405594406,1454
1.3,distributed,ours,0,6,1376,1376,0,0.0,1.3969849246231156,3.0,2.3876810720003023,1.001,1.3866810720003027,0.0,0,0.18670012547051443,0.5774225774225774,1592
1.3,distributed,ours,1,7,1244,1244,0,0.0,2.192102454642476,5.0,2.452821559564599,1.0,1.4528215595645988,0.0,0,0.18617021276595744,2.032,1874
1.3,distributed,ours,1,8,1297,1297,0,0.0,2.457128099173554,6.0,2.4992468283750053,1.002,1.4972468283750053,0.0,0,0.196,2.5668662674650697,1936
1.3,distributed,ours,1,9,1281,1281,0,0.0,2.1145996860282574,5.0,2.4773305030397186,1.002,1.4753305030397188,0.0,0,0.19453409682457054,1.9211576846307385,1911
1.3,distributed,ours,1,10,1314,1314,0,0.0,2.1537672988211174,5.0,2.4566087655975704,1.0,1.4566087655975704,0.0,0,0.20117767537122375,2.038,1951
1.3,distributed,ours,1,11,1322,1322,0,0.0,2.2185929648241207,6.0,2.510184584407635,1.002,1.5081845844076347,0.0,0,0.18890562248995985,2.165668662674651,1990
1.3,distributed,ours,1,12,1276,1276,0,0.0,2.1031149301825995,5.0,2.456333365389531,1.001,1.4553333653895308,0.0,0,0.19464668094218415,1.8401598401598402,1862
1.3,distributed,ours,2,13,1316,1316,0,0.0,1.6456059735784032,4.0,2.428493537706718,1.002,1.4264935377067176,0.0,0,0.18515759312320917,1.0,1741
1.3,distributed,ours,2,14,1297,1297,0,0.0,1.6418338108882522,4.0,2.4329459489549166,1.001,1.431945948954917,0.0,0,0.18754285714285715,1.004995004995005,1745
1.3,distributed,ours,2,15,1289,1289,0,0.0,1.6332002281802624,4.0,2.4409186537544314,1.002,1.4389186537544314,0.0,0,0.17586795674445077,0.998003992015968,1753
1.3,distributed,ours,2,16,1248,1248,0,0.0,1.6736276849642004,4.0,2.437407468530341,0.999,1.4384074685303412,0.0,0,0.19154258487194759,0.999,1676
1.3,distributed,ours,2,17,1340,1340,0,0.0,1.6555555555555554,4.0,2.437935078857435,1.002,1.4359350788574352,0.0,0,0.1742651136993899,1.062874251497006,1800
1.3,distributed,ours,2,18,1340,1340,0,0.0,1.9043956043956043,5.0,2.4674108132566976,1.001,1.4664108132566978,0.0,0,0.1856359649122807,1.4995004995004995,1820
1.3,distributed,ours,3,19,1284,1284,0,0.0,1.3531746031746033,3.0,2.3804500194046483,1.002,1.3784500194046485,0.0,0,0.2161929940515532,0.46706586826347307,1512
1.3,distributed,ours,3,20,1308,1308,0,0.0,1.547991831177672,4.0,2.382675676963763,1.002,1.380675676963763,0.0,0,0.22285714285714286,0.7115768463073853,1469
1.3,distributed,ours,3,21,1292,1292,0,0.0,1.3892339544513457,3.0,2.380277252865094,0.999,1.381277252865094,0.0,0,0.22317744154057773,0.481,1449
1.3,distributed,ours,3,22,1313,1313,0,0.0,1.447351209941138,3.0,2.392478316043719,1.001,1.391478316043719,0.0,0,0.21200260926288322,0.5884115884115884,1529
1.3,distributed,ours,3,23,1279,1279,0,0.0,1.434108527131783,3.0,2.379086214801718,1.002,1.377086214801718,0.0,0,0.20115830115830116,0.6157684630738522,1548
1.3,distributed,ours,3,24,1277,1277,0,0.0,1.4330601092896176,3.0,2.3822038278282553,1.001,1.3812038278282555,0.0,0,0.22061433447098977,0.5614385614385614,1464
1.3,distributed,ours,4,25,1281,1281,0,0.0,3.04059243006034,9.899999999999864,2.437786621316931,1.001,1.436786621316931,0.0,0,0.23191256830601092,3.5704295704295705,1823
1.3,distributed,ours,4,26,1298,1298,0,0.0,2.202986725663717,6.0,2.437697840146904,1.002,1.4356978401469038,0.0,0,0.2185226019845645,2.06187624750499,1808
1.3,distributed,ours,4,27,1293,1293,0,0.0,2.3437328954570336,6.0,2.446515232802209,1.001,1.445515232802209,0.0,0,0.22938931297709925,2.3576423576423577,1827
1.3,distributed,ours,4,28,1245,1245,0,0.0,2.177814938684504,5.0,2.4340914468140635,0.999,1.4350914468140636,0.0,0,0.2278797996661102,1.982,1794
1.3,distributed,ours,4,29,1380,1380,0,0.0,2.085714285714286,5.0,2.4491054525470015,1.002,1.4471054525470015,0.0,0,0.21645,2.0518962075848304,1995
1.3,distributed,ours,4,30,1267,1267,0,0.0,1.843609865470852,5.0,2.4185769113177376,1.002,1.4165769113177376,0.0,0,0.2111235326998323,1.401197604790419,1784
1.3,distributed,B3_use_queue_term_False,0,1,1288,1288,0,0.0,1.0066934404283803,1.0,2.25474409975107,1.001,1.25374409975107,0.0,0,0.18590514362057448,0.0,1494
1.3,distributed,B3_use_queue_term_False,0,2,1329,1329,0,0.0,1.0082961072112318,1.0,2.2640998119715583,1.002,1.262099811971558,0.0,0,0.1949713558243157,0.0,1567
1.3,distributed,B3_use_queue_term_False,0,3,1323,1323,0,0.0,1.0073431241655542,1.0,2.2573941993094246,1.001,1.256394199309425,0.0,0,0.19680213191205861,0.0,1498
1.3,distributed,B3_use_queue_term_False,0,4,1313,1313,0,0.0,1.0066050198150593,1.0,2.2496832408228515,1.0,1.2496832408228513,0.0,0,0.19506578947368422,0.0,1514
1.3,distributed,B3_use_queue_term_False,0,5,1285,1285,0,0.0,1.0081855388813097,1.0,2.243133110349647,1.001,1.2421331103496474,0.0,0,0.1966078697421981,0.0,1466
1.3,distributed,B3_use_queue_term_False,0,6,1376,1376,0,0.0,1.0037290242386576,1.0,2.2570469582005073,1.001,1.2560469582005076,0.0,0,0.19422360248447204,0.0,1609
1.3,distributed,B3_use_queue_term_False,1,7,1244,1244,0,0.0,1.0399032648125757,1.0,2.271437012569488,1.001,1.270437012569488,0.0,0,0.22498494882600842,0.0,1654
1.3,distributed,B3_use_queue_term_False,1,8,1297,1297,0,0.0,1.0443433769187038,1.0,2.297355957396758,1.002,1.295355957396758,0.0,0,0.2188807235726399,0.0,1759
1.3,distributed,B3_use_queue_term_False,1,9,1281,1281,0,0.0,1.0355300859598855,1.0,2.275177041044733,1.003,1.272177041044733,0.0,0,0.22873497424155695,0.0,1745
1.3,distributed,B3_use_queue_term_False,1,10,1314,1314,0,0.0,1.0401561628555493,1.0,2.287820694920976,0.999,1.2888206949209757,0.0,0,0.22328690807799442,0.0,1793
1.3,distributed,B3_use_queue_term_False,1,11,1322,1322,0,0.0,1.042128603104213,1.0,2.283960659399039,1.002,1.2819606593990391,0.0,0,0.22826327433628318,0.0,1804
1.3,distributed,B3_use_queue_term_False,1,12,1276,1276,0,0.0,1.041237113402062,1.0,2.278397944774321,1.001,1.277397944774321,0.0,0,0.21274285714285715,0.0,1746
1.3,distributed,B3_use_queue_term_False,2,13,1316,1316,0,0.0,1.0197789412449099,1.0,2.2670535887032273,1.002,1.2650535887032275,0.0,0,0.19687137891077636,0.0,1719
1.3,distributed,B3_use_queue_term_False,2,14,1297,1297,0,0.0,1.0178365937859608,1.0,2.2476095655372466,1.002,1.2456095655372466,0.0,0,0.21762342135476465,0.0,1738
1.3,distributed,B3_use_queue_term_False,2,15,1289,1289,0,0.0,1.021889400921659,1.0,2.2683985870548056,1.002,1.2663985870548056,0.0,0,0.19297639608520437,0.0,1736
1.3,distributed,B3_use_queue_term_False,2,16,1248,1248,0,0.0,1.022099447513812,1.0,2.2626013765897093,0.999,1.2636013765897094,0.0,0,0.21060698957694665,0.0,1629
1.3,distributed,B3_use_queue_term_False,2,17,1340,1340,0,0.0,1.0183537263626252,1.0,2.252343488419834,1.002,1.250343488419834,0.0,0,0.19772222222222222,0.0,1798
1.3,distributed,B3_use_queue_term_False,2,18,1340,1340,0,0.0,1.021324354657688,1.0,2.254993111854686,1.001,1.2539931118546863,0.0,0,0.20123180291153414,0.0,1782
1.3,distributed,B3_use_queue_term_False,3,19,1284,1284,0,0.0,1.0044416243654823,1.0,2.2250860738153184,1.002,1.2230860738153182,0.0,0,0.22102596580113995,0.0,1576
1.3,distributed,B3_use_queue_term_False,3,20,1308,1308,0,0.0,1.0102960102960103,1.0,2.2295582144811537,1.002,1.2275582144811537,0.0,0,0.2232947232947233,0.0,1554
1.3,distributed,B3_use_queue_term_False,3,21,1292,1292,0,0.0,1.0104166666666667,1.0,2.2265367737894692,0.999,1.2275367737894693,0.0,0,0.2111038961038961,0.0,1536
1.3,distributed,B3_use_queue_term_False,3,22,1313,1313,0,0.0,1.0044416243654823,1.0,2.224486841785506,1.002,1.2224868417855062,0.0,0,0.2302030456852792,0.0,1576
1.3,distributed,B3_use_queue_term_False,3,23,1279,1279,0,0.0,1.0044785668586051,1.0,2.2262169135744703,1.002,1.2242169135744703,0.0,0,0.20918367346938777,0.0,1563
1.3,distributed,B3_use_queue_term_False,3,24,1277,1277,0,0.0,1.0058862001308044,1.0,2.2302754282002706,1.002,1.2282754282002706,0.0,0,0.21899477806788512,0.0,1529
1.3,distributed,B3_use_queue_term_False,4,25,1281,1281,0,0.0,1.0,1.0,2.2229727034200053,1.001,1.2219727034200052,0.0,0,0.23598615916955018,0.0,1728
1.3,distributed,B3_use_queue_term_False,4,26,1298,1298,0,0.0,1.0,1.0,2.2298603197973614,1.001,1.2288603197973613,0.0,0,0.24061971830985915,0.0,1772
1.3,distributed,B3_use_queue_term_False,4,27,1293,1293,0,0.0,1.0,1.0,2.233461051559428,1.001,1.2324610515594279,0.0,0,0.2392134181607866,0.0,1727
1.3,distributed,B3_use_queue_term_False,4,28,1245,1245,0,0.0,1.0,1.0,2.2171952113028195,0.999,1.2181952113028194,0.0,0,0.24289085545722713,0.0,1692
1.3,distributed,B3_use_queue_term_False,4,29,1380,1380,0,0.0,1.0,1.0,2.216361256275221,1.002,1.214361256275221,0.0,0,0.24548369855692143,0.0,1870
1.3,distributed,B3_use_queue_term_False,4,30,1267,1267,0,0.0,1.0,1.0,2.220229436409488,1.001,1.219229436409488,0.0,0,0.24274764150943395,0.0,1690
1.6,concentrated,baseline,0,1,1589,1589,0,0.0,1.6607929515418502,4.699999999999989,2.06862540853475,1.002,1.0666254085347502,0.0,0,0.0,0.10778443113772455,227
1.6,concentrated,baseline,0,2,1630,1630,0,0.0,1.847457627118644,7.0,2.073821126139106,1.003,1.070821126139106,0.0,0,0.0,0.16450648055832504,236
1.6,concentrated,baseline,0,3,1617,1617,0,0.0,2.092436974789916,7.149999999999977,2.0563925181907434,1.001,1.0553925181907438,0.0,0,0.0,0.24175824175824176,238
1.6,concentrated,baseline,0,4,1613,1613,0,0.0,1.953781512605042,7.0,2.066986662743793,1.002,1.0649866627437934,0.0,0,0.0,0.18762475049900199,238
1.6,concentrated,baseline,0,5,1617,1617,0,0.0,2.0588235294117645,7.149999999999977,2.070739622486359,1.002,1.0687396224863588,0.0,0,0.0,0.2085828343313373,238
1.6,concentrated,baseline,0,6,1705,1705,0,0.0,2.4979757085020244,9.0,2.059131044007319,1.002,1.057131044007319,0.0,0,0.0,0.33532934131736525,247
1.6,concentrated,baseline,1,7,1570,1570,0,0.0,2.211453744493392,9.0,2.067232970832487,1.001,1.066232970832487,0.0,0,0.0,0.23076923076923078,227
1.6,concentrated,baseline,1,8,1546,1546,0,0.0,2.3214285714285716,9.0,2.066292929282792,1.002,1.0642929292827918,0.0,0,0.0,0.25249500998003993,224
1.6,concentrated,baseline,1,9,1570,1570,0,0.0,1.747787610619469,6.0,2.061762519383948,1.002,1.0597625193839482,0.0,0,0.0,0.13672654690618763,226
1.6,concentrated,baseline,1,10,1595,1595,0,0.0,1.7792207792207793,5.0,2.0656570159343937,1.002,1.0636570159343937,0.0,0,0.0,0.1377245508982036,231
1.6,concentrated,baseline,1,11,1610,1610,0,0.0,2.244635193133047,8.0,2.0695750256655585,1.002,1.0675750256655585,0.0,0,0.0,0.3193612774451098,233
1.6,concentrated,baseline,1,12,1554,1554,0,0.0,1.8347826086956522,5.0,2.0679047262472707,1.002,1.0659047262472705,0.0,0,0.0,0.14870259481037923,230
1.6,concentrated,baseline,2,13,1618,1618,0,0.0,2.0,8.599999999999994,2.0621776490198966,1.002,1.0601776490198966,0.0,0,0.0,0.1966067864271457,229
1.6,concentrated,baseline,2,14,1596,1596,0,0.0,1.8571428571428572,6.0,2.063903470002522,1.002,1.0619034700025223,0.0,0,0.0,0.16067864271457086,231
1.6,concentrated,baseline,2,15,1594,1594,0,0.0,1.74235807860262,6.0,2.0677940622089146,1.001,1.0667940622089147,0.0,0,0.0,0.12387612387612387,229
1.6,concentrated,baseline,2,16,1548,1548,0,0.0,1.5246636771300448,3.0,2.076519971120563,1.001,1.0755199711205632,0.0,0,0.0,0.08191808191808192,223
1.6,concentrated,baseline,2,17,1649,1649,0,0.0,1.8143459915611815,6.199999999999989,2.0593898125146666,1.002,1.0573898125146666,0.0,0,0.0,0.17964071856287425,237
1.6,concentrated,baseline,2,18,1666,1666,0,0.0,3.2663934426229506,13.0,2.069620824033482,1.001,1.068620824033482,0.0,0,0.0,0.5084915084915085,244
1.6,concentrated,baseline,3,19,1595,1595,0,0.0,2.9063829787234043,11.299999999999983,2.0663295774849333,1.003,1.0633295774849332,0.0,0,0.0,0.4127617148554337,235
1.6,concentrated,baseline,3,20,1605,1605,0,0.0,1.868421052631579,7.0,2.068475130280329,1.002,1.0664751302803293,0.0,0,0.0,0.14471057884231536,228
1.6,concentrated,baseline,3,21,1566,1566,0,0.0,2.7017543859649122,14.649999999999977,2.075621174508053,1.001,1.074621174508053,0.0,0,0.0,0.34065934065934067,228
1.6,concentrated,baseline,3,22,1629,1629,0,0.0,2.2435897435897436,8.0,2.067360184485408,1.0,1.067360184485408,0.0,0,0.0,0.293,234
1.6,concentrated,baseline,3,23,1578,1578,0,0.0,1.71875,5.849999999999994,2.0542395934967073,1.002,1.0522395934967073,0.0,0,0.0,0.13273453093812376,224
1.6,concentrated,baseline,3,24,1598,1598,0,0.0,2.004291845493562,7.0,2.0645801572658105,1.001,1.0635801572658103,0.0,0,0.0,0.2597402597402597,233
1.6,concentrated,baseline,4,25,1578,1578,0,0.0,2.125,9.0,2.07715794048842,1.002,1.07515794048842,0.0,0,0.0,0.218562874251497,232
1.6,concentrated,baseline,4,26,1594,1594,0,0.0,3.320675105485232,12.199999999999989,2.068940337647334,1.002,1.066940337647334,0.0,0,0.0,0.5149700598802395,237
1.6,concentrated,baseline,4,27,1583,1583,0,0.0,2.2620087336244543,9.0,2.06180976162691,1.001,1.06080976162691,0.0,0,0.0,0.25374625374625376,229
1.6,concentrated,baseline,4,28,1574,1574,0,0.0,2.1652173913043478,8.0,2.0523041060000997,1.002,1.0503041060001,0.0,0,0.0,0.2275449101796407,230
1.6,concentrated,baseline,4,29,1686,1686,0,0.0,2.182926829268293,9.0,2.0584930705578417,1.001,1.057493070557842,0.0,0,0.0,0.25074925074925075,246
1.6,concentrated,baseline,4,30,1525,1525,0,0.0,1.7297297297297298,4.949999999999989,2.0514031850760235,1.003,1.0484031850760234,0.0,0,0.0,0.11864406779661017,222
1.6,concentrated,jsq,0,1,1589,1589,0,0.0,1.6607929515418502,4.699999999999989,2.06862540853475,1.002,1.0666254085347502,0.0,0,0.0,0.10778443113772455,227
1.6,concentrated,jsq,0,2,1630,1630,0,0.0,1.847457627118644,7.0,2.073821126139106,1.003,1.070821126139106,0.0,0,0.0,0.16450648055832504,236
1.6,concentrated,jsq,0,3,1617,1617,0,0.0,2.092436974789916,7.149999999999977,2.0563925181907434,1.001,1.0553925181907438,0.0,0,0.0,0.24175824175824176,238
1.6,concentrated,jsq,0,4,1613,1613,0,0.0,1.953781512605042,7.0,2.066986662743793,1.002,1.0649866627437934,0.0,0,0.0,0.18762475049900199,238
1.6,concentrated,jsq,0,5,1617,1617,0,0.0,2.0588235294117645,7.149999999999977,2.070739622486359,1.002,1.0687396224863588,0.0,0,0.0,0.2085828343313373,238
1.6,concentrated,jsq,0,6,1705,1705,0,0.0,2.4979757085020244,9.0,2.059131044007319,1.002,1.057131044007319,0.0,0,0.0,0.33532934131736525,247
1.6,concentrated,jsq,1,7,1570,1570,0,0.0,2.211453744493392,9.0,2.067232970832487,1.001,1.066232970832487,0.0,0,0.0,0.23076923076923078,227
1.6,concentrated,jsq,1,8,1546,1546,0,0.0,2.3214285714285716,9.0,2.066292929282792,1.002,1.0642929292827918,0.0,0,0.0,0.25249500998003993,224
1.6,concentrated,jsq,1,9,1570,1570,0,0.0,1.747787610619469,6.0,2.061762519383948,1.002,1.0597625193839482,0.0,0,0.0,0.13672654690618763,226
1.6,concentrated,jsq,1,10,1595,1595,0,0.0,1.7792207792207793,5.0,2.0656570159343937,1.002,1.0636570159343937,0.0,0,0.0,0.1377245508982036,231
1.6,concentrated,jsq,1,11,1610,1610,0,0.0,2.244635193133047,8.0,2.0695750256655585,1.002,1.0675750256655585,0.0,0,0.0,0.3193612774451098,233
1.6,concentrated,jsq,1,12,1554,1554,0,0.0,1.8347826086956522,5.0,2.0679047262472707,1.002,1.0659047262472705,0.0,0,0.0,0.14870259481037923,230
1.6,concentrated,jsq,2,13,1618,1618,0,0.0,2.0,8.599999999999994,2.0621776490198966,1.002,1.0601776490198966,0.0,0,0.0,0.1966067864271457,229
1.6,concentrated,jsq,2,14,1596,1596,0,0.0,1.8571428571428572,6.0,2.063903470002522,1.002,1.0619034700025223,0.0,0,0.0,0.16067864271457086,231
1.6,concentrated,jsq,2,15,1594,1594,0,0.0,1.74235807860262,6.0,2.0677940622089146,1.001,1.0667940622089147,0.0,0,0.0,0.12387612387612387,229
1.6,concentrated,jsq,2,16,1548,1548,0,0.0,1.5246636771300448,3.0,2.076519971120563,1.001,1.0755199711205632,0.0,0,0.0,0.08191808191808192,223
1.6,concentrated,jsq,2,17,1649,1649,0,0.0,1.8143459915611815,6.199999999999989,2.0593898125146666,1.002,1.0573898125146666,0.0,0,0.0,0.17964071856287425,237
1.6,concentrated,jsq,2,18,1666,1666,0,0.0,3.2663934426229506,13.0,2.069620824033482,1.001,1.068620824033482,0.0,0,0.0,0.5084915084915085,244
1.6,concentrated,jsq,3,19,1595,1595,0,0.0,2.9063829787234043,11.299999999999983,2.0663295774849333,1.003,1.0633295774849332,0.0,0,0.0,0.4127617148554337,235
1.6,concentrated,jsq,3,20,1605,1605,0,0.0,1.868421052631579,7.0,2.068475130280329,1.002,1.0664751302803293,0.0,0,0.0,0.14471057884231536,228
1.6,concentrated,jsq,3,21,1566,1566,0,0.0,2.7017543859649122,14.649999999999977,2.075621174508053,1.001,1.074621174508053,0.0,0,0.0,0.34065934065934067,228
1.6,concentrated,jsq,3,22,1629,1629,0,0.0,2.2435897435897436,8.0,2.067360184485408,1.0,1.067360184485408,0.0,0,0.0,0.293,234
1.6,concentrated,jsq,3,23,1578,1578,0,0.0,1.71875,5.849999999999994,2.0542395934967073,1.002,1.0522395934967073,0.0,0,0.0,0.13273453093812376,224
1.6,concentrated,jsq,3,24,1598,1598,0,0.0,2.004291845493562,7.0,2.0645801572658105,1.001,1.0635801572658103,0.0,0,0.0,0.2597402597402597,233
1.6,concentrated,jsq,4,25,1578,1578,0,0.0,2.125,9.0,2.07715794048842,1.002,1.07515794048842,0.0,0,0.0,0.218562874251497,232
1.6,concentrated,jsq,4,26,1594,1594,0,0.0,3.320675105485232,12.199999999999989,2.068940337647334,1.002,1.066940337647334,0.0,0,0.0,0.5149700598802395,237
1.6,concentrated,jsq,4,27,1583,1583,0,0.0,2.2620087336244543,9.0,2.06180976162691,1.001,1.06080976162691,0.0,0,0.0,0.25374625374625376,229
1.6,concentrated,jsq,4,28,1574,1574,0,0.0,2.1652173913043478,8.0,2.0523041060000997,1.002,1.0503041060001,0.0,0,0.0,0.2275449101796407,230
1.6,concentrated,jsq,4,29,1686,1686,0,0.0,2.182926829268293,9.0,2.0584930705578417,1.001,1.057493070557842,0.0,0,0.0,0.25074925074925075,246
1.6,concentrated,jsq,4,30,1525,1525,0,0.0,1.7297297297297298,4.949999999999989,2.0514031850760235,1.003,1.0484031850760234,0.0,0,0.0,0.11864406779661017,222
1.6,concentrated,ours,0,1,1589,1589,0,0.0,1.7673778389538886,3.0,2.802773568093106,1.001,1.8017735680931064,0.0,0,0.0,0.5774225774225774,1453
1.6,concentrated,ours,0,2,1630,1630,0,0.0,1.8754325259515572,4.0,2.80413602304238,1.002,1.80213602304238,0.0,0,0.0,0.6806387225548902,1445
1.6,concentrated,ours,0,3,1617,1617,0,0.0,1.9666897987508674,4.0,2.7948519350690657,1.002,1.7928519350690657,0.0,0,0.0,0.7914171656686627,1441
1.6,concentrated,ours,0,4,1613,1613,0,0.0,2.082562277580071,5.0,2.793251956664136,1.001,1.7922519566641364,0.0,0,0.0,0.949050949050949,1405
1.6,concentrated,ours,0,5,1617,1617,0,0.0,2.068522483940043,4.0,2.789256637265341,1.001,1.788256637265341,0.0,0,0.0,0.9240759240759241,1401
1.6,concentrated,ours,0,6,1705,1705,0,0.0,2.0575635876840694,5.0,2.8092074696810014,1.002,1.8072074696810017,0.0,0,0.0,0.9860279441117764,1494
1.6,concentrated,ours,1,7,1570,1570,0,0.0,2.2353276353276352,5.0,2.77912616186266,1.002,1.7771261618626601,0.0,0,0.0,1.589820359281437,1755
1.6,concentrated,ours,1,8,1546,1546,0,0.0,2.2468179302711677,5.0,2.7784200068901166,1.002,1.7764200068901168,0.0,0,0.0,1.6606786427145708,1807
1.6,concentrated,ours,1,9,1570,1570,0,0.0,2.0099118942731278,4.0,2.7833009405751428,1.002,1.7813009405751425,0.0,0,0.0,1.2375249500998005,1816
1.6,concentrated,ours,1,10,1595,1595,0,0.0,2.022502744237102,4.0,2.7885296654278937,1.002,1.7865296654278935,0.0,0,0.0,1.2455089820359282,1822
1.6,concentrated,ours,1,11,1610,1610,0,0.0,2.1029972752043595,5.0,2.781006457004116,1.002,1.7790064570041157,0.0,0,0.0,1.4141716566866267,1835
1.6,concentrated,ours,1,12,1554,1554,0,0.0,2.0080091533180777,4.0,2.770105608634709,1.001,1.7691056086347088,0.0,0,0.0,1.1498501498501499,1748
1.6,concentrated,ours,2,13,1618,1618,0,0.0,2.2163852407754847,5.0,2.7957045595727217,1.002,1.7937045595727217,0.0,0,0.0,1.3562874251497006,1599
1.6,concentrated,ours,2,14,1596,1596,0,0.0,1.860377358490566,4.0,2.7855659622337114,1.001,1.7845659622337118,0.0,0,0.0,0.7952047952047953,1590
1.6,concentrated,ours,2,15,1594,1594,0,0.0,1.9743252139565504,4.0,2.7876156129390988,1.002,1.7856156129390988,0.0,0,0.0,0.9051896207584831,1519
1.6,concentrated,ours,2,16,1548,1548,0,0.0,1.897538256819694,4.0,2.7782641395551413,1.001,1.7772641395551414,0.0,0,0.0,0.7982017982017982,1503
1.6,concentrated,ours,2,17,1649,1649,0,0.0,2.0348101265822787,4.0499999999999545,2.784401697565933,1.002,1.7824016975659331,0.0,0,0.0,1.0439121756487026,1580
1.6,concentrated,ours,2,18,1666,1666,0,0.0,2.3848466626578473,5.0,2.8141775041717,1.001,1.8131775041717,0.0,0,0.0,1.6753246753246753,1663
1.6,concentrated,ours,3,19,1595,1595,0,0.0,1.8167883211678832,4.0,2.8049791176473446,1.002,1.8029791176473446,0.0,0,0.0,0.5668662674650699,1370
1.6,concentrated,ours,3,20,1605,1605,0,0.0,2.0073421439060204,5.0,2.798169415570131,1.002,1.7961694155701307,0.0,0,0.0,0.7924151696606786,1362
1.6,concentrated,ours,3,21,1566,1566,0,0.0,1.7187274041937817,3.0,2.798564673437637,1.001,1.7975646734376374,0.0,0,0.0,0.45054945054945056,1383
1.6,concentrated,ours,3,22,1629,1629,0,0.0,1.9912216532553035,4.0,2.7964740802579593,1.0,1.7964740802579593,0.0,0,0.0,0.792,1367
1.6,concentrated,ours,3,23,1578,1578,0,0.0,1.6693313953488371,3.0,2.787053632303005,1.002,1.7850536323030046,0.0,0,0.0,0.41916167664670656,1376
1.6,concentrated,ours,3,24,1598,1598,0,0.0,1.819233550253073,4.0,2.7969015364239436,1.001,1.795901536423944,0.0,0,0.0,0.5764235764235764,1383
1.6,concentrated,ours,4,25,1578,1578,0,0.0,2.1034282393957002,4.0,2.7917336337353396,1.002,1.7897336337353393,0.0,0,0.0,1.311377245508982,1721
1.6,concentrated,ours,4,26,1594,1594,0,0.0,2.2370049504950495,5.0,2.794390879263556,1.002,1.7923908792635563,0.0,0,0.0,1.3712574850299402,1616
1.6,concentrated,ours,4,27,1583,1583,0,0.0,2.187645687645688,5.0,2.8020865073267185,1.001,1.8010865073267188,0.0,0,0.0,1.4415584415584415,1716
1.6,concentrated,ours,4,28,1574,1574,0,0.0,2.1571072319201994,5.0,2.7842544151122515,1.002,1.7822544151122515,0.0,0,0.0,1.2624750499001995,1604
1.6,concentrated,ours,4,29,1686,1686,0,0.0,2.1754487550665895,5.0,2.7847965595810993,1.001,1.7837965595810994,0.0,0,0.0,1.4525474525474527,1727
1.6,concentrated,ours,4,30,1525,1525,0,0.0,1.735042735042735,3.0,2.7864023411833676,1.002,1.7844023411833674,0.0,0,0.0,0.5508982035928144,1521
1.6,concentrated,B3_use_queue_term_False,0,1,1589,1589,0,0.0,1.3719806763285025,2.0,2.8074919235550033,1.001,1.8064919235550034,0.0,0,0.0,0.0,1449
1.6,concentrated,B3_use_queue_term_False,0,2,1630,1630,0,0.0,1.41027445460943,2.0,2.8007453710488774,1.002,1.7987453710488774,0.0,0,0.0,0.0,1421
1.6,concentrated,B3_use_queue_term_False,0,3,1617,1617,0,0.0,1.4144144144144144,2.0,2.8006328342418767,1.001,1.799632834241877,0.0,0,0.0,0.0,1443
1.6,concentrated,B3_use_queue_term_False,0,4,1613,1613,0,0.0,1.4066951566951567,2.0,2.8016931758517494,1.001,1.8006931758517497,0.0,0,0.0,0.0,1404
1.6,concentrated,B3_use_queue_term_False,0,5,1617,1617,0,0.0,1.410968660968661,2.0,2.7904374614556198,1.002,1.7884374614556198,0.0,0,0.0,0.0,1404
1.6,concentrated,B3_use_queue_term_False,0,6,1705,1705,0,0.0,1.4016064257028114,2.0,2.8077680995735586,1.002,1.8057680995735588,0.0,0,0.0,0.0,1494
1.6,concentrated,B3_use_queue_term_False,1,7,1570,1570,0,0.0,1.3365276211950394,2.0,2.788235875423136,1.002,1.7862358754231358,0.0,0,0.0,0.0,1774
1.6,concentrated,B3_use_queue_term_False,1,8,1546,1546,0,0.0,1.328499721137758,2.0,2.7705519776683065,1.002,1.7685519776683065,0.0,0,0.0,0.0,1793
1.6,concentrated,B3_use_queue_term_False,1,9,1570,1570,0,0.0,1.326111111111111,2.0,2.77844872387951,1.001,1.7774487238795103,0.0,0,0.0,0.0,1800
1.6,concentrated,B3_use_queue_term_False,1,10,1595,1595,0,0.0,1.3395196506550218,2.0,2.795439998893903,1.002,1.7934399988939032,0.0,0,0.0,0.0,1832
1.6,concentrated,B3_use_queue_term_False,1,11,1610,1610,0,0.0,1.3311582381729201,2.0,2.787881935847744,1.002,1.7858819358477436,0.0,0,0.0,0.0,1839
1.6,concentrated,B3_use_queue_term_False,1,12,1554,1554,0,0.0,1.3461321287408243,2.0,2.779768554323911,1.001,1.7787685543239111,0.0,0,0.0,0.0,1771
1.6,concentrated,B3_use_queue_term_False,2,13,1618,1618,0,0.0,1.3777070063694268,2.0,2.792338708681437,1.002,1.7903387086814369,0.0,0,0.0,0.0,1570
1.6,concentrated,B3_use_queue_term_False,2,14,1596,1596,0,0.0,1.3582652419861723,2.0,2.7854927648304204,1.001,1.7844927648304205,0.0,0,0.0,0.0,1591
1.6,concentrated,B3_use_queue_term_False,2,15,1594,1594,0,0.0,1.3807308970099668,2.0,2.7824269709087424,1.001,1.7814269709087425,0.0,0,0.0,0.0,1505
1.6,concentrated,B3_use_queue_term_False,2,16,1548,1548,0,0.0,1.3642951251646904,2.0,2.7849477668404115,1.001,1.7839477668404116,0.0,0,0.0,0.0,1518
1.6,concentrated,B3_use_queue_term_False,2,17,1649,1649,0,0.0,1.369949494949495,2.0,2.7898906303381272,1.001,1.7888906303381271,0.0,0,0.0,0.0,1584
1.6,concentrated,B3_use_queue_term_False,2,18,1666,1666,0,0.0,1.3717872086072922,2.0,2.8119951495713877,1.002,1.8099951495713875,0.0,0,0.0,0.0,1673
1.6,concentrated,B3_use_queue_term_False,3,19,1595,1595,0,0.0,1.4041937816341288,2.0,2.799218036354023,1.001,1.7982180363540232,0.0,0,0.0,0.0,1383
1.6,concentrated,B3_use_queue_term_False,3,20,1605,1605,0,0.0,1.4300595238095237,2.0,2.7897378811542293,1.001,1.7887378811542296,0.0,0,0.0,0.0,1344
1.6,concentrated,B3_use_queue_term_False,3,21,1566,1566,0,0.0,1.3892086330935252,2.0,2.7957064425105873,1.001,1.7947064425105872,0.0,0,0.0,0.0,1390
1.6,concentrated,B3_use_queue_term_False,3,22,1629,1629,0,0.0,1.411549707602339,2.0,2.797896359483536,1.0,1.797896359483536,0.0,0,0.0,0.0,1368
1.6,concentrated,B3_use_queue_term_False,3,23,1578,1578,0,0.0,1.3635047067342505,2.0,2.7959392944649664,1.001,1.7949392944649665,0.0,0,0.0,0.0,1381
1.6,concentrated,B3_use_queue_term_False,3,24,1598,1598,0,0.0,1.4030064423765212,2.0,2.8080710406139415,1.002,1.8060710406139417,0.0,0,0.0,0.0,1397
1.6,concentrated,B3_use_queue_term_False,4,25,1578,1578,0,0.0,1.3462897526501767,2.0,2.789541263607023,1.002,1.7875412636070231,0.0,0,0.0,0.0,1698
1.6,concentrated,B3_use_queue_term_False,4,26,1594,1594,0,0.0,1.3768905021173623,2.0,2.801463714654058,1.002,1.7994637146540582,0.0,0,0.0,0.0,1653
1.6,concentrated,B3_use_queue_term_False,4,27,1583,1583,0,0.0,1.3440046565774155,2.0,2.8029135889169643,1.001,1.8019135889169642,0.0,0,0.0,0.0,1718
1.6,concentrated,B3_use_queue_term_False,4,28,1574,1574,0,0.0,1.3735849056603773,2.0,2.789133253713822,1.002,1.7871332537138218,0.0,0,0.0,0.0,1590
1.6,concentrated,B3_use_queue_term_False,4,29,1686,1686,0,0.0,1.3368606701940036,2.0,2.7857550293287754,1.001,1.7847550293287755,0.0,0,0.0,0.0,1701
1.6,concentrated,B3_use_queue_term_False,4,30,1525,1525,0,0.0,1.3711272247857613,2.0,2.7967633021633933,1.002,1.7947633021633933,0.0,0,0.0,0.0,1517
1.6,distributed,baseline,0,1,1589,1558,31,0.49968533668974197,44.108225108225106,227.0,2.9279865192883685,1.135,0.9883639864446414,0.8046225328437272,0,0.5329317269076306,9.433480176211454,231
1.6,distributed,baseline,0,2,1630,1593,37,0.5760736196319018,42.39662447257384,139.2,2.730207816811123,1.135,0.9894776578996873,0.6057301589114357,0,0.5376470588235294,9.461674008810572,237
1.6,distributed,baseline,0,3,1617,1390,227,0.5380333951762524,54.360975609756096,217.59999999999997,3.8078944643764383,1.135,0.9746495057374912,1.6982449586389472,0,0.5619909502262443,11.161233480176211,205
1.6,distributed,baseline,0,4,1613,1341,272,0.6125232486050837,60.904522613065325,184.09999999999994,4.741528343346525,1.135,0.9768448995896969,2.6296834437568286,0,0.5652777777777778,11.27136563876652,199
1.6,distributed,baseline,0,5,1617,1445,172,0.3685837971552257,48.660377358490564,171.45,3.13940499839196,1.135,0.9822079361960047,1.0221970621959555,0,0.55,10.240528634361233,212
1.6,distributed,baseline,0,6,1705,1440,265,0.5266862170087977,53.198113207547166,264.0,4.264934225534262,1.135,0.9867754802584765,2.1431587452757848,0,0.5449781659388646,10.793832599118943,212
1.6,distributed,baseline,1,7,1570,1179,391,0.42356687898089174,70.2235294117647,230.0499999999998,4.243730810817076,1.135,0.9679552920089732,2.140775518808103,0,0.6058510638297873,12.03171806167401,170
1.6,distributed,baseline,1,8,1546,1246,300,0.48771021992238034,66.64444444444445,189.34999999999988,4.681007280690006,1.135,0.9741573209260921,2.571849959763913,0,0.5984848484848485,11.896035242290749,180
1.6,distributed,baseline,1,9,1570,1265,305,0.5426751592356688,60.86413043478261,158.85,4.282366221157161,1.135,0.9780360300933794,2.169330191063781,0,0.6433497536945813,11.641409691629956,184
1.6,distributed,baseline,1,10,1595,1253,342,0.561755485893417,70.57627118644068,180.2,4.995403061887328,1.135,0.9794724607306912,2.8809306011566367,0,0.6353846153846154,12.111894273127753,177
1.6,distributed,baseline,1,11,1610,1057,553,0.4329192546583851,73.76821192052981,373.5,5.716129511184912,1.135,0.947644624430423,3.633484886754489,0,0.6270588235294118,13.188546255506608,151
1.6,distributed,baseline,1,12,1554,1259,295,0.5366795366795367,62.57692307692308,172.89999999999998,4.3218291251062455,1.135,0.9713129113909118,2.2155162137153335,0,0.6412060301507537,11.365638766519824,182
1.6,distributed,baseline,2,13,1618,1596,22,0.5018541409147095,43.965811965811966,118.69999999999999,2.8183468881816705,1.135,0.9907069998264515,0.6926398883552191,0,0.5960159362549801,9.548017621145375,234
1.6,distributed,baseline,2,14,1596,1473,123,0.6159147869674185,50.311627906976746,202.29999999999998,3.4044271496310152,1.135,0.9781674991525918,1.2912596504784233,0,0.6158119658119658,10.801762114537445,215
1.6,distributed,baseline,2,15,1594,1476,118,0.582810539523212,50.570093457943926,184.35,3.167776933538075,1.135,0.9873462821588822,1.0454306513791929,0,0.6012931034482759,10.45374449339207,214
1.6,distributed,baseline,2,16,1548,1448,100,0.4935400516795866,50.13875598086124,266.4,3.0571949494143875,1.135,0.9825562689159392,0.9396386804984482,0,0.5728070175438597,10.369162995594714,209
1.6,distributed,baseline,2,17,1649,1482,167,0.564584596725288,46.72558139534884,196.69999999999968,3.400086750270779,1.135,0.9853913494792309,1.2796954007915475,0,0.5675213675213675,10.438766519823789,215
1.6,distributed,baseline,2,18,1666,1388,278,0.614045618247299,54.170731707317074,177.39999999999995,4.49691894252587,1.135,0.9760243102859553,2.3858946322399146,0,0.5879464285714285,11.129515418502203,205
1.6,distributed,baseline,3,19,1595,1493,102,0.4652037617554859,44.82648401826484,208.49999999999997,3.0995233586152766,1.135,0.9807971924811468,0.9837261661341298,0,0.5705882352941176,9.762114537444933,219
1.6,distributed,baseline,3,20,1605,1405,200,0.5021806853582554,48.08457711442786,261.0,3.569627361109426,1.135,0.9727743834998642,1.4618529776095617,0,0.5722727272727273,10.882819383259912,201
1.6,distributed,baseline,3,21,1566,1566,0,0.421455938697318,42.60425531914893,159.59999999999997,2.5018691305092147,1.12,0.9927897961720167,0.389079334337198,0,0.5654618473895582,9.82767857142857,235
1.6,distributed,baseline,3,22,1629,1445,184,0.3898096992019644,52.88516746411483,194.79999999999995,3.1804731222104348,1.135,0.9710671787763507,1.0744059434340845,0,0.5841409691629956,11.022907488986784,209
1.6,distributed,baseline,3,23,1578,1498,80,0.6603295310519645,51.01851851851852,244.75,3.317087751785148,1.135,0.9869027882262653,1.1951849635588827,0,0.5336170212765957,10.493392070484582,216
1.6,distributed,baseline,3,24,1598,1480,118,0.4405506883604506,45.932126696832576,228.0,3.0827017801776897,1.135,0.9751389259341976,0.9725628542434916,0,0.5686192468619247,9.767400881057268,221
1.6,distributed,baseline,4,25,1578,944,634,0.3776932826362484,83.91111111111111,464.0,6.545609998588832,1.135,0.9410778709005697,4.469532127688263,0,0.6461038961038961,13.447577092511013,135
1.6,distributed,baseline,4,26,1594,1141,453,0.20263488080301129,58.22560975609756,315.54999999999984,4.325043852986401,1.135,0.9456193723475399,2.244424480638861,0,0.6267759562841531,12.422907488986784,164
1.6,distributed,baseline,4,27,1583,1196,387,0.4624131396083386,59.764044943820224,275.1500000000001,4.861746175989128,1.135,0.9697595166978786,2.7569866592912495,0,0.6372448979591837,12.007929515418502,178
1.6,distributed,baseline,4,28,1574,1119,455,0.43456162642947904,69.92592592592592,352.6499999999999,5.139427480732859,1.135,0.950870030830396,3.0535574499024634,0,0.6161111111111112,12.197356828193833,162
1.6,distributed,baseline,4,29,1686,1003,683,0.3701067615658363,75.52413793103449,402.19999999999993,6.270966802303466,1.135,0.9532560565340586,4.182710745769407,0,0.5975609756097561,13.591189427312775,145
1.6,distributed,baseline,4,30,1525,1225,300,0.39737704918032785,58.81005586592179,240.49999999999986,3.8788925671770125,1.135,0.9616242612292072,1.782268305947805,0,0.6170854271356784,12.09603524229075,179
1.6,distributed,jsq,0,1,1589,1589,0,0.0,9.025210084033613,33.0,2.053077821896202,1.003,1.0500778218962021,0.0,0,0.5433734939759036,1.9800598205383848,238
1.6,distributed,jsq,0,2,1630,1630,0,0.0,9.637450199203187,32.0,2.0516217155171392,1.002,1.0496217155171392,0.0,0,0.5707692307692308,2.2754491017964074,251
1.6,distributed,jsq,0,3,1617,1617,0,0.0,10.748971193415638,34.0,2.050323572528434,1.002,1.0483235725284343,0.0,0,0.566147859922179,2.435129740518962,243
1.6,distributed,jsq,0,4,1613,1613,0,0.0,13.497942386831276,50.0,2.050395149047698,1.002,1.0483951490476981,0.0,0,0.5396078431372549,3.1357285429141717,243
1.6,distributed,jsq,0,5,1617,1617,0,0.0,10.692622950819672,33.0,2.059892453927431,1.002,1.0578924539274308,0.0,0,0.5511811023622047,2.5429141716566868,244
1.6,distributed,jsq,0,6,1705,1705,0,0.0,13.583333333333334,46.69999999999993,2.0514943157161953,1.003,1.0484943157161952,0.0,0,0.5568181818181818,3.2412761714855436,252
1.6,distributed,jsq,1,7,1570,1570,0,0.0,14.5,55.44999999999999,2.039591072508099,1.001,1.038591072508099,0.0,0,0.6352226720647773,3.3266733266733266,232
1.6,distributed,jsq,1,8,1546,1546,0,0.0,16.452173913043477,60.54999999999998,2.0622600119420538,1.002,1.0602600119420538,0.0,0,0.6175732217573222,3.7005988023952097,230
1.6,distributed,jsq,1,9,1570,1570,0,0.0,21.130801687763714,72.39999999999998,2.0520879864737998,1.001,1.0510879864738,0.0,0,0.6329218106995885,4.784215784215784,237
1.6,distributed,jsq,1,10,1595,1595,0,0.0,15.4149377593361,54.0,2.04771498762652,1.003,1.0447149876265203,0.0,0,0.6348,3.6071784646061813,241
1.6,distributed,jsq,1,11,1610,1610,0,0.0,20.761316872427983,74.39999999999986,2.040864448045586,1.002,1.038864448045586,0.0,0,0.6146153846153846,5.1706586826347305,243
1.6,distributed,jsq,1,12,1554,1554,0,0.0,13.8625,42.0,2.0430257102975755,1.002,1.0410257102975753,0.0,0,0.6318548387096774,3.2105788423153694,240
1.6,distributed,jsq,2,13,1618,1618,0,0.0,12.586776859504132,34.94999999999999,2.046188511500268,1.001,1.0451885115002681,0.0,0,0.5876984126984127,2.885114885114885,242
1.6,distributed,jsq,2,14,1596,1596,0,0.0,11.670833333333333,32.0,2.0457162629556045,1.003,1.0427162629556048,0.0,0,0.591304347826087,2.694915254237288,240
1.6,distributed,jsq,2,15,1594,1594,0,0.0,10.652719665271967,34.0,2.051232674079889,1.002,1.049232674079889,0.0,0,0.5872,2.4900199600798403,239
1.6,distributed,jsq,2,16,1548,1548,0,0.0,11.874476987447698,38.19999999999999,2.0489513591946986,1.001,1.0479513591946987,0.0,0,0.6060483870967742,2.7362637362637363,239
1.6,distributed,jsq,2,17,1649,1649,0,0.0,11.495901639344263,39.849999999999994,2.0363274109566367,1.002,1.034327410956637,0.0,0,0.5771317829457364,2.689620758483034,244
1.6,distributed,jsq,2,18,1666,1666,0,0.0,15.654761904761905,48.0,2.0503263619761025,1.001,1.0493263619761029,0.0,0,0.5783269961977187,3.861138861138861,252
1.6,distributed,jsq,3,19,1595,1595,0,0.0,11.016949152542374,45.25,2.050209800381678,1.002,1.048209800381678,0.0,0,0.5865853658536585,2.402195608782435,236
1.6,distributed,jsq,3,20,1605,1605,0,0.0,12.210743801652892,34.0,2.0539590148858142,1.002,1.0519590148858142,0.0,0,0.5496031746031746,2.7435129740518964,242
1.6,distributed,jsq,3,21,1566,1566,0,0.0,10.382978723404255,36.89999999999995,2.049872148740995,1.001,1.0488721487409955,0.0,0,0.5676229508196722,2.276723276723277,235
1.6,distributed,jsq,3,22,1629,1629,0,0.0,11.378600823045268,33.0,2.03548847193221,1.0,1.0354884719322102,0.0,0,0.5739299610894941,2.668,243
1.6,distributed,jsq,3,23,1578,1578,0,0.0,9.204255319148936,33.0,2.04829702835217,1.002,1.0462970283521702,0.0,0,0.5514285714285714,2.0049900199600796,235
1.6,distributed,jsq,3,24,1598,1598,0,0.0,10.570247933884298,35.94999999999999,2.046618306778581,1.002,1.0446183067785806,0.0,0,0.5897233201581028,2.405189620758483,242
1.6,distributed,jsq,4,25,1578,1578,0,0.0,19.554621848739497,94.89999999999986,2.0369670464920464,1.012,1.0249670464920466,0.0,0,0.62734375,5.297430830039525,238
1.6,distributed,jsq,4,26,1594,1594,0,0.30050188205771644,28.41176470588235,188.24999999999966,2.3202648958028878,1.097,1.0250963034214209,0.19816859238146697,0,0.6177165354330708,7.715587967183227,238
1.6,distributed,jsq,4,27,1583,1583,0,0.0,20.147679324894515,92.3999999999998,2.0307517874779655,1.002,1.0287517874779655,0.0,0,0.6158730158730159,5.587824351297405,237
1.6,distributed,jsq,4,28,1574,1525,49,0.2604828462515883,32.05309734513274,218.0,2.4972625457785824,1.135,1.0194791203605447,0.3427834254180374,0,0.6319672131147541,8.451101321585902,226
1.6,distributed,jsq,4,29,1686,1686,0,0.0,25.910505836575876,127.39999999999998,2.0405426728729212,1.001,1.0395426728729211,0.0,0,0.6233333333333333,6.64935064935065,257
1.6,distributed,jsq,4,30,1525,1525,0,0.0,17.252100840336134,84.29999999999995,2.0529773827697815,1.002,1.0509773827697817,0.0,0,0.6151020408163266,3.87624750499002,238
1.6,distributed,ours,0,1,1589,1589,0,0.0,1.8728354978354977,5.0,2.4625473241633906,1.002,1.4605473241633906,0.0,0,0.1646677471636953,1.4740518962075848,1848
1.6,distributed,ours,0,2,1630,1630,0,0.0,2.1153444676409188,5.0,2.4747892094264046,1.002,1.4727892094264043,0.0,0,0.1720228809152366,1.9930139720558881,1916
1.6,distributed,ours,0,3,1617,1617,0,0.0,2.181769722814499,5.0,2.463291208361852,1.002,1.4612912083618521,0.0,0,0.18459086078639744,2.0499001996007986,1876
1.6,distributed,ours,0,4,1613,1613,0,0.0,2.073993471164309,5.0,2.466849963657875,1.001,1.4658499636578752,0.0,0,0.18119241192411925,1.8181818181818181,1838
1.6,distributed,ours,0,5,1617,1617,0,0.0,2.2033441208198488,5.0,2.458635169313852,1.001,1.457635169313852,0.0,0,0.17055974165769644,2.087912087912088,1854
1.6,distributed,ours,0,6,1705,1705,0,0.0,2.2517447657028913,5.0,2.4608058932692147,1.002,1.4588058932692145,0.0,0,0.17851116625310173,2.3842315369261478,2006
1.6,distributed,ours,1,7,1570,1570,0,0.024840764331210193,3.3905060456784595,7.0,2.568925826908046,1.053,1.5096837409715766,0.006242085936469901,0,0.2054246331702979,5.111111111111111,2233
1.6,distributed,ours,1,8,1546,1546,0,0.31759379042690816,3.450310559006211,7.0,2.695400070546189,1.047,1.5813249709210562,0.06707509962513318,0,0.1956713780918728,5.2091690544412605,2254
1.6,distributed,ours,1,9,1570,1570,0,0.0006369426751592356,3.6489547038327528,7.0,2.6077114539156385,1.04,1.567707032324063,4.421591575447788e-06,0,0.20194974003466204,5.767307692307693,2296
1.6,distributed,ours,1,10,1595,1595,0,0.0,3.6581455805892547,7.0,2.5224954635917567,1.003,1.5194954635917568,0.0,0,0.20693069306930692,5.811565304087737,2308
1.6,distributed,ours,1,11,1610,1610,0,0.06086956521739131,3.7924858016601135,7.0,2.6008509245970406,1.047,1.5477881703234808,0.006062754273559844,0,0.2044328552803129,6.019102196752627,2289
1.6,distributed,ours,1,12,1554,1554,0,0.16988416988416988,3.604898336414048,7.0,2.611681704832139,1.044,1.5429597554753378,0.02472194935680138,0,0.19894252873563217,5.306513409961686,2164
1.6,distributed,ours,2,13,1618,1618,0,0.0,3.5179790623577607,7.0,2.6078550918332226,1.036,1.5718550918332224,0.0,0,0.17956600361663652,5.357142857142857,2197
1.6,distributed,ours,2,14,1596,1596,0,0.0,2.99954233409611,6.0,2.530000560276785,1.001,1.5290005602767855,0.0,0,0.1771506599908967,4.112887112887113,2185
1.6,distributed,ours,2,15,1594,1594,0,0.0,3.2469022487379533,7.0,2.5395609941701625,1.006,1.5335609941701625,0.0,0,0.17446420428636572,4.6222664015904575,2179
1.6,distributed,ours,2,16,1548,1548,0,0.0,2.5834557023984335,6.0,2.4955141577122104,1.002,1.4935141577122102,0.0,0,0.19422982885085574,3.007984031936128,2043
1.6,distributed,ours,2,17,1649,1649,0,0.0,3.3060578661844486,7.0,2.54565118715164,1.002,1.5436511871516398,0.0,0,0.17148648648648648,4.791417165668663,2212
1.6,distributed,ours,2,18,1666,1666,0,0.015606242496998799,3.4438891412994095,7.0,2.6020460866673116,1.043,1.5584851648021507,0.0005609218651607266,0,0.1856625961103573,5.149568552253116,2201
1.6,distributed,ours,3,19,1595,1595,0,0.0,2.4290322580645163,6.0,2.472387789051698,1.002,1.4703877890516979,0.0,0,0.20878414568826995,2.4451097804391217,1860
1.6,distributed,ours,3,20,1605,1605,0,0.0,2.097837837837838,5.0,2.4646633042649544,1.002,1.4626633042649546,0.0,0,0.19719222462203023,1.8363273453093811,1850
1.6,distributed,ours,3,21,1566,1566,0,0.0,1.830640668523677,4.0,2.453549337919248,1.002,1.451549337919248,0.0,0,0.20222469410456062,1.3483033932135728,1795
1.6,distributed,ours,3,22,1629,1629,0,0.0,2.6357477853048463,6.0,2.47885281751397,1.0,1.4788528175139701,0.0,0,0.20811232449297973,2.935,1919
1.6,distributed,ours,3,23,1578,1578,0,0.0,1.7598702001081665,4.0,2.44341408948591,1.002,1.4414140894859102,0.0,0,0.19378714208535927,1.2834331337325349,1849
1.6,distributed,ours,3,24,1598,1598,0,0.0,2.211841390548615,5.0,2.4554983075827916,1.002,1.4534983075827916,0.0,0,0.21121343445287108,2.0738522954091816,1841
1.6,distributed,ours,4,25,1578,1578,0,0.13307984790874525,3.817442385901491,9.0,2.6479726794241385,1.069,1.5440274907862142,0.03494518863792424,0,0.2249551971326165,5.9915809167446215,2213
1.6,distributed,ours,4,26,1594,1517,77,0.3983688833124216,5.5854564755838645,32.84999999999991,3.4498128124122687,1.135,1.400033056134561,0.9147797562777072,0,0.25963157894736844,7.753303964757709,1884
1.6,distributed,ours,4,27,1583,1583,0,0.2798483891345546,4.032010820559062,8.150000000000091,2.6587012254459594,1.057,1.5451429286080849,0.05655829683787475,0,0.23747763864042934,6.352885525070955,2218
1.6,distributed,ours,4,28,1574,1574,0,0.21410419313850063,3.620909090909091,10.0,2.6430551927298493,1.075,1.5138320081463978,0.05422318458345163,0,0.2391500904159132,5.422325581395349,2200
1.6,distributed,ours,4,29,1686,1686,0,0.3612099644128114,3.7936507936507935,8.0,2.7003406917007227,1.069,1.5352891084837943,0.09605158321692848,0,0.229057700290577,6.3723105706267535,2394
1.6,distributed,ours,4,30,1525,1525,0,0.0,3.1565217391304348,7.0,2.540805823980169,1.002,1.538805823980169,0.0,0,0.22249087591240876,4.471057884231537,2185
1.6,distributed,B3_use_queue_term_False,0,1,1589,1589,0,0.0,1.0064655172413792,1.0,2.2517865912274684,1.002,1.2497865912274684,0.0,0,0.18514531754574812,0.0,1856
1.6,distributed,B3_use_queue_term_False,0,2,1630,1630,0,0.0,1.0067532467532467,1.0,2.2677909910805885,1.002,1.2657909910805885,0.0,0,0.18186528497409327,0.0,1925
1.6,distributed,B3_use_queue_term_False,0,3,1617,1617,0,0.0,1.0070652173913044,1.0,2.264692185826984,1.002,1.262692185826984,0.0,0,0.1897881586094514,0.0,1840
1.6,distributed,B3_use_queue_term_False,0,4,1613,1613,0,0.0,1.0063492063492063,1.0,2.2589088668932096,1.002,1.2569088668932096,0.0,0,0.1825765575501584,0.0,1890
1.6,distributed,B3_use_queue_term_False,0,5,1617,1617,0,0.0,1.0059620596205963,1.0,2.2491212174704787,1.001,1.2481212174704786,0.0,0,0.18583783783783783,0.0,1845
1.6,distributed,B3_use_queue_term_False,0,6,1705,1705,0,0.0,1.004119464469619,1.0,2.2525583231528508,1.002,1.250558323152851,0.0,0,0.19439876670092499,0.0,1942
1.6,distributed,B3_use_queue_term_False,1,7,1570,1570,0,0.0,1.0353273669335845,1.0,2.2767997948581904,1.002,1.2747997948581904,0.0,0,0.20723684210526316,0.0,2123
1.6,distributed,B3_use_queue_term_False,1,8,1546,1546,0,0.0,1.0448192771084337,1.0,2.2987846211589327,1.003,1.2957846211589328,0.0,0,0.21506256015399422,0.0,2075
1.6,distributed,B3_use_queue_term_False,1,9,1570,1570,0,0.0,1.0363887609396591,1.0,2.2843240515287553,1.003,1.2813240515287552,0.0,0,0.21244832338079928,0.0,2171
1.6,distributed,B3_use_queue_term_False,1,10,1595,1595,0,0.0,1.0405027932960893,1.0,2.2905484194359045,1.001,1.2895484194359046,0.0,0,0.2158848118903855,0.0,2148
1.6,distributed,B3_use_queue_term_False,1,11,1610,1610,0,0.0,1.0456642066420665,1.0,2.288702972601823,1.001,1.287702972601823,0.0,0,0.22430939226519336,0.0,2168
1.6,distributed,B3_use_queue_term_False,1,12,1554,1554,0,0.0,1.041961338991042,1.0,2.2803045797022934,1.001,1.2793045797022937,0.0,0,0.20235404896421846,0.0,2121
1.6,distributed,B3_use_queue_term_False,2,13,1618,1618,0,0.0,1.0216878830740217,1.0,2.263567788530082,1.002,1.2615677885300818,0.0,0,0.19511048425011754,0.0,2121
1.6,distributed,B3_use_queue_term_False,2,14,1596,1596,0,0.0,1.0202702702702702,1.0,2.2531165830608058,1.001,1.2521165830608059,0.0,0,0.2034167468719923,0.0,2072
1.6,distributed,B3_use_queue_term_False,2,15,1594,1594,0,0.0,1.020525059665871,1.0,2.2648734575436897,1.002,1.2628734575436895,0.0,0,0.18780952380952382,0.0,2095
1.6,distributed,B3_use_queue_term_False,2,16,1548,1548,0,0.0,1.020246913580247,1.0,2.2677257140617972,1.003,1.2647257140617973,0.0,0,0.20463510848126232,0.0,2025
1.6,distributed,B3_use_queue_term_False,2,17,1649,1649,0,0.0,1.019598906107566,1.0,2.253832126109561,1.002,1.2518321261095608,0.0,0,0.1867606915377616,0.0,2194
1.6,distributed,B3_use_queue_term_False,2,18,1666,1666,0,0.0,1.0201557489693083,1.0,2.269155253326068,1.003,1.266155253326068,0.0,0,0.19181152790484904,0.0,2183
1.6,distributed,B3_use_queue_term_False,3,19,1595,1595,0,0.0,1.00408788962698,1.0,2.2337223107140183,1.001,1.2327223107140184,0.0,0,0.2105397148676171,0.0,1957
1.6,distributed,B3_use_queue_term_False,3,20,1605,1605,0,0.0,1.0072576464489373,1.0,2.2257823729449226,1.002,1.2237823729449229,0.0,0,0.20574831693423096,0.0,1929
1.6,distributed,B3_use_queue_term_False,3,21,1566,1566,0,0.0,1.0089005235602093,1.0,2.239610231166349,1.001,1.238610231166349,0.0,0,0.2030350601779173,0.0,1910
1.6,distributed,B3_use_queue_term_False,3,22,1629,1629,0,0.0,1.0041601664066562,1.0,2.225011764547305,1.0,1.2250117645473046,0.0,0,0.2235202492211838,0.0,1923
1.6,distributed,B3_use_queue_term_False,3,23,1578,1578,0,0.0,1.004158004158004,1.0,2.232228549644282,1.003,1.229228549644282,0.0,0,0.21338868707836015,0.0,1924
1.6,distributed,B3_use_queue_term_False,3,24,1598,1598,0,0.0,1.0068027210884354,1.0,2.2364710607406932,1.002,1.2344710607406935,0.0,0,0.2130684788290643,0.0,1911
1.6,distributed,B3_use_queue_term_False,4,25,1578,1578,0,0.0,1.0,1.0,2.234541529438273,1.003,1.2315415294382732,0.0,0,0.22974893415442918,0.0,2107
1.6,distributed,B3_use_queue_term_False,4,26,1594,1594,0,0.0,1.0,1.0,2.225457979751381,1.002,1.223457979751381,0.0,0,0.24106891701828412,0.0,2127
1.6,distributed,B3_use_queue_term_False,4,27,1583,1583,0,0.0,1.0,1.0,2.232807053202616,1.001,1.2318070532026157,0.0,0,0.23272214386459802,0.0,2126
1.6,distributed,B3_use_queue_term_False,4,28,1574,1574,0,0.0,1.0,1.0,2.225067687319601,1.001,1.224067687319601,0.0,0,0.2290649470290189,0.0,2168
1.6,distributed,B3_use_queue_term_False,4,29,1686,1686,0,0.0,1.0,1.0,2.2243938138316084,1.001,1.2233938138316085,0.0,0,0.233982683982684,0.0,2303
1.6,distributed,B3_use_queue_term_False,4,30,1525,1525,0,0.0,1.0,1.0,2.2368786236581464,1.003,1.2338786236581463,0.0,0,0.22302226432970157,0.0,2106
