mission_rate,arm,policy,layout_id,seed,missions_total,missions_completed,unfinished_at_cap,miss_rate,mean_charge_delay_min,p95_charge_delay_min,f12_Z,f12_cmax_term,f12_energy_term,f12_tardy_term,safety_violations,gate_binding_rate,mean_on_pad_queue_length,charge_sessions
0.3,concentrated,ours_f9_priority_insertion,0,1,286,286,0,0.0,1.36,2.0,2.703207252854467,0.995,1.7082072528544672,0.0,0,0.0,0.0,275
0.3,concentrated,ours_f9_priority_insertion,0,2,306,306,0,0.0,1.3264604810996563,2.0,2.6875378613917165,1.001,1.6865378613917166,0.0,0,0.0,0.0,291
0.3,concentrated,ours_f9_priority_insertion,0,3,307,307,0,0.0,1.4072727272727272,2.0,2.7032062239011334,1.0,1.7032062239011334,0.0,0,0.0,0.0,275
0.3,concentrated,ours_f9_priority_insertion,0,4,303,303,0,0.0,1.34375,2.0,2.698958143740498,1.0,1.6989581437404977,0.0,0,0.0,0.0,288
0.3,concentrated,ours_f9_priority_insertion,0,5,293,293,0,0.0,1.3506493506493507,2.0,2.6904015300750133,0.995,1.6954015300750134,0.0,0,0.0,0.0,308
0.3,concentrated,ours_f9_priority_insertion,0,6,331,331,0,0.0,1.3076923076923077,2.0,2.6993647478119684,0.998,1.7013647478119684,0.0,0,0.0,0.0,325
0.3,concentrated,ours_f9_priority_insertion,1,7,282,282,0,0.0,1.3116438356164384,2.0,2.637784470795149,1.001,1.636784470795149,0.0,0,0.0,0.0,292
0.3,concentrated,ours_f9_priority_insertion,1,8,295,295,0,0.0,1.3034682080924855,2.0,2.691175639781097,0.999,1.6921756397810968,0.0,0,0.0,0.0,346
0.3,concentrated,ours_f9_priority_insertion,1,9,309,309,0,0.0,1.322674418604651,2.0,2.700590523725487,0.999,1.701590523725487,0.0,0,0.0,0.0,344
0.3,concentrated,ours_f9_priority_insertion,1,10,332,332,0,0.0,1.3064935064935066,2.0,2.688772144222115,1.002,1.6867721442221149,0.0,0,0.0,0.0,385
0.3,concentrated,ours_f9_priority_insertion,1,11,313,313,0,0.0,1.2797783933518005,2.0,2.659548152055858,0.995,1.664548152055858,0.0,0,0.0,0.0,361
0.3,concentrated,ours_f9_priority_insertion,1,12,267,267,0,0.0,1.3159722222222223,2.0,2.6843029447970634,1.001,1.6833029447970638,0.0,0,0.0,0.0,288
0.3,concentrated,ours_f9_priority_insertion,2,13,275,275,0,0.0,1.33852140077821,2.0,2.64198040582165,1.002,1.6399804058216498,0.0,0,0.0,0.0,257
0.3,concentrated,ours_f9_priority_insertion,2,14,311,311,0,0.0,1.4071428571428573,2.0,2.6866346931678353,0.995,1.6916346931678352,0.0,0,0.0,0.0,280
0.3,concentrated,ours_f9_priority_insertion,2,15,306,306,0,0.0,1.3194888178913737,2.0,2.6594907985210594,1.001,1.6584907985210595,0.0,0,0.0,0.0,313
0.3,concentrated,ours_f9_priority_insertion,2,16,285,285,0,0.0,1.330128205128205,2.0,2.7004981454838894,1.001,1.6994981454838896,0.0,0,0.0,0.0,312
0.3,concentrated,ours_f9_priority_insertion,2,17,314,314,0,0.0,1.3470031545741326,2.0,2.6774797118609763,1.0,1.6774797118609766,0.0,0,0.0,0.0,317
0.3,concentrated,ours_f9_priority_insertion,2,18,315,315,0,0.0,1.3448275862068966,2.0,2.680029263338427,0.998,1.6820292633384268,0.0,0,0.0,0.0,319
0.3,concentrated,ours_f9_priority_insertion,3,19,299,299,0,0.0,1.450199203187251,2.0,2.6975466232310987,0.999,1.6985466232310986,0.0,0,0.0,0.0,251
0.3,concentrated,ours_f9_priority_insertion,3,20,304,304,0,0.0,1.3741258741258742,2.0,2.68640152704776,0.996,1.6904015270477601,0.0,0,0.0,0.0,286
0.3,concentrated,ours_f9_priority_insertion,3,21,329,329,0,0.0,1.323076923076923,2.0,2.7015321010956157,0.995,1.7065321010956158,0.0,0,0.0,0.0,325
0.3,concentrated,ours_f9_priority_insertion,3,22,303,303,0,0.0,1.3563636363636364,2.0,2.653587217230383,1.0,1.6535872172303827,0.0,0,0.0,0.0,275
0.3,concentrated,ours_f9_priority_insertion,3,23,298,298,0,0.0,1.3159722222222223,2.0,2.694595171224587,1.0,1.694595171224587,0.0,0,0.0,0.0,288
0.3,concentrated,ours_f9_priority_insertion,3,24,283,283,0,0.0,1.3295454545454546,2.0,2.6524040606213886,1.001,1.6514040606213884,0.0,0,0.0,0.0,264
0.3,concentrated,ours_f9_priority_insertion,4,25,289,289,0,0.0,1.3277027027027026,2.0,2.6919279163246896,1.001,1.69092791632469,0.0,0,0.0,0.0,296
0.3,concentrated,ours_f9_priority_insertion,4,26,286,286,0,0.0,1.346938775510204,2.0,2.6560140621865047,1.0,1.6560140621865047,0.0,0,0.0,0.0,294
0.3,concentrated,ours_f9_priority_insertion,4,27,316,316,0,0.0,1.3312883435582823,2.0,2.72404052068602,1.001,1.7230405206860202,0.0,0,0.0,0.0,326
0.3,concentrated,ours_f9_priority_insertion,4,28,256,256,0,0.0,1.3665338645418326,2.0,2.67621368202078,0.994,1.68221368202078,0.0,0,0.0,0.0,251
0.3,concentrated,ours_f9_priority_insertion,4,29,342,342,0,0.0,1.2893982808022924,2.0,2.653309081604397,1.002,1.651309081604397,0.0,0,0.0,0.0,349
0.3,concentrated,ours_f9_priority_insertion,4,30,309,309,0,0.0,1.307936507936508,2.0,2.669129622961599,1.002,1.667129622961599,0.0,0,0.0,0.0,315
0.3,distributed,ours_f9_priority_insertion,0,1,286,286,0,0.0,1.0493827160493827,1.0,2.2124369292439843,0.996,1.2164369292439845,0.0,0,0.28404907975460125,0.011,324
0.3,distributed,ours_f9_priority_insertion,0,2,306,306,0,0.0,1.0205882352941176,1.0,2.229057769134936,1.002,1.2270577691349358,0.0,0,0.2635294117647059,0.003992015968063872,340
0.3,distributed,ours_f9_priority_insertion,0,3,307,307,0,0.0,1.0292397660818713,1.0,2.2112174369667756,1.0,1.2112174369667756,0.0,0,0.27288629737609327,0.007,342
0.3,distributed,ours_f9_priority_insertion,0,4,303,303,0,0.0,1.013623978201635,1.0,2.22311235860228,1.001,1.22211235860228,0.0,0,0.26059782608695653,0.001998001998001998,367
0.3,distributed,ours_f9_priority_insertion,0,5,293,293,0,0.0,1.0470588235294118,1.0,2.2089224309765285,0.995,1.2139224309765284,0.0,0,0.2656891495601173,0.012,340
0.3,distributed,ours_f9_priority_insertion,0,6,331,331,0,0.0,1.0132275132275133,1.0,2.1988573743500663,0.998,1.2008573743500663,0.0,0,0.28891820580474936,0.004,378
0.3,distributed,ours_f9_priority_insertion,1,7,282,282,0,0.0,1.0951086956521738,1.6499999999999773,2.2414672588535813,1.001,1.2404672588535817,0.0,0,0.27783783783783783,0.025974025974025976,368
0.3,distributed,ours_f9_priority_insertion,1,8,295,295,0,0.0,1.108235294117647,2.0,2.253038641276974,1.0,1.2530386412769736,0.0,0,0.2774647887323944,0.032,425
0.3,distributed,ours_f9_priority_insertion,1,9,309,309,0,0.0,1.095137420718816,1.0,2.267288199119494,0.998,1.2692881991194942,0.0,0,0.2569620253164557,0.037,473
0.3,distributed,ours_f9_priority_insertion,1,10,332,332,0,0.0,1.125,2.0,2.28830460137161,1.002,1.28630460137161,0.0,0,0.25218295218295217,0.04291417165668663,480
0.3,distributed,ours_f9_priority_insertion,1,11,313,313,0,0.0,1.1146067415730336,2.0,2.277818015923682,0.995,1.282818015923682,0.0,0,0.2446188340807175,0.028,445
0.3,distributed,ours_f9_priority_insertion,1,12,267,267,0,0.0,1.0688705234159779,2.0,2.2333848058675905,1.003,1.2303848058675904,0.0,0,0.26721763085399447,0.004985044865403789,363
0.3,distributed,ours_f9_priority_insertion,2,13,275,275,0,0.0,1.0747126436781609,1.0,2.22483548102789,1.002,1.2228354810278903,0.0,0,0.25787965616045844,0.018962075848303395,348
0.3,distributed,ours_f9_priority_insertion,2,14,311,311,0,0.0,1.0498753117206983,1.0,2.2367962235914676,0.995,1.2417962235914675,0.0,0,0.2716417910447761,0.017,401
0.3,distributed,ours_f9_priority_insertion,2,15,306,306,0,0.0,1.0623441396508728,1.0,2.266538229381987,1.001,1.265538229381987,0.0,0,0.24039900249376558,0.015984015984015984,401
0.3,distributed,ours_f9_priority_insertion,2,16,285,285,0,0.0,1.0448179271708684,1.0,2.227780441840366,1.001,1.2267804418403663,0.0,0,0.28431372549019607,0.00999000999000999,357
0.3,distributed,ours_f9_priority_insertion,2,17,314,314,0,0.0,1.0434782608695652,1.0,2.2366011028168824,1.0,1.2366011028168824,0.0,0,0.27595907928388747,0.009,391
0.3,distributed,ours_f9_priority_insertion,2,18,315,315,0,0.0,1.1252900232018561,2.0,2.252269627318954,0.998,1.2542696273189542,0.0,0,0.28125,0.043,431
0.3,distributed,ours_f9_priority_insertion,3,19,299,299,0,0.0,1.0532544378698225,1.0,2.206195455355041,1.0,1.2061954553550411,0.0,0,0.3168639053254438,0.018,338
0.3,distributed,ours_f9_priority_insertion,3,20,304,304,0,0.0,1.0527777777777778,1.0,2.195216067659896,0.997,1.198216067659896,0.0,0,0.261218836565097,0.018,360
0.3,distributed,ours_f9_priority_insertion,3,21,329,329,0,0.0,1.0620347394540943,1.0,2.2202467548419276,0.995,1.2252467548419277,0.0,0,0.2581683168316832,0.018,403
0.3,distributed,ours_f9_priority_insertion,3,22,303,303,0,0.0,1.0743801652892562,1.0,2.182824927139881,1.001,1.181824927139881,0.0,0,0.29013698630136986,0.023976023976023976,363
0.3,distributed,ours_f9_priority_insertion,3,23,298,298,0,0.0,1.0244565217391304,1.0,2.206466925412129,1.0,1.206466925412129,0.0,0,0.2703804347826087,0.007,368
0.3,distributed,ours_f9_priority_insertion,3,24,283,283,0,0.0,1.0339506172839505,1.0,2.183138501095489,1.0,1.183138501095489,0.0,0,0.3129230769230769,0.007,324
0.3,distributed,ours_f9_priority_insertion,4,25,289,289,0,0.0,1.1557177615571776,2.0,2.2135204089031877,1.002,1.2115204089031877,0.0,0,0.2980582524271845,0.05688622754491018,411
0.3,distributed,ours_f9_priority_insertion,4,26,286,286,0,0.0,1.1111111111111112,2.0,2.1949849972503146,1.001,1.1939849972503147,0.0,0,0.31262886597938144,0.03796203796203796,387
0.3,distributed,ours_f9_priority_insertion,4,27,316,316,0,0.0,1.1096774193548387,1.0,2.213779370702696,1.001,1.2127793707026957,0.0,0,0.2684549356223176,0.04295704295704296,465
0.3,distributed,ours_f9_priority_insertion,4,28,256,256,0,0.0,1.0441988950276244,1.0,2.2062155670086927,0.994,1.212215567008693,0.0,0,0.30604395604395607,0.014,362
0.3,distributed,ours_f9_priority_insertion,4,29,342,342,0,0.0,1.0628683693516698,1.0,2.262691308052567,1.001,1.2616913080525671,0.0,0,0.2543859649122807,0.024975024975024976,509
0.3,distributed,ours_f9_priority_insertion,4,30,309,309,0,0.0,1.0810810810810811,1.0,2.211778807955036,1.003,1.208778807955036,0.0,0,0.2608988764044944,0.03389830508474576,444
0.5,concentrated,ours_f9_priority_insertion,0,1,463,463,0,0.0,1.3819951338199514,2.0,2.7530473542207696,1.0,1.7530473542207694,0.0,0,0.0,0.0,411
0.5,concentrated,ours_f9_priority_insertion,0,2,498,498,0,0.0,1.381057268722467,2.0,2.737155588036157,1.001,1.736155588036157,0.0,0,0.0,0.0,454
0.5,concentrated,ours_f9_priority_insertion,0,3,502,502,0,0.0,1.3893617021276596,2.0,2.7359369171479244,0.998,1.7379369171479246,0.0,0,0.0,0.0,470
0.5,concentrated,ours_f9_priority_insertion,0,4,511,511,0,0.0,1.3549060542797495,2.0,2.7346529151501255,1.001,1.7336529151501257,0.0,0,0.0,0.0,479
0.5,concentrated,ours_f9_priority_insertion,0,5,477,477,0,0.0,1.392156862745098,2.0,2.7361957063220856,0.998,1.7381957063220854,0.0,0,0.0,0.0,459
0.5,concentrated,ours_f9_priority_insertion,0,6,539,539,0,0.0,1.3510204081632653,2.0,2.7116031894766577,1.002,1.7096031894766575,0.0,0,0.0,0.0,490
0.5,concentrated,ours_f9_priority_insertion,1,7,458,458,0,0.0,1.3005671077504726,2.0,2.6926686477822748,1.0,1.6926686477822748,0.0,0,0.0,0.0,529
0.5,concentrated,ours_f9_priority_insertion,1,8,495,495,0,0.0,1.293193717277487,2.0,2.684462860605694,1.002,1.682462860605694,0.0,0,0.0,0.0,573
0.5,concentrated,ours_f9_priority_insertion,1,9,502,502,0,0.0,1.3079646017699116,2.0,2.7080042812671183,1.0,1.7080042812671183,0.0,0,0.0,0.0,565
0.5,concentrated,ours_f9_priority_insertion,1,10,514,514,0,0.0,1.3722222222222222,2.0,2.716409637522924,1.001,1.715409637522924,0.0,0,0.0,0.0,540
0.5,concentrated,ours_f9_priority_insertion,1,11,512,512,0,0.0,1.3140916808149405,2.0,2.7482878785283056,1.001,1.7472878785283055,0.0,0,0.0,0.0,589
0.5,concentrated,ours_f9_priority_insertion,1,12,457,457,0,0.0,1.3127413127413128,2.0,2.726259339368183,1.002,1.7242593393681829,0.0,0,0.0,0.0,518
0.5,concentrated,ours_f9_priority_insertion,2,13,490,490,0,0.0,1.3666666666666667,2.0,2.739067036747434,1.001,1.7380670367474338,0.0,0,0.0,0.0,480
0.5,concentrated,ours_f9_priority_insertion,2,14,505,505,0,0.0,1.3490196078431373,2.0,2.7473609919871964,1.001,1.7463609919871965,0.0,0,0.0,0.0,510
0.5,concentrated,ours_f9_priority_insertion,2,15,477,477,0,0.0,1.346938775510204,2.0,2.7342659369070432,0.995,1.7392659369070431,0.0,0,0.0,0.0,490
0.5,concentrated,ours_f9_priority_insertion,2,16,494,494,0,0.0,1.3704453441295548,2.0,2.7241437303800318,1.0,1.7241437303800318,0.0,0,0.0,0.0,494
0.5,concentrated,ours_f9_priority_insertion,2,17,530,530,0,0.0,1.3540856031128405,2.0,2.7443252265223546,1.001,1.7433252265223547,0.0,0,0.0,0.0,514
0.5,concentrated,ours_f9_priority_insertion,2,18,519,519,0,0.0,1.3464991023339319,2.0,2.766794952426899,1.001,1.7657949524268992,0.0,0,0.0,0.0,557
0.5,concentrated,ours_f9_priority_insertion,3,19,481,481,0,0.0,1.4484412470023982,2.0,2.744108065334863,1.001,1.7431080653348632,0.0,0,0.0,0.0,417
0.5,concentrated,ours_f9_priority_insertion,3,20,515,515,0,0.0,1.4568181818181818,2.0,2.7521274174899597,1.001,1.75112741748996,0.0,0,0.0,0.0,440
0.5,concentrated,ours_f9_priority_insertion,3,21,515,515,0,0.0,1.3576017130620985,2.0,2.7258208781546047,1.001,1.7248208781546048,0.0,0,0.0,0.0,467
0.5,concentrated,ours_f9_priority_insertion,3,22,496,496,0,0.0,1.3730684326710816,2.0,2.7201344205375952,0.999,1.7211344205375951,0.0,0,0.0,0.0,453
0.5,concentrated,ours_f9_priority_insertion,3,23,506,506,0,0.0,1.3253796095444685,2.0,2.737813133739955,1.001,1.7368131337399553,0.0,0,0.0,0.0,461
0.5,concentrated,ours_f9_priority_insertion,3,24,494,494,0,0.0,1.3802197802197802,2.0,2.7278687957177166,0.999,1.7288687957177165,0.0,0,0.0,0.0,455
0.5,concentrated,ours_f9_priority_insertion,4,25,488,488,0,0.0,1.331384015594542,2.0,2.7458082166341513,1.001,1.7448082166341514,0.0,0,0.0,0.0,513
0.5,concentrated,ours_f9_priority_insertion,4,26,489,489,0,0.0,1.3353535353535353,2.0,2.7120356689625216,0.997,1.7150356689625217,0.0,0,0.0,0.0,495
0.5,concentrated,ours_f9_priority_insertion,4,27,492,492,0,0.0,1.3584521384928716,2.0,2.731460083930543,0.997,1.7344600839305433,0.0,0,0.0,0.0,491
0.5,concentrated,ours_f9_priority_insertion,4,28,453,453,0,0.0,1.3747228381374723,2.0,2.6949736255304773,1.001,1.6939736255304774,0.0,0,0.0,0.0,451
0.5,concentrated,ours_f9_priority_insertion,4,29,553,553,0,0.0,1.300509337860781,2.0,2.735561992286232,1.002,1.733561992286232,0.0,0,0.0,0.0,589
0.5,concentrated,ours_f9_priority_insertion,4,30,493,493,0,0.0,1.3478260869565217,2.0,2.7137912898967125,1.002,1.7117912898967123,0.0,0,0.0,0.0,483
0.5,distributed,ours_f9_priority_insertion,0,1,463,463,0,0.0,1.0986193293885602,1.0,2.2399309268885172,1.001,1.2389309268885174,0.0,0,0.26804733727810653,0.04495504495504495,507
0.5,distributed,ours_f9_priority_insertion,0,2,498,498,0,0.0,1.0820244328097732,1.0,2.264482510892306,1.002,1.262482510892306,0.0,0,0.2445993031358885,0.04291417165668663,573
0.5,distributed,ours_f9_priority_insertion,0,3,502,502,0,0.0,1.0581196581196581,1.0,2.2609345799674485,0.999,1.2619345799674484,0.0,0,0.23356047700170357,0.029,585
0.5,distributed,ours_f9_priority_insertion,0,4,511,511,0,0.0,1.0380794701986755,1.0,2.2738792120410274,1.001,1.2728792120410277,0.0,0,0.22264462809917354,0.017982017982017984,604
0.5,distributed,ours_f9_priority_insertion,0,5,477,477,0,0.0,1.05956678700361,1.0,2.248895453264606,0.999,1.249895453264606,0.0,0,0.2273873873873874,0.024,554
0.5,distributed,ours_f9_priority_insertion,0,6,539,539,0,0.0,1.0580431177446104,1.0,2.2336034240315987,1.001,1.2326034240315986,0.0,0,0.25594059405940595,0.03396603396603397,603
0.5,distributed,ours_f9_priority_insertion,1,7,458,458,0,0.0,1.1636085626911314,2.0,2.2763472667787683,1.001,1.2753472667787686,0.0,0,0.25045871559633026,0.08091908091908091,654
0.5,distributed,ours_f9_priority_insertion,1,8,495,495,0,0.0,1.1692524682651622,2.0,2.299022642632232,1.002,1.2970226426322322,0.0,0,0.24005641748942172,0.09081836327345309,709
0.5,distributed,ours_f9_priority_insertion,1,9,502,502,0,0.0,1.1742627345844503,2.0,2.328159222612314,0.999,1.329159222612314,0.0,0,0.23560910307898258,0.094,746
0.5,distributed,ours_f9_priority_insertion,1,10,514,514,0,0.0,1.2250332889480693,2.0,2.3301721855613367,1.001,1.3291721855613368,0.0,0,0.23665338645418327,0.13186813186813187,751
0.5,distributed,ours_f9_priority_insertion,1,11,512,512,0,0.0,1.221024258760108,2.0,2.3151665651490587,1.001,1.3141665651490586,0.0,0,0.22812920592193808,0.12887112887112886,742
0.5,distributed,ours_f9_priority_insertion,1,12,457,457,0,0.0,1.1558641975308641,2.0,2.3154231776093948,1.002,1.3134231776093945,0.0,0,0.22854938271604938,0.06786427145708583,648
0.5,distributed,ours_f9_priority_insertion,2,13,490,490,0,0.0,1.1137071651090342,2.0,2.290838952889324,1.001,1.2898389528893242,0.0,0,0.2334890965732087,0.055944055944055944,642
0.5,distributed,ours_f9_priority_insertion,2,14,505,505,0,0.0,1.0723781388478582,1.0,2.2721484065023247,1.001,1.271148406502325,0.0,0,0.24477172312223858,0.03796203796203796,677
0.5,distributed,ours_f9_priority_insertion,2,15,477,477,0,0.0,1.139937106918239,2.0,2.298385290202849,0.994,1.3043852902028492,0.0,0,0.21745283018867925,0.07,636
0.5,distributed,ours_f9_priority_insertion,2,16,494,494,0,0.0,1.0884955752212389,2.0,2.2948685778405844,1.0,1.2948685778405846,0.0,0,0.2251101321585903,0.046,678
0.5,distributed,ours_f9_priority_insertion,2,17,530,530,0,0.0,1.0883233532934131,2.0,2.282493106578525,1.001,1.2814931065785253,0.0,0,0.2471556886227545,0.04295704295704296,668
0.5,distributed,ours_f9_priority_insertion,2,18,519,519,0,0.0,1.1390449438202248,2.0,2.2889618079641343,1.002,1.2869618079641345,0.0,0,0.22837078651685394,0.07784431137724551,712
0.5,distributed,ours_f9_priority_insertion,3,19,481,481,0,0.0,1.0743362831858407,1.0,2.2483226868059125,1.001,1.2473226868059126,0.0,0,0.28,0.03796203796203796,565
0.5,distributed,ours_f9_priority_insertion,3,20,515,515,0,0.0,1.095890410958904,2.0,2.246438439254196,1.001,1.2454384392541964,0.0,0,0.2574829931972789,0.04495504495504495,584
0.5,distributed,ours_f9_priority_insertion,3,21,515,515,0,0.0,1.0755336617405582,1.0,2.2727454147971633,1.002,1.270745414797163,0.0,0,0.25533661740558294,0.036926147704590816,609
0.5,distributed,ours_f9_priority_insertion,3,22,496,496,0,0.0,1.0954003407155026,1.0,2.2454487669779195,0.999,1.2464487669779196,0.0,0,0.2713073005093379,0.05,587
0.5,distributed,ours_f9_priority_insertion,3,23,506,506,0,0.0,1.0675453047775947,1.0,2.244874907962086,1.002,1.242874907962086,0.0,0,0.25641447368421055,0.03792415169660679,607
0.5,distributed,ours_f9_priority_insertion,3,24,494,494,0,0.0,1.1050788091068302,2.0,2.232484803545,0.999,1.2334848035449997,0.0,0,0.29458987783595114,0.051,571
0.5,distributed,ours_f9_priority_insertion,4,25,488,488,0,0.0,1.2178517397881996,2.0,2.2575130875596905,1.0,1.2575130875596903,0.0,0,0.2683734939759036,0.126,661
0.5,distributed,ours_f9_priority_insertion,4,26,489,489,0,0.0,1.1756373937677054,2.0,2.2698272181131216,0.997,1.2728272181131217,0.0,0,0.2405099150141643,0.107,706
0.5,distributed,ours_f9_priority_insertion,4,27,492,492,0,0.0,1.2020348837209303,2.0,2.2625478189751163,0.997,1.2655478189751161,0.0,0,0.25956521739130434,0.12,688
0.5,distributed,ours_f9_priority_insertion,4,28,453,453,0,0.0,1.1613394216133943,2.0,2.2365352044394298,1.003,1.2335352044394299,0.0,0,0.28270106221547797,0.09471585244267199,657
0.5,distributed,ours_f9_priority_insertion,4,29,553,553,0,0.0,1.1855541718555418,2.0,2.2680197620759284,1.002,1.2660197620759281,0.0,0,0.2514321295143213,0.13373253493013973,803
0.5,distributed,ours_f9_priority_insertion,4,30,493,493,0,0.0,1.1598240469208212,2.0,2.252186727665303,1.001,1.251186727665303,0.0,0,0.2657894736842105,0.1008991008991009,682
0.7,concentrated,ours_f9_priority_insertion,0,1,677,677,0,0.0,1.3495145631067962,2.0,2.76215865066749,1.0,1.76215865066749,0.0,0,0.0,0.0,618
0.7,concentrated,ours_f9_priority_insertion,0,2,698,698,0,0.0,1.3771251931993818,2.0,2.7583270743866377,1.0,1.758327074386638,0.0,0,0.0,0.0,647
0.7,concentrated,ours_f9_priority_insertion,0,3,704,704,0,0.0,1.401854714064915,2.0,2.747153077313459,0.999,1.7481530773134593,0.0,0,0.0,0.0,647
0.7,concentrated,ours_f9_priority_insertion,0,4,732,732,0,0.0,1.3950995405819295,2.0,2.7522784129398037,1.001,1.7512784129398038,0.0,0,0.0,0.000999000999000999,653
0.7,concentrated,ours_f9_priority_insertion,0,5,670,670,0,0.0,1.3973727422003284,2.0,2.7447896549010693,1.0,1.7447896549010693,0.0,0,0.0,0.0,609
0.7,concentrated,ours_f9_priority_insertion,0,6,749,749,0,0.0,1.364963503649635,2.0,2.7657872228744997,1.002,1.7637872228744997,0.0,0,0.0,0.0,685
0.7,concentrated,ours_f9_priority_insertion,1,7,660,660,0,0.0,1.3028720626631853,2.0,2.740247852478084,1.003,1.7372478524780837,0.0,0,0.0,0.0,766
0.7,concentrated,ours_f9_priority_insertion,1,8,668,668,0,0.0,1.3067400275103163,2.0,2.704994502976247,1.001,1.703994502976247,0.0,0,0.0,0.0,727
0.7,concentrated,ours_f9_priority_insertion,1,9,696,696,0,0.0,1.3216520650813517,2.0,2.7466739911099363,1.001,1.7456739911099364,0.0,0,0.0,0.0,799
0.7,concentrated,ours_f9_priority_insertion,1,10,727,727,0,0.0,1.3470873786407767,2.0,2.746438733143005,1.001,1.745438733143005,0.0,0,0.0,0.000999000999000999,824
0.7,concentrated,ours_f9_priority_insertion,1,11,714,714,0,0.0,1.3162393162393162,2.0,2.7660163382676273,1.002,1.7640163382676273,0.0,0,0.0,0.0,819
0.7,concentrated,ours_f9_priority_insertion,1,12,654,654,0,0.0,1.3095238095238095,2.0,2.738026816095852,1.001,1.737026816095852,0.0,0,0.0,0.0,756
0.7,concentrated,ours_f9_priority_insertion,2,13,706,706,0,0.0,1.3646723646723646,2.0,2.7477320245282684,1.002,1.7457320245282686,0.0,0,0.0,0.0,702
0.7,concentrated,ours_f9_priority_insertion,2,14,724,724,0,0.0,1.3502747252747254,2.0,2.7497554783445937,1.002,1.7477554783445939,0.0,0,0.0,0.0,728
0.7,concentrated,ours_f9_priority_insertion,2,15,685,685,0,0.0,1.361671469740634,2.0,2.7455015731664787,0.993,1.7525015731664788,0.0,0,0.0,0.0,694
0.7,concentrated,ours_f9_priority_insertion,2,16,679,679,0,0.0,1.3588235294117648,2.0,2.7508241304402636,1.0,1.7508241304402636,0.0,0,0.0,0.0,680
0.7,concentrated,ours_f9_priority_insertion,2,17,744,744,0,0.0,1.3723252496433667,2.0,2.7441101284049676,1.002,1.7421101284049674,0.0,0,0.0,0.0,701
0.7,concentrated,ours_f9_priority_insertion,2,18,706,706,0,0.0,1.3526244952893673,2.0,2.7752340444077817,1.001,1.7742340444077818,0.0,0,0.0,0.0,743
0.7,concentrated,ours_f9_priority_insertion,3,19,653,653,0,0.0,1.4198606271777003,2.0,2.760929830604819,1.002,1.7589298306048191,0.0,0,0.0,0.0,574
0.7,concentrated,ours_f9_priority_insertion,3,20,721,721,0,0.0,1.445880452342488,2.0,2.76085438055941,0.998,1.7628543805594097,0.0,0,0.0,0.0,619
0.7,concentrated,ours_f9_priority_insertion,3,21,717,717,0,0.0,1.3738317757009346,2.0,2.763541018964764,1.002,1.7615410189647638,0.0,0,0.0,0.0,642
0.7,concentrated,ours_f9_priority_insertion,3,22,688,688,0,0.0,1.3640776699029127,2.0,2.757658162672441,0.999,1.758658162672441,0.0,0,0.0,0.0,618
0.7,concentrated,ours_f9_priority_insertion,3,23,704,704,0,0.0,1.3338582677165354,2.0,2.7560157060839305,1.001,1.7550157060839309,0.0,0,0.0,0.0,635
0.7,concentrated,ours_f9_priority_insertion,3,24,674,674,0,0.0,1.3908794788273615,2.0,2.766623152092011,1.001,1.765623152092011,0.0,0,0.0,0.0,614
0.7,concentrated,ours_f9_priority_insertion,4,25,688,688,0,0.0,1.3540802213001384,2.0,2.7609603812072283,1.002,1.7589603812072283,0.0,0,0.0,0.0,723
0.7,concentrated,ours_f9_priority_insertion,4,26,688,688,0,0.0,1.36376604850214,2.0,2.7370273030153904,0.999,1.7380273030153905,0.0,0,0.0,0.0,701
0.7,concentrated,ours_f9_priority_insertion,4,27,671,671,0,0.0,1.3437945791726105,2.0,2.759493121821917,1.002,1.7574931218219172,0.0,0,0.0,0.0,701
0.7,concentrated,ours_f9_priority_insertion,4,28,645,645,0,0.0,1.362297496318115,2.0,2.74760916332335,1.002,1.74560916332335,0.0,0,0.0,0.0,679
0.7,concentrated,ours_f9_priority_insertion,4,29,745,745,0,0.0,1.3180661577608141,2.0,2.7749411236804993,1.001,1.7739411236804994,0.0,0,0.0,0.0,786
0.7,concentrated,ours_f9_priority_insertion,4,30,693,693,0,0.0,1.3682678311499272,2.0,2.7575818712609625,0.996,1.7615818712609626,0.0,0,0.0,0.0,687
0.7,distributed,ours_f9_priority_insertion,0,1,677,677,0,0.0,1.0802631578947368,1.0,2.276390600832171,1.0,1.276390600832171,0.0,0,0.2218421052631579,0.049,760
0.7,distributed,ours_f9_priority_insertion,0,2,698,698,0,0.0,1.0945273631840795,2.0,2.2989590016178867,1.0,1.2989590016178867,0.0,0,0.22151741293532337,0.06,804
0.7,distributed,ours_f9_priority_insertion,0,3,704,704,0,0.0,1.0680100755667505,1.0,2.2853197224569963,0.999,1.2863197224569964,0.0,0,0.23538268506900878,0.038,794
0.7,distributed,ours_f9_priority_insertion,0,4,732,732,0,0.0,1.0801435406698565,2.0,2.291269395686167,1.001,1.290269395686167,0.0,0,0.21875746714456393,0.057942057942057944,836
0.7,distributed,ours_f9_priority_insertion,0,5,670,670,0,0.0,1.0677966101694916,1.0,2.294325437340021,1.0,1.294325437340021,0.0,0,0.21092327698309493,0.04,767
0.7,distributed,ours_f9_priority_insertion,0,6,749,749,0,0.0,1.100558659217877,2.0,2.2929508010747046,1.002,1.2909508010747048,0.0,0,0.20748603351955308,0.08183632734530938,895
0.7,distributed,ours_f9_priority_insertion,1,7,660,660,0,0.0,1.2747701736465782,2.0,2.3443654881590343,1.002,1.3423654881590343,0.0,0,0.21171079429735234,0.21057884231536927,979
0.7,distributed,ours_f9_priority_insertion,1,8,668,668,0,0.0,1.1993670886075949,2.0,2.3392004841970495,1.001,1.3382004841970498,0.0,0,0.23728991596638654,0.14585414585414586,948
0.7,distributed,ours_f9_priority_insertion,1,9,696,696,0,0.0,1.2327672327672328,2.0,2.345105496190909,1.002,1.3431054961909088,0.0,0,0.22472582253240278,0.18562874251497005,1001
0.7,distributed,ours_f9_priority_insertion,1,10,727,727,0,0.0,1.3097928436911488,2.949999999999932,2.368666040862809,1.002,1.3666660408628089,0.0,0,0.21804511278195488,0.2624750499001996,1062
0.7,distributed,ours_f9_priority_insertion,1,11,714,714,0,0.0,1.3221476510067114,3.0,2.340732253713044,1.001,1.339732253713044,0.0,0,0.22,0.28771228771228774,1043
0.7,distributed,ours_f9_priority_insertion,1,12,654,654,0,0.0,1.3351120597652082,3.0,2.3215463752955574,1.0,1.3215463752955574,0.0,0,0.22121535181236673,0.254,937
0.7,distributed,ours_f9_priority_insertion,2,13,706,706,0,0.0,1.173219978746015,2.0,2.310028131759281,1.001,1.3090281317592811,0.0,0,0.2114528101802757,0.13086913086913088,941
0.7,distributed,ours_f9_priority_insertion,2,14,724,724,0,0.0,1.1362704918032787,2.0,2.308585392444132,1.002,1.306585392444132,0.0,0,0.23575819672131149,0.11277445109780439,976
0.7,distributed,ours_f9_priority_insertion,2,15,685,685,0,0.0,1.182900432900433,2.0,2.3374387476696397,0.993,1.3444387476696396,0.0,0,0.20951351351351352,0.138,924
0.7,distributed,ours_f9_priority_insertion,2,16,679,679,0,0.0,1.1444201312910285,2.0,2.336155237026748,1.001,1.3351552370267485,0.0,0,0.2116557734204793,0.1008991008991009,914
0.7,distributed,ours_f9_priority_insertion,2,17,744,744,0,0.0,1.149789029535865,2.0,2.300449950786102,1.002,1.298449950786102,0.0,0,0.22655426765015807,0.11077844311377245,948
0.7,distributed,ours_f9_priority_insertion,2,18,706,706,0,0.0,1.1784232365145229,2.0,2.348915600222349,1.001,1.347915600222349,0.0,0,0.20932642487046632,0.13286713286713286,964
0.7,distributed,ours_f9_priority_insertion,3,19,653,653,0,0.0,1.1358839050131926,2.0,2.2783680646624567,1.003,1.2753680646624568,0.0,0,0.2538866930171278,0.09072781655034895,758
0.7,distributed,ours_f9_priority_insertion,3,20,721,721,0,0.0,1.1281094527363185,2.0,2.287033611577262,0.998,1.289033611577262,0.0,0,0.24826302729528535,0.072,804
0.7,distributed,ours_f9_priority_insertion,3,21,717,717,0,0.0,1.1323529411764706,2.0,2.2898299098188972,1.001,1.2888299098188973,0.0,0,0.23880048959608324,0.08891108891108891,816
0.7,distributed,ours_f9_priority_insertion,3,22,688,688,0,0.0,1.1538461538461537,2.0,2.281957838572702,0.999,1.2829578385727023,0.0,0,0.25534591194968553,0.112,793
0.7,distributed,ours_f9_priority_insertion,3,23,704,704,0,0.0,1.0727923627684963,1.0,2.2787907297180494,1.001,1.2777907297180495,0.0,0,0.23210023866348448,0.053946053946053944,838
0.7,distributed,ours_f9_priority_insertion,3,24,674,674,0,0.0,1.1605095541401274,2.0,2.280859436854654,1.002,1.278859436854654,0.0,0,0.2731893265565438,0.11477045908183632,785
0.7,distributed,ours_f9_priority_insertion,4,25,688,688,0,0.0,1.4477296726504751,3.0,2.2941114118305093,1.002,1.292111411830509,0.0,0,0.2577449947312961,0.3852295409181637,947
0.7,distributed,ours_f9_priority_insertion,4,26,688,688,0,0.0,1.3264675592173019,3.0,2.285483894703978,0.999,1.286483894703978,0.0,0,0.25932028836251286,0.283,971
0.7,distributed,ours_f9_priority_insertion,4,27,671,671,0,0.0,1.3187042842215255,2.0,2.288634157697577,1.002,1.2866341576975766,0.0,0,0.24504692387904067,0.27345309381237526,957
0.7,distributed,ours_f9_priority_insertion,4,28,645,645,0,0.0,1.3133047210300428,3.0,2.2869678932906137,1.001,1.285967893290614,0.0,0,0.26093916755602986,0.26973026973026976,932
0.7,distributed,ours_f9_priority_insertion,4,29,745,745,0,0.0,1.3845437616387337,3.0,2.321838210702086,1.002,1.319838210702086,0.0,0,0.24180633147113595,0.3772455089820359,1074
0.7,distributed,ours_f9_priority_insertion,4,30,693,693,0,0.0,1.2019900497512437,2.0,2.2930293016798213,0.996,1.2970293016798216,0.0,0,0.2431976166832175,0.176,1005
0.9,concentrated,ours_f9_priority_insertion,0,1,866,866,0,0.0,1.369289340101523,2.0,2.783673217971476,1.002,1.7816732179714758,0.0,0,0.0,0.000998003992015968,788
0.9,concentrated,ours_f9_priority_insertion,0,2,921,921,0,0.0,1.4004825090470445,2.0,2.775963337470743,1.002,1.773963337470743,0.0,0,0.0,0.0029940119760479044,829
0.9,concentrated,ours_f9_priority_insertion,0,3,914,914,0,0.0,1.4267834793491865,2.0,2.7665196717184815,1.002,1.7645196717184817,0.0,0,0.0,0.001996007984031936,799
0.9,concentrated,ours_f9_priority_insertion,0,4,913,913,0,0.0,1.3742550655542312,2.0,2.7716878832460172,0.999,1.7726878832460171,0.0,0,0.0,0.001,839
0.9,concentrated,ours_f9_priority_insertion,0,5,867,867,0,0.0,1.4149214659685865,2.0,2.7553834513062734,1.0,1.7553834513062732,0.0,0,0.0,0.003,764
0.9,concentrated,ours_f9_priority_insertion,0,6,949,949,0,0.0,1.3939745075318657,2.0,2.7758643471029334,1.002,1.7738643471029336,0.0,0,0.0,0.011976047904191617,863
0.9,concentrated,ours_f9_priority_insertion,1,7,831,831,0,0.0,1.3225130890052357,2.0,2.741626031794024,1.002,1.739626031794024,0.0,0,0.0,0.008982035928143712,955
0.9,concentrated,ours_f9_priority_insertion,1,8,885,885,0,0.0,1.3240556660039762,2.0,2.7413660786982863,1.0,1.7413660786982865,0.0,0,0.0,0.016,1006
0.9,concentrated,ours_f9_priority_insertion,1,9,885,885,0,0.0,1.3336745138178097,2.0,2.756091685887585,0.999,1.7570916858875851,0.0,0,0.0,0.001,977
0.9,concentrated,ours_f9_priority_insertion,1,10,940,940,0,0.0,1.3524514338575393,2.0,2.759880786252466,1.002,1.7578807862524661,0.0,0,0.0,0.015968063872255488,1081
0.9,concentrated,ours_f9_priority_insertion,1,11,915,915,0,0.0,1.3356435643564357,2.0,2.77564181698824,1.001,1.77464181698824,0.0,0,0.0,0.0,1010
0.9,concentrated,ours_f9_priority_insertion,1,12,852,852,0,0.0,1.3280922431865827,2.0,2.745111502246661,1.001,1.7441115022466611,0.0,0,0.0,0.000999000999000999,954
0.9,concentrated,ours_f9_priority_insertion,2,13,906,906,0,0.0,1.370913190529876,2.0,2.755165667000629,1.001,1.7541656670006287,0.0,0,0.0,0.003996003996003996,887
0.9,concentrated,ours_f9_priority_insertion,2,14,919,919,0,0.0,1.3455882352941178,2.0,2.771234269265806,1.001,1.7702342692658057,0.0,0,0.0,0.004995004995004995,952
0.9,concentrated,ours_f9_priority_insertion,2,15,903,903,0,0.0,1.3597285067873304,2.0,2.757416140383052,1.002,1.7554161403830517,0.0,0,0.0,0.003992015968063872,884
0.9,concentrated,ours_f9_priority_insertion,2,16,864,864,0,0.0,1.3641618497109826,2.0,2.7814397909571396,1.002,1.7794397909571393,0.0,0,0.0,0.003992015968063872,865
0.9,concentrated,ours_f9_priority_insertion,2,17,945,945,0,0.0,1.3671957671957673,2.0,2.7484383715774237,0.998,1.7504383715774237,0.0,0,0.0,0.014,945
0.9,concentrated,ours_f9_priority_insertion,2,18,899,899,0,0.0,1.360725720384205,2.0,2.7904492535577186,0.999,1.7914492535577184,0.0,0,0.0,0.001,937
0.9,concentrated,ours_f9_priority_insertion,3,19,870,870,0,0.0,1.397946084724005,2.0,2.7674887339983147,1.0,1.7674887339983145,0.0,0,0.0,0.0,779
0.9,concentrated,ours_f9_priority_insertion,3,20,921,921,0,0.0,1.462033462033462,2.0,2.755231566275413,1.0,1.755231566275413,0.0,0,0.0,0.007,777
0.9,concentrated,ours_f9_priority_insertion,3,21,900,900,0,0.0,1.3921319796954315,2.0,2.7805155968553645,1.0,1.7805155968553645,0.0,0,0.0,0.0,788
0.9,concentrated,ours_f9_priority_insertion,3,22,892,892,0,0.0,1.3820078226857888,2.0,2.7726071253279407,1.002,1.770607125327941,0.0,0,0.0,0.0,767
0.9,concentrated,ours_f9_priority_insertion,3,23,879,879,0,0.0,1.342273307790549,2.0,2.7602458423562406,1.001,1.7592458423562407,0.0,0,0.0,0.001998001998001998,783
0.9,concentrated,ours_f9_priority_insertion,3,24,883,883,0,0.0,1.3875476493011436,2.0,2.7715409215994447,1.002,1.7695409215994449,0.0,0,0.0,0.0,787
0.9,concentrated,ours_f9_priority_insertion,4,25,880,880,0,0.0,1.3564463705308776,2.0,2.7626486912868,1.002,1.7606486912867998,0.0,0,0.0,0.00499001996007984,923
0.9,concentrated,ours_f9_priority_insertion,4,26,879,879,0,0.0,1.3472367049009384,2.0,2.7658306886349067,1.002,1.7638306886349067,0.0,0,0.0,0.007984031936127744,959
0.9,concentrated,ours_f9_priority_insertion,4,27,897,897,0,0.0,1.3575949367088607,2.0,2.7419382035411517,1.001,1.7409382035411518,0.0,0,0.0,0.027972027972027972,948
0.9,concentrated,ours_f9_priority_insertion,4,28,820,820,0,0.0,1.3705463182897861,2.0,2.7576095760916415,1.001,1.7566095760916416,0.0,0,0.0,0.006993006993006993,842
0.9,concentrated,ours_f9_priority_insertion,4,29,959,959,0,0.0,1.3333333333333333,2.0,2.778314753736752,1.001,1.7773147537367522,0.0,0,0.0,0.007992007992007992,1014
0.9,concentrated,ours_f9_priority_insertion,4,30,874,874,0,0.0,1.351412429378531,2.0,2.7566389045141255,1.001,1.7556389045141256,0.0,0,0.0,0.001998001998001998,885
0.9,distributed,ours_f9_priority_insertion,0,1,866,866,0,0.0,1.0942622950819672,2.0,2.3289471865935614,1.002,1.3269471865935616,0.0,0,0.20112359550561798,0.06786427145708583,976
0.9,distributed,ours_f9_priority_insertion,0,2,921,921,0,0.0,1.1227229146692235,2.0,2.319798567403193,1.002,1.317798567403193,0.0,0,0.19837476099426385,0.10678642714570859,1043
0.9,distributed,ours_f9_priority_insertion,0,3,914,914,0,0.0,1.1537698412698412,2.0,2.3200601188298355,1.002,1.3180601188298355,0.0,0,0.22245301681503463,0.13073852295409183,1008
0.9,distributed,ours_f9_priority_insertion,0,4,913,913,0,0.0,1.1142857142857143,2.0,2.322821611849778,0.999,1.3238216118497783,0.0,0,0.199335232668566,0.107,1050
0.9,distributed,ours_f9_priority_insertion,0,5,867,867,0,0.0,1.1278586278586278,2.0,2.319317336933919,1.001,1.318317336933919,0.0,0,0.20900621118012422,0.0999000999000999,962
0.9,distributed,ours_f9_priority_insertion,0,6,949,949,0,0.0,1.1431095406360423,2.0,2.3076550565937093,1.001,1.3066550565937094,0.0,0,0.1962962962962963,0.14185814185814186,1132
0.9,distributed,ours_f9_priority_insertion,1,7,831,831,0,0.0,1.4855012427506213,4.0,2.3497577380410455,1.002,1.3477577380410453,0.0,0,0.21755976916735367,0.5139720558882236,1207
0.9,distributed,ours_f9_priority_insertion,1,8,885,885,0,0.0,1.361963190184049,3.0,2.3775558584091847,1.001,1.376555858409185,0.0,0,0.20513409961685825,0.3876123876123876,1304
0.9,distributed,ours_f9_priority_insertion,1,9,885,885,0,0.0,1.4520440251572326,3.0,2.3572566095658507,0.999,1.3582566095658508,0.0,0,0.22198748043818467,0.502,1272
0.9,distributed,ours_f9_priority_insertion,1,10,940,940,0,0.0,1.578639356254572,4.0,2.383400151605379,1.002,1.381400151605379,0.0,0,0.2043859649122807,0.6856287425149701,1367
0.9,distributed,ours_f9_priority_insertion,1,11,915,915,0,0.0,1.4880694143167028,4.0,2.3897200583856018,1.002,1.387720058385602,0.0,0,0.21633093525179856,0.5738522954091816,1383
0.9,distributed,ours_f9_priority_insertion,1,12,852,852,0,0.0,1.4510739856801909,3.2000000000000455,2.34348551487588,1.001,1.3424855148758799,0.0,0,0.20658207771609832,0.4915084915084915,1257
0.9,distributed,ours_f9_priority_insertion,2,13,906,906,0,0.0,1.2311475409836066,3.0,2.3583484409214455,1.002,1.3563484409214455,0.0,0,0.19386252045826513,0.22654690618762474,1220
0.9,distributed,ours_f9_priority_insertion,2,14,919,919,0,0.0,1.209795918367347,2.0,2.3426693051050886,1.001,1.3416693051050885,0.0,0,0.21182707993474714,0.22077922077922077,1225
0.9,distributed,ours_f9_priority_insertion,2,15,903,903,0,0.0,1.305324459234609,3.0,2.3592345762960005,1.002,1.3572345762960005,0.0,0,0.20613090306545154,0.3193612774451098,1202
0.9,distributed,ours_f9_priority_insertion,2,16,864,864,0,0.0,1.1968174204355109,2.0,2.3672692391788965,1.002,1.3652692391788963,0.0,0,0.202172096908939,0.18862275449101795,1194
0.9,distributed,ours_f9_priority_insertion,2,17,945,945,0,0.0,1.2427506213753108,2.0,2.3506852188822633,0.999,1.3516852188822632,0.0,0,0.20074380165289257,0.255,1207
0.9,distributed,ours_f9_priority_insertion,2,18,899,899,0,0.0,1.3827361563517915,3.0,2.375694785974131,0.999,1.376694785974131,0.0,0,0.19707792207792207,0.405,1228
0.9,distributed,ours_f9_priority_insertion,3,19,870,870,0,0.0,1.20160481444333,2.0,2.2961873041525838,1.001,1.2951873041525839,0.0,0,0.25515515515515513,0.17182817182817184,997
0.9,distributed,ours_f9_priority_insertion,3,20,921,921,0,0.0,1.21883920076118,2.0,2.2991566225111972,1.0,1.2991566225111975,0.0,0,0.22739336492890996,0.187,1051
0.9,distributed,ours_f9_priority_insertion,3,21,900,900,0,0.0,1.162882527147088,2.0,2.318462241322152,1.001,1.3174622413221517,0.0,0,0.2240431795878312,0.13886113886113885,1013
0.9,distributed,ours_f9_priority_insertion,3,22,892,892,0,0.0,1.1897880539499037,2.0,2.3150018951814575,1.002,1.3130018951814577,0.0,0,0.23048076923076924,0.16067864271457086,1038
0.9,distributed,ours_f9_priority_insertion,3,23,879,879,0,0.0,1.1783681214421253,2.0,2.2942922524383365,1.001,1.2932922524383363,0.0,0,0.22881516587677725,0.16883116883116883,1054
0.9,distributed,ours_f9_priority_insertion,3,24,883,883,0,0.0,1.2422779922779923,2.0,2.339037112508957,1.002,1.337037112508957,0.0,0,0.24441233140655105,0.22355289421157684,1036
0.9,distributed,ours_f9_priority_insertion,4,25,880,880,0,0.0,1.655343827671914,4.0,2.3470466415124713,1.001,1.3460466415124714,0.0,0,0.2390909090909091,0.7322677322677322,1207
0.9,distributed,ours_f9_priority_insertion,4,26,879,879,0,0.0,1.5183374083129584,3.0,2.3413759333802737,1.003,1.3383759333802738,0.0,0,0.24829545454545454,0.5972083748753739,1227
0.9,distributed,ours_f9_priority_insertion,4,27,897,897,0,0.0,1.6196319018404908,4.0,2.3314884327271734,1.002,1.3294884327271732,0.0,0,0.23236419280795714,0.7584830339321357,1304
0.9,distributed,ours_f9_priority_insertion,4,28,820,820,0,0.0,1.496215306980656,3.0,2.3185510567577534,1.001,1.3175510567577537,0.0,0,0.24958053691275167,0.5494505494505495,1189
0.9,distributed,ours_f9_priority_insertion,4,29,959,959,0,0.0,1.4895908111988514,4.0,2.356592664611572,1.001,1.3555926646115721,0.0,0,0.23569892473118279,0.6223776223776224,1393
0.9,distributed,ours_f9_priority_insertion,4,30,874,874,0,0.0,1.5346774193548387,4.0,2.3296343692377306,1.002,1.3276343692377308,0.0,0,0.23325281803542672,0.6237524950099801,1240
1.1,concentrated,ours_f9_priority_insertion,0,1,1084,1084,0,0.0,1.4035639412997905,2.0,2.771348632410633,1.001,1.7703486324106328,0.0,0,0.0,0.016983016983016984,954
1.1,concentrated,ours_f9_priority_insertion,0,2,1126,1126,0,0.0,1.458045409674235,2.0,2.7861659488736903,1.002,1.78416594887369,0.0,0,0.0,0.059880239520958084,1013
1.1,concentrated,ours_f9_priority_insertion,0,3,1115,1115,0,0.0,1.4690355329949238,2.0,2.7669360639290677,1.002,1.7649360639290679,0.0,0,0.0,0.0499001996007984,985
1.1,concentrated,ours_f9_priority_insertion,0,4,1126,1126,0,0.0,1.4598984771573604,2.0,2.7736062920184854,1.0,1.7736062920184854,0.0,0,0.0,0.051,985
1.1,concentrated,ours_f9_priority_insertion,0,5,1078,1078,0,0.0,1.4399574920297555,2.0,2.7705864751020535,1.002,1.7685864751020535,0.0,0,0.0,0.017964071856287425,941
1.1,concentrated,ours_f9_priority_insertion,0,6,1180,1180,0,0.0,1.4400369003690037,2.0,2.776542415694224,1.001,1.7755424156942239,0.0,0,0.0,0.07192807192807193,1084
1.1,concentrated,ours_f9_priority_insertion,1,7,1057,1057,0,0.0,1.4426778242677825,2.0,2.7415769391281968,1.002,1.739576939128197,0.0,0,0.0,0.12574850299401197,1195
1.1,concentrated,ours_f9_priority_insertion,1,8,1113,1113,0,0.0,1.4283476898981988,2.0,2.747414861750653,1.002,1.745414861750653,0.0,0,0.0,0.14271457085828343,1277
1.1,concentrated,ours_f9_priority_insertion,1,9,1065,1065,0,0.0,1.3560421735604218,2.0,2.77274085054332,1.0,1.7727408505433198,0.0,0,0.0,0.039,1233
1.1,concentrated,ours_f9_priority_insertion,1,10,1132,1132,0,0.0,1.3841368584758942,2.0,2.7557088785003057,1.0,1.7557088785003054,0.0,0,0.0,0.064,1286
1.1,concentrated,ours_f9_priority_insertion,1,11,1110,1110,0,0.0,1.3898973954222573,2.0,2.774124857267097,1.0,1.7741248572670967,0.0,0,0.0,0.074,1267
1.1,concentrated,ours_f9_priority_insertion,1,12,1060,1060,0,0.0,1.3501218521527214,2.0,2.7758327072126963,1.002,1.7738327072126963,0.0,0,0.0,0.038922155688622756,1231
1.1,concentrated,ours_f9_priority_insertion,2,13,1096,1096,0,0.0,1.4317521781219749,2.0,2.747901744111286,0.999,1.748901744111286,0.0,0,0.0,0.053,1033
1.1,concentrated,ours_f9_priority_insertion,2,14,1120,1120,0,0.0,1.4162257495590829,2.0,2.771252652676626,1.001,1.770252652676626,0.0,0,0.0,0.06893106893106893,1134
1.1,concentrated,ours_f9_priority_insertion,2,15,1091,1091,0,0.0,1.3848314606741574,2.0,2.7643046792455737,1.002,1.7623046792455734,0.0,0,0.0,0.027944111776447105,1068
1.1,concentrated,ours_f9_priority_insertion,2,16,1072,1072,0,0.0,1.398076923076923,2.0,2.767872439562645,1.0,1.767872439562645,0.0,0,0.0,0.026,1040
1.1,concentrated,ours_f9_priority_insertion,2,17,1155,1155,0,0.0,1.436570428696413,2.0,2.7766327975237557,1.002,1.7746327975237555,0.0,0,0.0,0.08882235528942116,1143
1.1,concentrated,ours_f9_priority_insertion,2,18,1126,1126,0,0.0,1.417832167832168,2.0,2.783701269775596,1.002,1.7817012697755958,0.0,0,0.0,0.05688622754491018,1144
1.1,concentrated,ours_f9_priority_insertion,3,19,1068,1068,0,0.0,1.4117032392894462,2.0,2.782452668772234,0.999,1.7834526687722343,0.0,0,0.0,0.013,957
1.1,concentrated,ours_f9_priority_insertion,3,20,1121,1121,0,0.0,1.4825102880658436,2.0,2.7696520827814917,1.001,1.7686520827814916,0.0,0,0.0,0.053946053946053944,972
1.1,concentrated,ours_f9_priority_insertion,3,21,1104,1104,0,0.0,1.4215384615384616,2.0,2.785807086047231,1.001,1.7848070860472312,0.0,0,0.0,0.023976023976023976,975
1.1,concentrated,ours_f9_priority_insertion,3,22,1113,1113,0,0.0,1.438871473354232,2.0,2.777717486387627,1.0,1.777717486387627,0.0,0,0.0,0.038,957
1.1,concentrated,ours_f9_priority_insertion,3,23,1069,1069,0,0.0,1.3553459119496856,2.0,2.7786929906277638,1.002,1.7766929906277638,0.0,0,0.0,0.012974051896207584,954
1.1,concentrated,ours_f9_priority_insertion,3,24,1072,1072,0,0.0,1.4172972972972973,2.0,2.7737013438018963,1.002,1.7717013438018965,0.0,0,0.0,0.00998003992015968,925
1.1,concentrated,ours_f9_priority_insertion,4,25,1097,1097,0,0.0,1.4141156462585034,2.0,2.775044460674997,1.002,1.7730444606749973,0.0,0,0.0,0.07684630738522955,1176
1.1,concentrated,ours_f9_priority_insertion,4,26,1081,1081,0,0.0,1.4359626802374894,2.0,2.775451001563315,1.002,1.7734510015633154,0.0,0,0.0,0.09880239520958084,1179
1.1,concentrated,ours_f9_priority_insertion,4,27,1100,1100,0,0.0,1.405759162303665,2.0,2.769348747435417,1.002,1.767348747435417,0.0,0,0.0,0.07784431137724551,1146
1.1,concentrated,ours_f9_priority_insertion,4,28,1051,1051,0,0.0,1.3817847286108556,2.0,2.7727313892298886,1.001,1.7717313892298887,0.0,0,0.0,0.028971028971028972,1087
1.1,concentrated,ours_f9_priority_insertion,4,29,1184,1184,0,0.0,1.3862300587741394,2.0,2.757520220584328,0.998,1.759520220584328,0.0,0,0.0,0.058,1191
1.1,concentrated,ours_f9_priority_insertion,4,30,1060,1060,0,0.0,1.3797709923664123,2.0,2.770696346274579,1.002,1.7686963462745786,0.0,0,0.0,0.014970059880239521,1048
1.1,distributed,ours_f9_priority_insertion,0,1,1084,1084,0,0.0,1.1914893617021276,2.0,2.3460455620073914,1.001,1.3450455620073916,0.0,0,0.1824685534591195,0.21078921078921078,1269
1.1,distributed,ours_f9_priority_insertion,0,2,1126,1126,0,0.0,1.2059514487079093,2.0,2.360495260565825,1.002,1.358495260565825,0.0,0,0.20296411856474258,0.22954091816367264,1277
1.1,distributed,ours_f9_priority_insertion,0,3,1115,1115,0,0.0,1.2493887530562346,2.0,2.360880427224334,1.002,1.3588804272243342,0.0,0,0.1969080553295362,0.26746506986027946,1227
1.1,distributed,ours_f9_priority_insertion,0,4,1126,1126,0,0.0,1.2640761300555114,3.0,2.364642234833566,1.001,1.3636422348335657,0.0,0,0.20324367088607595,0.2977022977022977,1261
1.1,distributed,ours_f9_priority_insertion,0,5,1078,1078,0,0.0,1.2025827280064567,2.0,2.3394003107749906,1.003,1.3364003107749907,0.0,0,0.18518518518518517,0.21335992023928216,1239
1.1,distributed,ours_f9_priority_insertion,0,6,1180,1180,0,0.0,1.254945054945055,2.0,2.3488512459558177,1.001,1.3478512459558178,0.0,0,0.19824561403508772,0.32167832167832167,1365
1.1,distributed,ours_f9_priority_insertion,1,7,1057,1057,0,0.0,1.7074433656957928,4.0,2.384996587225439,1.002,1.3829965872254393,0.0,0,0.20864516129032257,0.9740518962075848,1545
1.1,distributed,ours_f9_priority_insertion,1,8,1113,1113,0,0.0,1.8472816127061698,5.0,2.4463640548999166,1.002,1.4443640548999164,0.0,0,0.19628953771289537,1.2205588822355289,1637
1.1,distributed,ours_f9_priority_insertion,1,9,1065,1065,0,0.0,1.6341463414634145,4.0,2.390781028601624,1.001,1.3897810286016241,0.0,0,0.20667915106117354,0.9080919080919081,1599
1.1,distributed,ours_f9_priority_insertion,1,10,1132,1132,0,0.0,1.7242822966507176,5.0,2.429515881749321,1.0,1.4295158817493208,0.0,0,0.19731022115959354,1.054,1672
1.1,distributed,ours_f9_priority_insertion,1,11,1110,1110,0,0.0,1.8402652200120555,5.0,2.405949139717386,1.001,1.4049491397173863,0.0,0,0.19969933854479854,1.2687312687312686,1659
1.1,distributed,ours_f9_priority_insertion,1,12,1060,1060,0,0.0,1.6942148760330578,4.0,2.379092443851958,1.002,1.377092443851958,0.0,0,0.193138500635324,0.969061876247505,1573
1.1,distributed,ours_f9_priority_insertion,2,13,1096,1096,0,0.0,1.4077868852459017,3.0,2.3977406133671435,0.999,1.3987406133671434,0.0,0,0.17826975476839238,0.517,1464
1.1,distributed,ours_f9_priority_insertion,2,14,1120,1120,0,0.0,1.4830339321357286,4.0,2.3730227670822677,1.001,1.3720227670822678,0.0,0,0.20763612217795485,0.6603396603396603,1503
1.1,distributed,ours_f9_priority_insertion,2,15,1091,1091,0,0.0,1.3732970027247957,3.0,2.3880001649577913,1.002,1.386000164957791,0.0,0,0.1893342391304348,0.48602794411177647,1468
1.1,distributed,ours_f9_priority_insertion,2,16,1072,1072,0,0.0,1.4429945054945055,3.0,2.405468514350707,1.001,1.4044685143507067,0.0,0,0.19377138945927447,0.5604395604395604,1456
1.1,distributed,ours_f9_priority_insertion,2,17,1155,1155,0,0.0,1.4653465346534653,3.0,2.386367209636709,1.002,1.3843672096367086,0.0,0,0.18660949868073878,0.625748502994012,1515
1.1,distributed,ours_f9_priority_insertion,2,18,1126,1126,0,0.0,1.471747700394218,3.0,2.409130757198766,1.002,1.407130757198766,0.0,0,0.1912303664921466,0.6367265469061876,1522
1.1,distributed,ours_f9_priority_insertion,3,19,1068,1068,0,0.0,1.2855980471928397,2.0,2.3412661068338387,0.999,1.3422661068338388,0.0,0,0.23151909017059302,0.306,1229
1.1,distributed,ours_f9_priority_insertion,3,20,1121,1121,0,0.0,1.3451612903225807,3.0,2.3478170419653206,1.001,1.3468170419653207,0.0,0,0.2331456154465004,0.3626373626373626,1240
1.1,distributed,ours_f9_priority_insertion,3,21,1104,1104,0,0.0,1.2667185069984448,2.0,2.3624003954097152,1.001,1.3614003954097154,0.0,0,0.21667959658650116,0.2867132867132867,1286
1.1,distributed,ours_f9_priority_insertion,3,22,1113,1113,0,0.0,1.342528735632184,3.0,2.3411773378954983,1.0,1.3411773378954985,0.0,0,0.22366003062787138,0.386,1305
1.1,distributed,ours_f9_priority_insertion,3,23,1069,1069,0,0.0,1.2305194805194806,2.0,2.344369181757714,1.002,1.342369181757714,0.0,0,0.21923701298701298,0.25249500998003993,1232
1.1,distributed,ours_f9_priority_insertion,3,24,1072,1072,0,0.0,1.2962962962962963,3.0,2.3565261396725763,1.001,1.3555261396725762,0.0,0,0.22559474979491387,0.3166833166833167,1215
1.1,distributed,ours_f9_priority_insertion,4,25,1097,1097,0,0.0,1.9114342366159947,5.0,2.3791387643544324,1.002,1.3771387643544326,0.0,0,0.24038208168642952,1.2894211576846308,1513
1.1,distributed,ours_f9_priority_insertion,4,26,1081,1081,0,0.0,1.8410123296560674,5.0,2.3734717551327704,1.002,1.3714717551327704,0.0,0,0.23484455958549222,1.2285429141716566,1541
1.1,distributed,ours_f9_priority_insertion,4,27,1100,1100,0,0.0,1.6793988728866625,4.0,2.3932391604252397,1.002,1.3912391604252397,0.0,0,0.2290181363352095,0.999001996007984,1597
1.1,distributed,ours_f9_priority_insertion,4,28,1051,1051,0,0.0,1.8974358974358974,5.0,2.3518925099260164,1.002,1.3498925099260162,0.0,0,0.24124590163934426,1.316367265469062,1521
1.1,distributed,ours_f9_priority_insertion,4,29,1184,1184,0,0.0,1.8900584795321638,5.0,2.3967897682165535,0.998,1.3987897682165533,0.0,0,0.22535046728971964,1.418,1710
1.1,distributed,ours_f9_priority_insertion,4,30,1060,1060,0,0.0,1.783288043478261,4.0,2.3652292925372054,1.002,1.3632292925372054,0.0,0,0.22765382014874916,1.0858283433133733,1472
1.3,concentrated,ours_f9_priority_insertion,0,1,1288,1288,0,0.0,1.4302822925577416,2.0,2.783994580333035,1.001,1.7829945803330347,0.0,0,0.0,0.06893106893106893,1169
1.3,concentrated,ours_f9_priority_insertion,0,2,1329,1329,0,0.0,1.5354462051709759,2.0,2.787961311514686,1.001,1.7869613115146865,0.0,0,0.0,0.16783216783216784,1199
1.3,concentrated,ours_f9_priority_insertion,0,3,1323,1323,0,0.0,1.5606837606837607,2.0,2.782858655547326,1.0,1.7828586555473258,0.0,0,0.0,0.162,1170
1.3,concentrated,ours_f9_priority_insertion,0,4,1313,1313,0,0.0,1.5258092738407698,2.0,2.7771491713092544,1.001,1.7761491713092543,0.0,0,0.0,0.12687312687312688,1143
1.3,concentrated,ours_f9_priority_insertion,0,5,1285,1285,0,0.0,1.5238938053097346,2.0,2.774933400502758,1.001,1.7739334005027578,0.0,0,0.0,0.12787212787212787,1130
1.3,concentrated,ours_f9_priority_insertion,0,6,1376,1376,0,0.0,1.583603896103896,3.0,2.7830345147932882,1.0,1.7830345147932882,0.0,0,0.0,0.234,1232
1.3,concentrated,ours_f9_priority_insertion,1,7,1244,1244,0,0.0,1.559100797679478,2.0,2.7332619498950628,1.0,1.733261949895063,0.0,0,0.0,0.301,1379
1.3,concentrated,ours_f9_priority_insertion,1,8,1297,1297,0,0.0,1.6718017414601474,3.0,2.7449195048900528,1.002,1.7429195048900528,0.0,0,0.0,0.5259481037924152,1493
1.3,concentrated,ours_f9_priority_insertion,1,9,1281,1281,0,0.0,1.45760336370007,2.0,2.7602712725844665,1.002,1.7582712725844662,0.0,0,0.0,0.16966067864271456,1427
1.3,concentrated,ours_f9_priority_insertion,1,10,1314,1314,0,0.0,1.554289544235925,2.0,2.77117823382016,0.999,1.77217823382016,0.0,0,0.0,0.328,1492
1.3,concentrated,ours_f9_priority_insertion,1,11,1322,1322,0,0.0,1.7019354838709677,3.0,2.7803259392594954,1.002,1.7783259392594954,0.0,0,0.0,0.5818363273453094,1550
1.3,concentrated,ours_f9_priority_insertion,1,12,1276,1276,0,0.0,1.4919972164231037,2.0,2.750697533075268,1.001,1.749697533075268,0.0,0,0.0,0.22977022977022976,1437
1.3,concentrated,ours_f9_priority_insertion,2,13,1316,1316,0,0.0,1.5544082605242255,2.0,2.777272127599932,1.002,1.775272127599932,0.0,0,0.0,0.22554890219560877,1259
1.3,concentrated,ours_f9_priority_insertion,2,14,1297,1297,0,0.0,1.5007610350076104,2.0,2.7762378464474686,1.001,1.7752378464474685,0.0,0,0.0,0.1958041958041958,1314
1.3,concentrated,ours_f9_priority_insertion,2,15,1289,1289,0,0.0,1.5015948963317385,2.0,2.7834474933345152,1.001,1.7824474933345154,0.0,0,0.0,0.17282717282717283,1254
1.3,concentrated,ours_f9_priority_insertion,2,16,1248,1248,0,0.0,1.5036915504511894,2.0,2.775076578689577,0.999,1.776076578689577,0.0,0,0.0,0.154,1219
1.3,concentrated,ours_f9_priority_insertion,2,17,1340,1340,0,0.0,1.5262333594361785,2.0,2.7745256515752548,1.002,1.7725256515752545,0.0,0,0.0,0.18762475049900199,1277
1.3,concentrated,ours_f9_priority_insertion,2,18,1340,1340,0,0.0,1.5672645739910314,2.0,2.7933857730798612,1.001,1.7923857730798616,0.0,0,0.0,0.25574425574425574,1338
1.3,concentrated,ours_f9_priority_insertion,3,19,1284,1284,0,0.0,1.4770318021201414,2.0,2.7850845954691383,1.002,1.7830845954691381,0.0,0,0.0,0.08483033932135728,1132
1.3,concentrated,ours_f9_priority_insertion,3,20,1308,1308,0,0.0,1.5793291024478695,3.0,2.776123952589696,1.002,1.774123952589696,0.0,0,0.0,0.17065868263473055,1103
1.3,concentrated,ours_f9_priority_insertion,3,21,1292,1292,0,0.0,1.4849785407725322,2.0,2.791073570991419,1.0,1.791073570991419,0.0,0,0.0,0.111,1165
1.3,concentrated,ours_f9_priority_insertion,3,22,1313,1313,0,0.0,1.5426774483378256,2.0,2.790231099931119,1.002,1.7882310999311186,0.0,0,0.0,0.1506986027944112,1113
1.3,concentrated,ours_f9_priority_insertion,3,23,1279,1279,0,0.0,1.4350533807829182,2.0,2.7796868877359975,1.001,1.7786868877359976,0.0,0,0.0,0.09090909090909091,1124
1.3,concentrated,ours_f9_priority_insertion,3,24,1277,1277,0,0.0,1.517367458866545,2.0,2.7716258751979774,1.001,1.7706258751979778,0.0,0,0.0,0.12787212787212787,1094
1.3,concentrated,ours_f9_priority_insertion,4,25,1281,1281,0,0.0,1.4534623976172747,2.0,2.766201952089341,1.001,1.765201952089341,0.0,0,0.0,0.14485514485514486,1343
1.3,concentrated,ours_f9_priority_insertion,4,26,1298,1298,0,0.0,1.71521268925739,3.0,2.769853786361792,1.002,1.7678537863617918,0.0,0,0.0,0.49600798403193613,1387
1.3,concentrated,ours_f9_priority_insertion,4,27,1293,1293,0,0.0,1.561046511627907,2.0,2.7778760119977712,1.001,1.7768760119977713,0.0,0,0.0,0.3066933066933067,1376
1.3,concentrated,ours_f9_priority_insertion,4,28,1245,1245,0,0.0,1.5578446909667194,2.0,2.770170504795927,0.999,1.771170504795927,0.0,0,0.0,0.239,1262
1.3,concentrated,ours_f9_priority_insertion,4,29,1380,1380,0,0.0,1.5560253699788584,2.0,2.7620348285876366,1.002,1.7600348285876368,0.0,0,0.0,0.3193612774451098,1419
1.3,concentrated,ours_f9_priority_insertion,4,30,1267,1267,0,0.0,1.4919871794871795,2.0,2.7739583872829527,1.001,1.7729583872829529,0.0,0,0.0,0.15284715284715283,1248
1.3,distributed,ours_f9_priority_insertion,0,1,1288,1288,0,0.0,1.3563685636856369,3.0,2.3671409546181374,1.001,1.3661409546181376,0.0,0,0.18415707515233581,0.46853146853146854,1476
1.3,distributed,ours_f9_priority_insertion,0,2,1329,1329,0,0.0,1.3767441860465117,3.0,2.3902050102109973,1.001,1.3892050102109976,0.0,0,0.1879310344827586,0.5024975024975025,1505
1.3,distributed,ours_f9_priority_insertion,0,3,1323,1323,0,0.0,1.409184372858122,3.0,2.3914566201954948,1.001,1.3904566201954947,0.0,0,0.18675767918088737,0.5314685314685315,1459
1.3,distributed,ours_f9_priority_insertion,0,4,1313,1313,0,0.0,1.4883720930232558,4.0,2.3712562303922597,1.001,1.3702562303922596,0.0,0,0.18628230616302188,0.6833166833166833,1505
1.3,distributed,ours_f9_priority_insertion,0,5,1285,1285,0,0.0,1.3957879448075527,3.0,2.3584280321401403,1.0,1.3584280321401405,0.0,0,0.19343434343434343,0.476,1377
1.3,distributed,ours_f9_priority_insertion,0,6,1376,1376,0,0.0,1.4770700636942675,3.0,2.3904285738484035,1.001,1.3894285738484033,0.0,0,0.18473282442748093,0.6853146853146853,1570
1.3,distributed,ours_f9_priority_insertion,1,7,1244,1244,0,0.0,1.9678313921242374,5.0,2.4127046794920277,1.0,1.4127046794920275,0.0,0,0.19348066298342542,1.593,1803
1.3,distributed,ours_f9_priority_insertion,1,8,1297,1297,0,0.0,2.757529351710056,10.0,2.467608416789143,1.001,1.4666084167891433,0.0,0,0.19705434230573896,3.2117882117882117,1959
1.3,distributed,ours_f9_priority_insertion,1,9,1281,1281,0,0.0,2.2105538140020897,7.0,2.476817242671836,1.002,1.4748172426718362,0.0,0,0.19422476586888657,2.1317365269461077,1914
1.3,distributed,ours_f9_priority_insertion,1,10,1314,1314,0,0.0,2.2269906928645296,6.0,2.4622847353204724,1.001,1.4612847353204723,0.0,0,0.19710893133711926,2.1708291708291707,1934
1.3,distributed,ours_f9_priority_insertion,1,11,1322,1322,0,0.0,2.5090361445783134,9.0,2.4950708127789687,1.003,1.4920708127789686,0.0,0,0.19478435305917755,2.73678963110668,1992
1.3,distributed,ours_f9_priority_insertion,1,12,1276,1276,0,0.0,2.4533692722371967,8.0,2.4449534531481336,1.001,1.4439534531481337,0.0,0,0.20247046186895812,2.5914085914085914,1855
1.3,distributed,ours_f9_priority_insertion,2,13,1316,1316,0,0.0,1.811804008908686,5.0,2.438605012241271,1.002,1.436605012241271,0.0,0,0.1753607103218646,1.3273453093812375,1796
1.3,distributed,ours_f9_priority_insertion,2,14,1297,1297,0,0.0,1.8555431131019038,5.0,2.4159879872114383,1.001,1.4149879872114381,0.0,0,0.19285714285714287,1.4205794205794207,1786
1.3,distributed,ours_f9_priority_insertion,2,15,1289,1289,0,0.0,1.9113924050632911,6.0,2.438645446056208,1.002,1.4366454460562081,0.0,0,0.1793796668581275,1.466067864271457,1738
1.3,distributed,ours_f9_priority_insertion,2,16,1248,1248,0,0.0,1.6348741954359274,4.0,2.4234942994458413,0.999,1.4244942994458414,0.0,0,0.19014002333722288,0.987,1709
1.3,distributed,ours_f9_priority_insertion,2,17,1340,1340,0,0.0,1.9106945975744212,5.0,2.4178983682788853,1.002,1.4158983682788853,0.0,0,0.18102310231023103,1.535928143712575,1814
1.3,distributed,ours_f9_priority_insertion,2,18,1340,1340,0,0.0,1.8719376391982183,5.0,2.430602363553573,1.001,1.429602363553573,0.0,0,0.19113082039911308,1.4485514485514486,1796
1.3,distributed,ours_f9_priority_insertion,3,19,1284,1284,0,0.0,1.3872909698996656,3.0,2.3737601820908303,1.002,1.3717601820908305,0.0,0,0.21953333333333333,0.5139720558882236,1495
1.3,distributed,ours_f9_priority_insertion,3,20,1308,1308,0,0.0,1.5647058823529412,4.0,2.385687048071294,1.002,1.383687048071294,0.0,0,0.21941948859709745,0.719560878243513,1445
1.3,distributed,ours_f9_priority_insertion,3,21,1292,1292,0,0.0,1.3919365499008591,3.0,2.377122735159693,0.999,1.3781227351596932,0.0,0,0.21366336633663366,0.528,1513
1.3,distributed,ours_f9_priority_insertion,3,22,1313,1313,0,0.0,1.486,3.0,2.381288803086186,1.002,1.379288803086186,0.0,0,0.2229027962716378,0.6407185628742516,1500
1.3,distributed,ours_f9_priority_insertion,3,23,1279,1279,0,0.0,1.4131578947368422,3.0,2.3660727607598595,1.002,1.3640727607598593,0.0,0,0.21008513425016373,0.5598802395209581,1520
1.3,distributed,ours_f9_priority_insertion,3,24,1277,1277,0,0.0,1.4232336956521738,3.0,2.38760414823951,1.002,1.3856041482395098,0.0,0,0.20379661016949152,0.5449101796407185,1472
1.3,distributed,ours_f9_priority_insertion,4,25,1281,1281,0,0.0,2.2440136830102624,6.0,2.414948701904318,1.001,1.4139487019043182,0.0,0,0.22426136363636365,2.038961038961039,1754
1.3,distributed,ours_f9_priority_insertion,4,26,1298,1298,0,0.0,3.1188925081433223,8.0,2.4405212275439894,1.001,1.4395212275439897,0.0,0,0.23686486486486485,3.889110889110889,1842
1.3,distributed,ours_f9_priority_insertion,4,27,1293,1293,0,0.0,2.6897506925207755,7.0,2.418712489142071,1.001,1.4177124891420714,0.0,0,0.23528437327443402,2.988011988011988,1805
1.3,distributed,ours_f9_priority_insertion,4,28,1245,1245,0,0.0,2.210972850678733,6.0,2.4195665629616423,0.999,1.4205665629616424,0.0,0,0.23489553924336534,2.021,1768
1.3,distributed,ours_f9_priority_insertion,4,29,1380,1380,0,0.0,2.5116731517509727,8.0,2.4685379271147836,1.002,1.4665379271147834,0.0,0,0.21451456310679612,2.967065868263473,2056
1.3,distributed,ours_f9_priority_insertion,4,30,1267,1267,0,0.0,2.218853362734289,6.0,2.4229153283552707,1.002,1.4209153283552707,0.0,0,0.21390874106652005,2.089820359281437,1814
1.6,concentrated,ours_f9_priority_insertion,0,1,1589,1589,0,0.0,1.8647140864714087,4.0,2.798468613730722,1.001,1.797468613730722,0.0,0,0.0,0.7022977022977023,1434
1.6,concentrated,ours_f9_priority_insertion,0,2,1630,1630,0,0.0,1.937849162011173,4.0,2.8083507731543498,1.002,1.8063507731543498,0.0,0,0.0,0.7574850299401198,1432
1.6,concentrated,ours_f9_priority_insertion,0,3,1617,1617,0,0.0,2.1838842975206614,4.0,2.8010628781414924,1.002,1.7990628781414923,0.0,0,0.0,1.1167664670658684,1452
1.6,concentrated,ours_f9_priority_insertion,0,4,1613,1613,0,0.0,2.202127659574468,4.0,2.7969172147579684,1.001,1.7959172147579685,0.0,0,0.0,1.1228771228771228,1410
1.6,concentrated,ours_f9_priority_insertion,0,5,1617,1617,0,0.0,2.245014245014245,4.0,2.787917344617237,1.001,1.7869173446172375,0.0,0,0.0,1.173826173826174,1404
1.6,concentrated,ours_f9_priority_insertion,0,6,1705,1705,0,0.0,2.159256801592568,5.0,2.805780900775833,1.001,1.8047809007758333,0.0,0,0.0,1.1798201798201797,1507
1.6,concentrated,ours_f9_priority_insertion,1,7,1570,1570,0,0.0,2.5469988674971686,8.0,2.7803375608639795,1.002,1.7783375608639793,0.0,0,0.0,2.212574850299401,1766
1.6,concentrated,ours_f9_priority_insertion,1,8,1546,1546,0,0.0,2.650811415780638,7.0,2.7705918058458057,1.002,1.7685918058458054,0.0,0,0.0,2.3552894211576847,1787
1.6,concentrated,ours_f9_priority_insertion,1,9,1570,1570,0,0.0,2.3472527472527474,5.0,2.7748327906729475,1.002,1.7728327906729475,0.0,0,0.0,1.8592814371257484,1820
1.6,concentrated,ours_f9_priority_insertion,1,10,1595,1595,0,0.0,2.434994582881907,5.0,2.7928457953737658,1.002,1.790845795373766,0.0,0,0.0,2.0239520958083834,1846
1.6,concentrated,ours_f9_priority_insertion,1,11,1610,1610,0,0.0,2.4754797441364604,6.0,2.782249364639443,1.002,1.7802493646394428,0.0,0,0.0,2.154690618762475,1876
1.6,concentrated,ours_f9_priority_insertion,1,12,1554,1554,0,0.0,2.6092017738359203,7.849999999999909,2.7791924519299305,1.001,1.7781924519299306,0.0,0,0.0,2.2847152847152845,1804
1.6,concentrated,ours_f9_priority_insertion,2,13,1618,1618,0,0.0,2.5021861336664584,6.0,2.791438809062613,1.002,1.7894388090626132,0.0,0,0.0,1.8502994011976048,1601
1.6,concentrated,ours_f9_priority_insertion,2,14,1596,1596,0,0.0,2.0890151515151514,4.0,2.7787909269501494,1.002,1.7767909269501496,0.0,0,0.0,1.156686626746507,1584
1.6,concentrated,ours_f9_priority_insertion,2,15,1594,1594,0,0.0,2.215686274509804,4.5499999999999545,2.7883744136888513,1.002,1.7863744136888515,0.0,0,0.0,1.284431137724551,1530
1.6,concentrated,ours_f9_priority_insertion,2,16,1548,1548,0,0.0,2.066487575554063,4.0,2.775572845516856,1.001,1.7745728455168561,0.0,0,0.0,1.0359640359640359,1489
1.6,concentrated,ours_f9_priority_insertion,2,17,1649,1649,0,0.0,2.2417445482866043,5.0,2.7927398030378354,1.002,1.7907398030378356,0.0,0,0.0,1.408183632734531,1605
1.6,concentrated,ours_f9_priority_insertion,2,18,1666,1666,0,0.0,2.690931523750771,6.0,2.8033102462994144,1.002,1.8013102462994142,0.0,0,0.0,2.1127744510978044,1621
1.6,concentrated,ours_f9_priority_insertion,3,19,1595,1595,0,0.0,1.9342485549132948,4.0,2.8034443719301647,1.002,1.8014443719301645,0.0,0,0.0,0.7345309381237525,1384
1.6,concentrated,ours_f9_priority_insertion,3,20,1605,1605,0,0.0,2.1179525222551927,4.0,2.7936821298459247,1.001,1.7926821298459248,0.0,0,0.0,0.9280719280719281,1348
1.6,concentrated,ours_f9_priority_insertion,3,21,1566,1566,0,0.0,1.730909090909091,3.0,2.796545523271792,1.001,1.7955455232717925,0.0,0,0.0,0.46053946053946054,1375
1.6,concentrated,ours_f9_priority_insertion,3,22,1629,1629,0,0.0,2.0884699057287888,5.0,2.799896505736244,1.0,1.799896505736244,0.0,0,0.0,0.937,1379
1.6,concentrated,ours_f9_priority_insertion,3,23,1578,1578,0,0.0,1.700735294117647,3.0,2.7810221287563395,1.001,1.7800221287563396,0.0,0,0.0,0.4515484515484515,1360
1.6,concentrated,ours_f9_priority_insertion,3,24,1598,1598,0,0.0,1.910650464617584,4.0,2.803787022783863,1.002,1.801787022783863,0.0,0,0.0,0.7115768463073853,1399
1.6,concentrated,ours_f9_priority_insertion,4,25,1578,1578,0,0.0,2.3255131964809386,5.0,2.788585530720498,1.002,1.7865855307204979,0.0,0,0.0,1.6676646706586826,1705
1.6,concentrated,ours_f9_priority_insertion,4,26,1594,1594,0,0.0,2.7058823529411766,7.0,2.796274483264411,1.002,1.7942744832644113,0.0,0,0.0,2.182634730538922,1649
1.6,concentrated,ours_f9_priority_insertion,4,27,1583,1583,0,0.0,2.448943661971831,5.0,2.8009790115777493,1.001,1.7999790115777496,0.0,0,0.0,1.8771228771228772,1704
1.6,concentrated,ours_f9_priority_insertion,4,28,1574,1574,0,0.0,2.6902545003103664,5.0,2.7859187259984495,1.001,1.7849187259984494,0.0,0,0.0,2.138861138861139,1611
1.6,concentrated,ours_f9_priority_insertion,4,29,1686,1686,0,0.0,2.578977599080988,8.0,2.7834949086735628,1.002,1.7814949086735627,0.0,0,0.0,2.1726546906187623,1741
1.6,concentrated,ours_f9_priority_insertion,4,30,1525,1525,0,0.0,1.920687376074025,3.0,2.7824817314884793,1.002,1.7804817314884793,0.0,0,0.0,0.8293413173652695,1513
1.6,distributed,ours_f9_priority_insertion,0,1,1589,1589,0,0.0,2.255663430420712,6.0,2.4572387912970197,1.002,1.4552387912970197,0.0,0,0.1697198275862069,2.186626746506986,1854
1.6,distributed,ours_f9_priority_insertion,0,2,1630,1630,0,0.0,2.1662255161461093,6.0,2.4651977778767433,1.002,1.463197777876743,0.0,0,0.18153034300791557,2.068862275449102,1889
1.6,distributed,ours_f9_priority_insertion,0,3,1617,1617,0,0.0,2.1971127151582452,6.0,2.4704001135091147,1.002,1.4684001135091145,0.0,0,0.1738240177089098,2.0229540918163673,1801
1.6,distributed,ours_f9_priority_insertion,0,4,1613,1613,0,0.0,2.2642105263157895,6.0,2.469419871377135,1.002,1.4674198713771354,0.0,0,0.1645330535152151,2.255489021956088,1900
1.6,distributed,ours_f9_priority_insertion,0,5,1617,1617,0,0.0,2.4207679826933477,6.0,2.453723840840088,1.001,1.452723840840088,0.0,0,0.18170534268753372,2.4835164835164836,1849
1.6,distributed,ours_f9_priority_insertion,0,6,1705,1705,0,0.0,2.3363273453093814,6.0,2.468484045842282,1.002,1.4664840458422819,0.0,0,0.16936847339632025,2.564870259481038,2004
1.6,distributed,ours_f9_priority_insertion,1,7,1570,1570,0,0.1732484076433121,3.438243366880146,12.0,2.598873384286744,1.074,1.4915521661156093,0.03332121817113433,0,0.20422919508867668,5.25512104283054,2186
1.6,distributed,ours_f9_priority_insertion,1,8,1546,1546,0,0.2018111254851229,3.552125279642058,12.0,2.585692583377779,1.044,1.5213320809919502,0.020360502385828688,0,0.2023566029346376,5.64272030651341,2235
1.6,distributed,ours_f9_priority_insertion,1,9,1570,1570,0,0.0,3.6055603822762814,13.0,2.562954868558937,1.039,1.523954868558937,0.0,0,0.20030250648228176,5.788257940327238,2302
1.6,distributed,ours_f9_priority_insertion,1,10,1595,1595,0,0.0,3.778162911611785,14.0,2.5721931050168134,1.034,1.5381931050168136,0.0,0,0.21019354838709678,6.259187620889748,2308
1.6,distributed,ours_f9_priority_insertion,1,11,1610,1610,0,0.1298136645962733,3.801279317697228,13.799999999999727,2.5733567529089285,1.046,1.511972446857811,0.01538430605111759,0,0.19923728813559322,6.301147227533461,2345
1.6,distributed,ours_f9_priority_insertion,1,12,1554,1554,0,0.21621621621621623,3.7779310344827586,15.0,2.6594658890429663,1.072,1.499417381243986,0.08804850779898042,0,0.1969406392694064,5.746268656716418,2175
1.6,distributed,ours_f9_priority_insertion,2,13,1618,1618,0,0.0,3.1828935395814377,11.0,2.5254513902822504,1.007,1.5184513902822505,0.0,0,0.17767736104835066,4.602780536246276,2198
1.6,distributed,ours_f9_priority_insertion,2,14,1596,1596,0,0.0,2.86189138576779,9.0,2.494694681550603,1.001,1.4936946815506031,0.0,0,0.18125874125874125,3.757242757242757,2136
1.6,distributed,ours_f9_priority_insertion,2,15,1594,1594,0,0.0,3.1020128087831655,10.0,2.522491737847859,1.002,1.5204917378478586,0.0,0,0.171656050955414,4.354291417165669,2186
1.6,distributed,ours_f9_priority_insertion,2,16,1548,1548,0,0.0,3.056558935361217,11.0,2.5169404851056356,1.002,1.5149404851056356,0.0,0,0.18704318936877076,4.079840319361278,2104
1.6,distributed,ours_f9_priority_insertion,2,17,1649,1649,0,0.0,3.1821527138914445,11.0,2.5181560358482122,1.003,1.5151560358482123,0.0,0,0.17792029317453045,4.496510468594217,2174
1.6,distributed,ours_f9_priority_insertion,2,18,1666,1666,0,0.04321728691476591,3.505909090909091,13.0,2.5664092658872764,1.045,1.5190599192870589,0.002349346600217477,0,0.18842152872003617,5.450717703349282,2200
1.6,distributed,ours_f9_priority_insertion,3,19,1595,1595,0,0.0,2.222100054975261,6.0,2.4475102894914005,1.002,1.4455102894914005,0.0,0,0.21083743842364533,2.0878243512974053,1819
1.6,distributed,ours_f9_priority_insertion,3,20,1605,1605,0,0.0,2.3711453744493394,7.0,2.4641847066792604,1.002,1.4621847066792606,0.0,0,0.20919603524229075,2.3033932135728543,1816
1.6,distributed,ours_f9_priority_insertion,3,21,1566,1566,0,0.0,1.8441629955947136,5.0,2.4355040840456956,1.002,1.4335040840456958,0.0,0,0.2012107870115575,1.3952095808383234,1816
1.6,distributed,ours_f9_priority_insertion,3,22,1629,1629,0,0.0,2.709694415173867,8.149999999999864,2.476896921270914,1.001,1.4758969212709143,0.0,0,0.21103520756699948,3.035964035964036,1898
1.6,distributed,ours_f9_priority_insertion,3,23,1578,1578,0,0.0,1.9915343915343915,5.0,2.452204215513502,1.003,1.4492042155135023,0.0,0,0.19240105540897098,1.740777666999003,1890
1.6,distributed,ours_f9_priority_insertion,3,24,1598,1598,0,0.0,2.3848684210526314,7.0,2.4640508335970264,1.002,1.4620508335970261,0.0,0,0.20677225559803386,2.373253493013972,1824
1.6,distributed,ours_f9_priority_insertion,4,25,1578,1578,0,0.33713561470215464,3.626641651031895,9.0,2.692364049285261,1.08,1.469671940400524,0.14269210888473685,0,0.23080149114631873,6.588888888888889,2132
1.6,distributed,ours_f9_priority_insertion,4,26,1594,1593,1,0.40589711417816815,4.779959718026183,12.0,3.1301597879970084,1.135,1.43190764189716,0.5632521460998486,0,0.2563654518222666,7.455506607929515,1986
1.6,distributed,ours_f9_priority_insertion,4,27,1583,1583,0,0.04674668351231838,3.817078651685393,11.0,2.5658278952110907,1.045,1.5142600392966732,0.006567855914417641,0,0.237432915921288,6.369377990430622,2225
1.6,distributed,ours_f9_priority_insertion,4,28,1574,1574,0,0.34942820838627703,3.636963696369637,11.0,2.734149661664855,1.093,1.4759454446200821,0.16520421704477228,0,0.24808411214953272,6.190301921317475,2121
1.6,distributed,ours_f9_priority_insertion,4,29,1686,1686,0,0.07354685646500593,3.777635510029876,13.0,2.568827080174854,1.047,1.5131479577825875,0.00867912239226701,0,0.23808312128922815,6.264565425023878,2343
1.6,distributed,ours_f9_priority_insertion,4,30,1525,1525,0,0.0,3.806707033069399,11.0,2.49425720368049,1.004,1.49025720368049,0.0,0,0.23882461823229986,5.835657370517929,2147
0.3,concentrated,ours_f9_lookahead_L15,0,1,286,286,0,0.0,1.36,2.0,2.703207252854467,0.995,1.7082072528544672,0.0,0,0.0,0.0,275
0.3,concentrated,ours_f9_lookahead_L15,0,2,306,306,0,0.0,1.3264604810996563,2.0,2.6875378613917165,1.001,1.6865378613917166,0.0,0,0.0,0.0,291
0.3,concentrated,ours_f9_lookahead_L15,0,3,307,307,0,0.0,1.4072727272727272,2.0,2.7032062239011334,1.0,1.7032062239011334,0.0,0,0.0,0.0,275
0.3,concentrated,ours_f9_lookahead_L15,0,4,303,303,0,0.0,1.34375,2.0,2.698958143740498,1.0,1.6989581437404977,0.0,0,0.0,0.0,288
0.3,concentrated,ours_f9_lookahead_L15,0,5,293,293,0,0.0,1.3506493506493507,2.0,2.6904015300750133,0.995,1.6954015300750134,0.0,0,0.0,0.0,308
0.3,concentrated,ours_f9_lookahead_L15,0,6,331,331,0,0.0,1.3076923076923077,2.0,2.6993647478119684,0.998,1.7013647478119684,0.0,0,0.0,0.0,325
0.3,concentrated,ours_f9_lookahead_L15,1,7,282,282,0,0.0,1.3116438356164384,2.0,2.637784470795149,1.001,1.636784470795149,0.0,0,0.0,0.0,292
0.3,concentrated,ours_f9_lookahead_L15,1,8,295,295,0,0.0,1.3034682080924855,2.0,2.691175639781097,0.999,1.6921756397810968,0.0,0,0.0,0.0,346
0.3,concentrated,ours_f9_lookahead_L15,1,9,309,309,0,0.0,1.322674418604651,2.0,2.700590523725487,0.999,1.701590523725487,0.0,0,0.0,0.0,344
0.3,concentrated,ours_f9_lookahead_L15,1,10,332,332,0,0.0,1.3064935064935066,2.0,2.688772144222115,1.002,1.6867721442221149,0.0,0,0.0,0.0,385
0.3,concentrated,ours_f9_lookahead_L15,1,11,313,313,0,0.0,1.2797783933518005,2.0,2.659548152055858,0.995,1.664548152055858,0.0,0,0.0,0.0,361
0.3,concentrated,ours_f9_lookahead_L15,1,12,267,267,0,0.0,1.3159722222222223,2.0,2.6843029447970634,1.001,1.6833029447970638,0.0,0,0.0,0.0,288
0.3,concentrated,ours_f9_lookahead_L15,2,13,275,275,0,0.0,1.33852140077821,2.0,2.64198040582165,1.002,1.6399804058216498,0.0,0,0.0,0.0,257
0.3,concentrated,ours_f9_lookahead_L15,2,14,311,311,0,0.0,1.4071428571428573,2.0,2.6866346931678353,0.995,1.6916346931678352,0.0,0,0.0,0.0,280
0.3,concentrated,ours_f9_lookahead_L15,2,15,306,306,0,0.0,1.3194888178913737,2.0,2.6594907985210594,1.001,1.6584907985210595,0.0,0,0.0,0.0,313
0.3,concentrated,ours_f9_lookahead_L15,2,16,285,285,0,0.0,1.330128205128205,2.0,2.7004981454838894,1.001,1.6994981454838896,0.0,0,0.0,0.0,312
0.3,concentrated,ours_f9_lookahead_L15,2,17,314,314,0,0.0,1.3470031545741326,2.0,2.6774797118609763,1.0,1.6774797118609766,0.0,0,0.0,0.0,317
0.3,concentrated,ours_f9_lookahead_L15,2,18,315,315,0,0.0,1.3448275862068966,2.0,2.680029263338427,0.998,1.6820292633384268,0.0,0,0.0,0.0,319
0.3,concentrated,ours_f9_lookahead_L15,3,19,299,299,0,0.0,1.450199203187251,2.0,2.6975466232310987,0.999,1.6985466232310986,0.0,0,0.0,0.0,251
0.3,concentrated,ours_f9_lookahead_L15,3,20,304,304,0,0.0,1.3741258741258742,2.0,2.68640152704776,0.996,1.6904015270477601,0.0,0,0.0,0.0,286
0.3,concentrated,ours_f9_lookahead_L15,3,21,329,329,0,0.0,1.323076923076923,2.0,2.7015321010956157,0.995,1.7065321010956158,0.0,0,0.0,0.0,325
0.3,concentrated,ours_f9_lookahead_L15,3,22,303,303,0,0.0,1.3563636363636364,2.0,2.653587217230383,1.0,1.6535872172303827,0.0,0,0.0,0.0,275
0.3,concentrated,ours_f9_lookahead_L15,3,23,298,298,0,0.0,1.3159722222222223,2.0,2.694595171224587,1.0,1.694595171224587,0.0,0,0.0,0.0,288
0.3,concentrated,ours_f9_lookahead_L15,3,24,283,283,0,0.0,1.3295454545454546,2.0,2.6524040606213886,1.001,1.6514040606213884,0.0,0,0.0,0.0,264
0.3,concentrated,ours_f9_lookahead_L15,4,25,289,289,0,0.0,1.3277027027027026,2.0,2.6919279163246896,1.001,1.69092791632469,0.0,0,0.0,0.0,296
0.3,concentrated,ours_f9_lookahead_L15,4,26,286,286,0,0.0,1.346938775510204,2.0,2.6560140621865047,1.0,1.6560140621865047,0.0,0,0.0,0.0,294
0.3,concentrated,ours_f9_lookahead_L15,4,27,316,316,0,0.0,1.3312883435582823,2.0,2.72404052068602,1.001,1.7230405206860202,0.0,0,0.0,0.0,326
0.3,concentrated,ours_f9_lookahead_L15,4,28,256,256,0,0.0,1.3665338645418326,2.0,2.67621368202078,0.994,1.68221368202078,0.0,0,0.0,0.0,251
0.3,concentrated,ours_f9_lookahead_L15,4,29,342,342,0,0.0,1.2893982808022924,2.0,2.653309081604397,1.002,1.651309081604397,0.0,0,0.0,0.0,349
0.3,concentrated,ours_f9_lookahead_L15,4,30,309,309,0,0.0,1.307936507936508,2.0,2.669129622961599,1.002,1.667129622961599,0.0,0,0.0,0.0,315
0.3,distributed,ours_f9_lookahead_L15,0,1,286,286,0,0.0,1.0493827160493827,1.0,2.2124369292439843,0.996,1.2164369292439845,0.0,0,0.28404907975460125,0.011,324
0.3,distributed,ours_f9_lookahead_L15,0,2,306,306,0,0.0,1.0205882352941176,1.0,2.229057769134936,1.002,1.2270577691349358,0.0,0,0.2635294117647059,0.003992015968063872,340
0.3,distributed,ours_f9_lookahead_L15,0,3,307,307,0,0.0,1.0292397660818713,1.0,2.2112174369667756,1.0,1.2112174369667756,0.0,0,0.27288629737609327,0.007,342
0.3,distributed,ours_f9_lookahead_L15,0,4,303,303,0,0.0,1.013623978201635,1.0,2.22311235860228,1.001,1.22211235860228,0.0,0,0.26059782608695653,0.001998001998001998,367
0.3,distributed,ours_f9_lookahead_L15,0,5,293,293,0,0.0,1.0470588235294118,1.0,2.2089224309765285,0.995,1.2139224309765284,0.0,0,0.2656891495601173,0.012,340
0.3,distributed,ours_f9_lookahead_L15,0,6,331,331,0,0.0,1.0132275132275133,1.0,2.1988573743500663,0.998,1.2008573743500663,0.0,0,0.28891820580474936,0.004,378
0.3,distributed,ours_f9_lookahead_L15,1,7,282,282,0,0.0,1.0978260869565217,2.0,2.2414672588535813,1.001,1.2404672588535817,0.0,0,0.27783783783783783,0.026973026973026972,368
0.3,distributed,ours_f9_lookahead_L15,1,8,295,295,0,0.0,1.1058823529411765,2.0,2.253038641276974,1.0,1.2530386412769736,0.0,0,0.2774647887323944,0.031,425
0.3,distributed,ours_f9_lookahead_L15,1,9,309,309,0,0.0,1.0909090909090908,1.3999999999999773,2.2673507824783625,0.998,1.2693507824783627,0.0,0,0.2567510548523207,0.035,473
0.3,distributed,ours_f9_lookahead_L15,1,10,332,332,0,0.0,1.1304347826086956,2.0,2.2884116583239833,1.002,1.2864116583239833,0.0,0,0.25041322314049586,0.04590818363273453,483
0.3,distributed,ours_f9_lookahead_L15,1,11,313,313,0,0.0,1.1168539325842697,2.0,2.277818015923682,0.995,1.282818015923682,0.0,0,0.2446188340807175,0.029,445
0.3,distributed,ours_f9_lookahead_L15,1,12,267,267,0,0.0,1.0688705234159779,2.0,2.2333848058675905,1.003,1.2303848058675904,0.0,0,0.26721763085399447,0.004985044865403789,363
0.3,distributed,ours_f9_lookahead_L15,2,13,275,275,0,0.0,1.0744985673352436,1.0,2.2230450110530624,1.002,1.2210450110530622,0.0,0,0.26285714285714284,0.018962075848303395,349
0.3,distributed,ours_f9_lookahead_L15,2,14,311,311,0,0.0,1.0374064837905237,1.0,2.2367962235914676,0.995,1.2417962235914675,0.0,0,0.2716417910447761,0.012,401
0.3,distributed,ours_f9_lookahead_L15,2,15,306,306,0,0.0,1.064039408866995,1.0,2.2782919919459674,1.001,1.2772919919459675,0.0,0,0.23251231527093597,0.016983016983016984,406
0.3,distributed,ours_f9_lookahead_L15,2,16,285,285,0,0.0,1.0448179271708684,1.0,2.227780441840366,1.001,1.2267804418403663,0.0,0,0.28431372549019607,0.00999000999000999,357
0.3,distributed,ours_f9_lookahead_L15,2,17,314,314,0,0.0,1.0434782608695652,1.0,2.2366011028168824,1.0,1.2366011028168824,0.0,0,0.27595907928388747,0.009,391
0.3,distributed,ours_f9_lookahead_L15,2,18,315,315,0,0.0,1.1276102088167053,2.0,2.252269627318954,0.998,1.2542696273189542,0.0,0,0.28125,0.044,431
0.3,distributed,ours_f9_lookahead_L15,3,19,299,299,0,0.0,1.0532544378698225,1.0,2.206195455355041,1.0,1.2061954553550411,0.0,0,0.3168639053254438,0.018,338
0.3,distributed,ours_f9_lookahead_L15,3,20,304,304,0,0.0,1.0527777777777778,1.0,2.195216067659896,0.997,1.198216067659896,0.0,0,0.261218836565097,0.018,360
0.3,distributed,ours_f9_lookahead_L15,3,21,329,329,0,0.0,1.0637254901960784,1.0,2.2247083033660253,0.995,1.2297083033660254,0.0,0,0.2540342298288509,0.02,408
0.3,distributed,ours_f9_lookahead_L15,3,22,303,303,0,0.0,1.0743801652892562,1.0,2.182824927139881,1.001,1.181824927139881,0.0,0,0.29013698630136986,0.023976023976023976,363
0.3,distributed,ours_f9_lookahead_L15,3,23,298,298,0,0.0,1.0244565217391304,1.0,2.206466925412129,1.0,1.206466925412129,0.0,0,0.2703804347826087,0.007,368
0.3,distributed,ours_f9_lookahead_L15,3,24,283,283,0,0.0,1.0339506172839505,1.0,2.183138501095489,1.0,1.183138501095489,0.0,0,0.3129230769230769,0.007,324
0.3,distributed,ours_f9_lookahead_L15,4,25,289,289,0,0.0,1.1380145278450364,2.0,2.2141638933498964,1.002,1.2121638933498966,0.0,0,0.29734299516908214,0.0499001996007984,413
0.3,distributed,ours_f9_lookahead_L15,4,26,286,286,0,0.0,1.1111111111111112,2.0,2.1949849972503146,1.001,1.1939849972503147,0.0,0,0.31262886597938144,0.03796203796203796,387
0.3,distributed,ours_f9_lookahead_L15,4,27,316,316,0,0.0,1.1065217391304347,2.0,2.219627078850062,1.003,1.2166270788500622,0.0,0,0.26898047722342733,0.03988035892323031,460
0.3,distributed,ours_f9_lookahead_L15,4,28,256,256,0,0.0,1.0441988950276244,1.0,2.2062155670086927,0.994,1.212215567008693,0.0,0,0.30604395604395607,0.014,362
0.3,distributed,ours_f9_lookahead_L15,4,29,342,342,0,0.0,1.0667976424361494,1.0,2.262691308052567,1.001,1.2616913080525671,0.0,0,0.2543859649122807,0.026973026973026972,509
0.3,distributed,ours_f9_lookahead_L15,4,30,309,309,0,0.0,1.0812641083521444,1.0,2.2120267934091618,1.003,1.2090267934091619,0.0,0,0.2596846846846847,0.03389830508474576,443
0.5,concentrated,ours_f9_lookahead_L15,0,1,463,463,0,0.0,1.3819951338199514,2.0,2.7530473542207696,1.0,1.7530473542207694,0.0,0,0.0,0.0,411
0.5,concentrated,ours_f9_lookahead_L15,0,2,498,498,0,0.0,1.381057268722467,2.0,2.737155588036157,1.001,1.736155588036157,0.0,0,0.0,0.0,454
0.5,concentrated,ours_f9_lookahead_L15,0,3,502,502,0,0.0,1.3893617021276596,2.0,2.7359369171479244,0.998,1.7379369171479246,0.0,0,0.0,0.0,470
0.5,concentrated,ours_f9_lookahead_L15,0,4,511,511,0,0.0,1.3549060542797495,2.0,2.7346529151501255,1.001,1.7336529151501257,0.0,0,0.0,0.0,479
0.5,concentrated,ours_f9_lookahead_L15,0,5,477,477,0,0.0,1.392156862745098,2.0,2.7361957063220856,0.998,1.7381957063220854,0.0,0,0.0,0.0,459
0.5,concentrated,ours_f9_lookahead_L15,0,6,539,539,0,0.0,1.3510204081632653,2.0,2.7116031894766577,1.002,1.7096031894766575,0.0,0,0.0,0.0,490
0.5,concentrated,ours_f9_lookahead_L15,1,7,458,458,0,0.0,1.3005671077504726,2.0,2.6926686477822748,1.0,1.6926686477822748,0.0,0,0.0,0.0,529
0.5,concentrated,ours_f9_lookahead_L15,1,8,495,495,0,0.0,1.293193717277487,2.0,2.684462860605694,1.002,1.682462860605694,0.0,0,0.0,0.0,573
0.5,concentrated,ours_f9_lookahead_L15,1,9,502,502,0,0.0,1.3079646017699116,2.0,2.7080042812671183,1.0,1.7080042812671183,0.0,0,0.0,0.0,565
0.5,concentrated,ours_f9_lookahead_L15,1,10,514,514,0,0.0,1.3722222222222222,2.0,2.716409637522924,1.001,1.715409637522924,0.0,0,0.0,0.0,540
0.5,concentrated,ours_f9_lookahead_L15,1,11,512,512,0,0.0,1.3140916808149405,2.0,2.7482878785283056,1.001,1.7472878785283055,0.0,0,0.0,0.0,589
0.5,concentrated,ours_f9_lookahead_L15,1,12,457,457,0,0.0,1.3127413127413128,2.0,2.726259339368183,1.002,1.7242593393681829,0.0,0,0.0,0.0,518
0.5,concentrated,ours_f9_lookahead_L15,2,13,490,490,0,0.0,1.3666666666666667,2.0,2.739067036747434,1.001,1.7380670367474338,0.0,0,0.0,0.0,480
0.5,concentrated,ours_f9_lookahead_L15,2,14,505,505,0,0.0,1.3490196078431373,2.0,2.7473609919871964,1.001,1.7463609919871965,0.0,0,0.0,0.0,510
0.5,concentrated,ours_f9_lookahead_L15,2,15,477,477,0,0.0,1.346938775510204,2.0,2.7342659369070432,0.995,1.7392659369070431,0.0,0,0.0,0.0,490
0.5,concentrated,ours_f9_lookahead_L15,2,16,494,494,0,0.0,1.3704453441295548,2.0,2.7241437303800318,1.0,1.7241437303800318,0.0,0,0.0,0.0,494
0.5,concentrated,ours_f9_lookahead_L15,2,17,530,530,0,0.0,1.3540856031128405,2.0,2.7443252265223546,1.001,1.7433252265223547,0.0,0,0.0,0.0,514
0.5,concentrated,ours_f9_lookahead_L15,2,18,519,519,0,0.0,1.3464991023339319,2.0,2.766794952426899,1.001,1.7657949524268992,0.0,0,0.0,0.0,557
0.5,concentrated,ours_f9_lookahead_L15,3,19,481,481,0,0.0,1.4484412470023982,2.0,2.744108065334863,1.001,1.7431080653348632,0.0,0,0.0,0.0,417
0.5,concentrated,ours_f9_lookahead_L15,3,20,515,515,0,0.0,1.4568181818181818,2.0,2.7521274174899597,1.001,1.75112741748996,0.0,0,0.0,0.0,440
0.5,concentrated,ours_f9_lookahead_L15,3,21,515,515,0,0.0,1.3576017130620985,2.0,2.7258208781546047,1.001,1.7248208781546048,0.0,0,0.0,0.0,467
0.5,concentrated,ours_f9_lookahead_L15,3,22,496,496,0,0.0,1.3730684326710816,2.0,2.7201344205375952,0.999,1.7211344205375951,0.0,0,0.0,0.0,453
0.5,concentrated,ours_f9_lookahead_L15,3,23,506,506,0,0.0,1.3253796095444685,2.0,2.737813133739955,1.001,1.7368131337399553,0.0,0,0.0,0.0,461
0.5,concentrated,ours_f9_lookahead_L15,3,24,494,494,0,0.0,1.3802197802197802,2.0,2.7278687957177166,0.999,1.7288687957177165,0.0,0,0.0,0.0,455
0.5,concentrated,ours_f9_lookahead_L15,4,25,488,488,0,0.0,1.331384015594542,2.0,2.7458082166341513,1.001,1.7448082166341514,0.0,0,0.0,0.0,513
0.5,concentrated,ours_f9_lookahead_L15,4,26,489,489,0,0.0,1.3353535353535353,2.0,2.7120356689625216,0.997,1.7150356689625217,0.0,0,0.0,0.0,495
0.5,concentrated,ours_f9_lookahead_L15,4,27,492,492,0,0.0,1.3584521384928716,2.0,2.731460083930543,0.997,1.7344600839305433,0.0,0,0.0,0.0,491
0.5,concentrated,ours_f9_lookahead_L15,4,28,453,453,0,0.0,1.3747228381374723,2.0,2.6949736255304773,1.001,1.6939736255304774,0.0,0,0.0,0.0,451
0.5,concentrated,ours_f9_lookahead_L15,4,29,553,553,0,0.0,1.300509337860781,2.0,2.735561992286232,1.002,1.733561992286232,0.0,0,0.0,0.0,589
0.5,concentrated,ours_f9_lookahead_L15,4,30,493,493,0,0.0,1.3478260869565217,2.0,2.7137912898967125,1.002,1.7117912898967123,0.0,0,0.0,0.0,483
0.5,distributed,ours_f9_lookahead_L15,0,1,463,463,0,0.0,1.0950495049504951,1.0,2.237602001013176,1.001,1.2366020010131764,0.0,0,0.26811881188118813,0.04295704295704296,505
0.5,distributed,ours_f9_lookahead_L15,0,2,498,498,0,0.0,1.0820244328097732,1.0,2.264482510892306,1.002,1.262482510892306,0.0,0,0.2445993031358885,0.04291417165668663,573
0.5,distributed,ours_f9_lookahead_L15,0,3,502,502,0,0.0,1.0576271186440678,1.0,2.25898138371281,0.998,1.2609813837128099,0.0,0,0.22967959527824622,0.028,590
0.5,distributed,ours_f9_lookahead_L15,0,4,511,511,0,0.0,1.0341463414634147,1.0,2.2687093594328354,1.001,1.2677093594328355,0.0,0,0.21996753246753248,0.015984015984015984,615
0.5,distributed,ours_f9_lookahead_L15,0,5,477,477,0,0.0,1.0613718411552346,1.0,2.2484418276424045,0.999,1.2494418276424044,0.0,0,0.22936936936936936,0.025,554
0.5,distributed,ours_f9_lookahead_L15,0,6,539,539,0,0.0,1.0580431177446104,1.0,2.2336034240315987,1.001,1.2326034240315986,0.0,0,0.25594059405940595,0.03396603396603397,603
0.5,distributed,ours_f9_lookahead_L15,1,7,458,458,0,0.0,1.1706948640483383,2.0,2.2775428600552883,1.0,1.2775428600552883,0.0,0,0.24811463046757165,0.086,662
0.5,distributed,ours_f9_lookahead_L15,1,8,495,495,0,0.0,1.1796657381615598,2.0,2.3253756583467142,1.002,1.3233756583467142,0.0,0,0.23477051460361614,0.0968063872255489,718
0.5,distributed,ours_f9_lookahead_L15,1,9,502,502,0,0.0,1.1752988047808766,2.0,2.323310071087625,0.999,1.3243100710876248,0.0,0,0.23249336870026524,0.099,753
0.5,distributed,ours_f9_lookahead_L15,1,10,514,514,0,0.0,1.2707482993197279,3.0,2.3311106146368044,1.001,1.3301106146368042,0.0,0,0.2313937753721245,0.16183816183816183,735
0.5,distributed,ours_f9_lookahead_L15,1,11,512,512,0,0.0,1.18508655126498,2.0,2.3117751459294,1.002,1.3097751459293998,0.0,0,0.23138297872340424,0.10578842315369262,751
0.5,distributed,ours_f9_lookahead_L15,1,12,457,457,0,0.0,1.1454823889739663,2.0,2.3066866908160097,1.002,1.3046866908160097,0.0,0,0.22970903522205208,0.06187624750499002,653
0.5,distributed,ours_f9_lookahead_L15,2,13,490,490,0,0.0,1.1020408163265305,2.0,2.2930633833707272,1.001,1.2920633833707273,0.0,0,0.23108320251177394,0.04795204795204795,637
0.5,distributed,ours_f9_lookahead_L15,2,14,505,505,0,0.0,1.0723781388478582,1.0,2.2721484065023247,1.001,1.271148406502325,0.0,0,0.24477172312223858,0.03796203796203796,677
0.5,distributed,ours_f9_lookahead_L15,2,15,477,477,0,0.0,1.0986132511556241,2.0,2.300001277586075,0.996,1.3040012775860748,0.0,0,0.2141321044546851,0.048,649
0.5,distributed,ours_f9_lookahead_L15,2,16,494,494,0,0.0,1.0819672131147542,2.0,2.280100763980566,1.0,1.2801007639805662,0.0,0,0.2274480712166172,0.04,671
0.5,distributed,ours_f9_lookahead_L15,2,17,530,530,0,0.0,1.0883233532934131,2.0,2.282493106578525,1.001,1.2814931065785253,0.0,0,0.2471556886227545,0.04295704295704296,668
0.5,distributed,ours_f9_lookahead_L15,2,18,519,519,0,0.0,1.1087570621468927,2.0,2.2957378123280403,1.002,1.29373781232804,0.0,0,0.22867231638418078,0.05588822355289421,708
0.5,distributed,ours_f9_lookahead_L15,3,19,481,481,0,0.0,1.083629893238434,1.0,2.2475164790676585,1.001,1.2465164790676584,0.0,0,0.2836298932384342,0.04295704295704296,562
0.5,distributed,ours_f9_lookahead_L15,3,20,515,515,0,0.0,1.1399662731871838,2.0,2.2508657953047635,1.001,1.2498657953047634,0.0,0,0.25946398659966496,0.06893106893106893,593
0.5,distributed,ours_f9_lookahead_L15,3,21,515,515,0,0.0,1.0929853181076672,2.0,2.2684488115961967,1.002,1.2664488115961965,0.0,0,0.2538336052202284,0.04590818363273453,613
0.5,distributed,ours_f9_lookahead_L15,3,22,496,496,0,0.0,1.0954003407155026,1.0,2.2454487669779195,0.999,1.2464487669779196,0.0,0,0.2713073005093379,0.05,587
0.5,distributed,ours_f9_lookahead_L15,3,23,506,506,0,0.0,1.0658978583196046,1.0,2.244874907962086,1.002,1.242874907962086,0.0,0,0.25641447368421055,0.036926147704590816,607
0.5,distributed,ours_f9_lookahead_L15,3,24,494,494,0,0.0,1.1050788091068302,2.0,2.232484803545,0.999,1.2334848035449997,0.0,0,0.29458987783595114,0.051,571
0.5,distributed,ours_f9_lookahead_L15,4,25,488,488,0,0.0,1.1796759941089838,2.0,2.2651016726943256,1.0,1.2651016726943258,0.0,0,0.2654919236417034,0.101,679
0.5,distributed,ours_f9_lookahead_L15,4,26,489,489,0,0.0,1.174468085106383,2.0,2.2693665979559126,0.997,1.2723665979559124,0.0,0,0.24340425531914894,0.106,705
0.5,distributed,ours_f9_lookahead_L15,4,27,492,492,0,0.0,1.2236652236652237,2.0,2.2729197637656093,0.997,1.2759197637656094,0.0,0,0.2664756446991404,0.132,693
0.5,distributed,ours_f9_lookahead_L15,4,28,453,453,0,0.0,1.1160990712074303,2.0,2.232901354996817,1.003,1.2299013549968167,0.0,0,0.2859567901234568,0.06281156530408774,646
0.5,distributed,ours_f9_lookahead_L15,4,29,553,553,0,0.0,1.169741697416974,2.0,2.270715994789477,1.002,1.268715994789477,0.0,0,0.2541769041769042,0.1187624750499002,813
0.5,distributed,ours_f9_lookahead_L15,4,30,493,493,0,0.0,1.1488439306358382,2.0,2.2530847902039506,1.001,1.2520847902039505,0.0,0,0.2557636887608069,0.0969030969030969,692
0.7,concentrated,ours_f9_lookahead_L15,0,1,677,677,0,0.0,1.3495145631067962,2.0,2.76215865066749,1.0,1.76215865066749,0.0,0,0.0,0.0,618
0.7,concentrated,ours_f9_lookahead_L15,0,2,698,698,0,0.0,1.3771251931993818,2.0,2.7583270743866377,1.0,1.758327074386638,0.0,0,0.0,0.0,647
0.7,concentrated,ours_f9_lookahead_L15,0,3,704,704,0,0.0,1.401854714064915,2.0,2.747153077313459,0.999,1.7481530773134593,0.0,0,0.0,0.0,647
0.7,concentrated,ours_f9_lookahead_L15,0,4,732,732,0,0.0,1.3950995405819295,2.0,2.7522784129398037,1.001,1.7512784129398038,0.0,0,0.0,0.000999000999000999,653
0.7,concentrated,ours_f9_lookahead_L15,0,5,670,670,0,0.0,1.3973727422003284,2.0,2.7447896549010693,1.0,1.7447896549010693,0.0,0,0.0,0.0,609
0.7,concentrated,ours_f9_lookahead_L15,0,6,749,749,0,0.0,1.364963503649635,2.0,2.7657872228744997,1.002,1.7637872228744997,0.0,0,0.0,0.0,685
0.7,concentrated,ours_f9_lookahead_L15,1,7,660,660,0,0.0,1.3028720626631853,2.0,2.740247852478084,1.003,1.7372478524780837,0.0,0,0.0,0.0,766
0.7,concentrated,ours_f9_lookahead_L15,1,8,668,668,0,0.0,1.3067400275103163,2.0,2.704994502976247,1.001,1.703994502976247,0.0,0,0.0,0.0,727
0.7,concentrated,ours_f9_lookahead_L15,1,9,696,696,0,0.0,1.3216520650813517,2.0,2.7466739911099363,1.001,1.7456739911099364,0.0,0,0.0,0.0,799
0.7,concentrated,ours_f9_lookahead_L15,1,10,727,727,0,0.0,1.3470873786407767,2.0,2.746438733143005,1.001,1.745438733143005,0.0,0,0.0,0.000999000999000999,824
0.7,concentrated,ours_f9_lookahead_L15,1,11,714,714,0,0.0,1.3162393162393162,2.0,2.7660163382676273,1.002,1.7640163382676273,0.0,0,0.0,0.0,819
0.7,concentrated,ours_f9_lookahead_L15,1,12,654,654,0,0.0,1.3095238095238095,2.0,2.738026816095852,1.001,1.737026816095852,0.0,0,0.0,0.0,756
0.7,concentrated,ours_f9_lookahead_L15,2,13,706,706,0,0.0,1.3646723646723646,2.0,2.7477320245282684,1.002,1.7457320245282686,0.0,0,0.0,0.0,702
0.7,concentrated,ours_f9_lookahead_L15,2,14,724,724,0,0.0,1.3502747252747254,2.0,2.7497554783445937,1.002,1.7477554783445939,0.0,0,0.0,0.0,728
0.7,concentrated,ours_f9_lookahead_L15,2,15,685,685,0,0.0,1.361671469740634,2.0,2.7455015731664787,0.993,1.7525015731664788,0.0,0,0.0,0.0,694
0.7,concentrated,ours_f9_lookahead_L15,2,16,679,679,0,0.0,1.3588235294117648,2.0,2.7508241304402636,1.0,1.7508241304402636,0.0,0,0.0,0.0,680
0.7,concentrated,ours_f9_lookahead_L15,2,17,744,744,0,0.0,1.3723252496433667,2.0,2.7441101284049676,1.002,1.7421101284049674,0.0,0,0.0,0.0,701
0.7,concentrated,ours_f9_lookahead_L15,2,18,706,706,0,0.0,1.3526244952893673,2.0,2.7752340444077817,1.001,1.7742340444077818,0.0,0,0.0,0.0,743
0.7,concentrated,ours_f9_lookahead_L15,3,19,653,653,0,0.0,1.4198606271777003,2.0,2.760929830604819,1.002,1.7589298306048191,0.0,0,0.0,0.0,574
0.7,concentrated,ours_f9_lookahead_L15,3,20,721,721,0,0.0,1.445880452342488,2.0,2.76085438055941,0.998,1.7628543805594097,0.0,0,0.0,0.0,619
0.7,concentrated,ours_f9_lookahead_L15,3,21,717,717,0,0.0,1.3738317757009346,2.0,2.763541018964764,1.002,1.7615410189647638,0.0,0,0.0,0.0,642
0.7,concentrated,ours_f9_lookahead_L15,3,22,688,688,0,0.0,1.3640776699029127,2.0,2.757658162672441,0.999,1.758658162672441,0.0,0,0.0,0.0,618
0.7,concentrated,ours_f9_lookahead_L15,3,23,704,704,0,0.0,1.3338582677165354,2.0,2.7560157060839305,1.001,1.7550157060839309,0.0,0,0.0,0.0,635
0.7,concentrated,ours_f9_lookahead_L15,3,24,674,674,0,0.0,1.3908794788273615,2.0,2.766623152092011,1.001,1.765623152092011,0.0,0,0.0,0.0,614
0.7,concentrated,ours_f9_lookahead_L15,4,25,688,688,0,0.0,1.3540802213001384,2.0,2.7609603812072283,1.002,1.7589603812072283,0.0,0,0.0,0.0,723
0.7,concentrated,ours_f9_lookahead_L15,4,26,688,688,0,0.0,1.36376604850214,2.0,2.7370273030153904,0.999,1.7380273030153905,0.0,0,0.0,0.0,701
0.7,concentrated,ours_f9_lookahead_L15,4,27,671,671,0,0.0,1.3437945791726105,2.0,2.759493121821917,1.002,1.7574931218219172,0.0,0,0.0,0.0,701
0.7,concentrated,ours_f9_lookahead_L15,4,28,645,645,0,0.0,1.362297496318115,2.0,2.74760916332335,1.002,1.74560916332335,0.0,0,0.0,0.0,679
0.7,concentrated,ours_f9_lookahead_L15,4,29,745,745,0,0.0,1.3180661577608141,2.0,2.7749411236804993,1.001,1.7739411236804994,0.0,0,0.0,0.0,786
0.7,concentrated,ours_f9_lookahead_L15,4,30,693,693,0,0.0,1.3682678311499272,2.0,2.7575818712609625,0.996,1.7615818712609626,0.0,0,0.0,0.0,687
0.7,distributed,ours_f9_lookahead_L15,0,1,677,677,0,0.0,1.081578947368421,1.0,2.276390600832171,1.0,1.276390600832171,0.0,0,0.2218421052631579,0.05,760
0.7,distributed,ours_f9_lookahead_L15,0,2,698,698,0,0.0,1.062807881773399,1.0,2.299237732313035,0.999,1.300237732313035,0.0,0,0.2179581795817958,0.04,812
0.7,distributed,ours_f9_lookahead_L15,0,3,704,704,0,0.0,1.0680100755667505,1.0,2.2853197224569963,0.999,1.2863197224569964,0.0,0,0.23538268506900878,0.038,794
0.7,distributed,ours_f9_lookahead_L15,0,4,732,732,0,0.0,1.0711700844390832,1.0,2.291505149006637,1.001,1.2905051490066373,0.0,0,0.21313253012048192,0.052947052947052944,829
0.7,distributed,ours_f9_lookahead_L15,0,5,670,670,0,0.0,1.0677966101694916,1.0,2.294325437340021,1.0,1.294325437340021,0.0,0,0.21092327698309493,0.04,767
0.7,distributed,ours_f9_lookahead_L15,0,6,749,749,0,0.0,1.0886644219977553,2.0,2.2925655672068235,1.002,1.2905655672068232,0.0,0,0.2122334455667789,0.07085828343313373,891
0.7,distributed,ours_f9_lookahead_L15,1,7,660,660,0,0.0,1.2740141557128413,3.0,2.3450093872602773,1.002,1.3430093872602775,0.0,0,0.20736629667003026,0.22255489021956087,989
0.7,distributed,ours_f9_lookahead_L15,1,8,668,668,0,0.0,1.1705020920502092,2.0,2.340750270299164,1.001,1.339750270299164,0.0,0,0.22854166666666667,0.11988011988011989,956
0.7,distributed,ours_f9_lookahead_L15,1,9,696,696,0,0.0,1.253227408142999,3.0,2.3273790610689646,1.002,1.3253790610689644,0.0,0,0.23296921549155908,0.1996007984031936,1007
0.7,distributed,ours_f9_lookahead_L15,1,10,727,727,0,0.0,1.2839851024208566,3.0,2.3634474855423337,1.002,1.3614474855423337,0.0,0,0.21728624535315985,0.23652694610778444,1074
0.7,distributed,ours_f9_lookahead_L15,1,11,714,714,0,0.0,1.2358036573628488,2.0,2.3389610104396157,1.002,1.3369610104396157,0.0,0,0.22173076923076923,0.18463073852295409,1039
0.7,distributed,ours_f9_lookahead_L15,1,12,654,654,0,0.0,1.2875816993464053,3.0,2.3343091414561266,1.001,1.3333091414561267,0.0,0,0.23112078346028292,0.2047952047952048,918
0.7,distributed,ours_f9_lookahead_L15,2,13,706,706,0,0.0,1.200859291084855,2.0,2.3086734275672702,1.002,1.30667342756727,0.0,0,0.2174892703862661,0.1506986027944112,931
0.7,distributed,ours_f9_lookahead_L15,2,14,724,724,0,0.0,1.1544885177453028,2.0,2.302173446880509,1.002,1.3001734468805088,0.0,0,0.2350730688935282,0.12674650698602793,958
0.7,distributed,ours_f9_lookahead_L15,2,15,685,685,0,0.0,1.1462621885157096,2.0,2.327512066305197,0.993,1.3345120663051968,0.0,0,0.21406926406926408,0.1,923
0.7,distributed,ours_f9_lookahead_L15,2,16,679,679,0,0.0,1.1326754385964912,2.0,2.3227957989415575,1.001,1.3217957989415579,0.0,0,0.22045951859956237,0.0959040959040959,912
0.7,distributed,ours_f9_lookahead_L15,2,17,744,744,0,0.0,1.1495633187772927,2.0,2.2836088569022994,1.002,1.2816088569022994,0.0,0,0.23391494002181026,0.1157684630738523,916
0.7,distributed,ours_f9_lookahead_L15,2,18,706,706,0,0.0,1.2280887011615629,2.0,2.3517590597936193,1.002,1.3497590597936195,0.0,0,0.21858500527983105,0.17465069860279442,947
0.7,distributed,ours_f9_lookahead_L15,3,19,653,653,0,0.0,1.1657754010695187,2.0,2.2707090408573376,1.002,1.2687090408573376,0.0,0,0.2602136181575434,0.11477045908183632,748
0.7,distributed,ours_f9_lookahead_L15,3,20,721,721,0,0.0,1.1506172839506172,2.0,2.2915328077247032,0.998,1.2935328077247032,0.0,0,0.2344019728729963,0.094,810
0.7,distributed,ours_f9_lookahead_L15,3,21,717,717,0,0.0,1.1416464891041163,2.0,2.2821161993926884,1.001,1.2811161993926885,0.0,0,0.236144578313253,0.0999000999000999,826
0.7,distributed,ours_f9_lookahead_L15,3,22,688,688,0,0.0,1.1538461538461537,2.0,2.281957838572702,0.999,1.2829578385727023,0.0,0,0.25534591194968553,0.112,793
0.7,distributed,ours_f9_lookahead_L15,3,23,704,704,0,0.0,1.0805288461538463,2.0,2.2780105739601835,1.001,1.2770105739601836,0.0,0,0.23461538461538461,0.059940059940059943,832
0.7,distributed,ours_f9_lookahead_L15,3,24,674,674,0,0.0,1.1448189762796503,2.0,2.283731906431595,1.002,1.281731906431595,0.0,0,0.27322540473225404,0.1027944111776447,801
0.7,distributed,ours_f9_lookahead_L15,4,25,688,688,0,0.0,1.326984126984127,3.0,2.3150845956759083,1.001,1.3140845956759084,0.0,0,0.25856236786469344,0.26573426573426573,945
0.7,distributed,ours_f9_lookahead_L15,4,26,688,688,0,0.0,1.291060291060291,3.0,2.2984233029769663,0.999,1.2994233029769662,0.0,0,0.2547248182762201,0.25,962
0.7,distributed,ours_f9_lookahead_L15,4,27,671,671,0,0.0,1.235897435897436,2.0,2.299851081728403,1.002,1.2978510817284028,0.0,0,0.23961105424769702,0.19860279441117765,975
0.7,distributed,ours_f9_lookahead_L15,4,28,645,645,0,0.0,1.278372591006424,3.0,2.2830338805598296,1.001,1.2820338805598297,0.0,0,0.26392742796157953,0.23676323676323677,934
0.7,distributed,ours_f9_lookahead_L15,4,29,745,745,0,0.0,1.325666973321067,3.0,2.316247559061874,1.002,1.3142475590618738,0.0,0,0.23976124885215794,0.3263473053892216,1087
0.7,distributed,ours_f9_lookahead_L15,4,30,693,693,0,0.0,1.2107892107892109,2.0,2.29855343442319,0.996,1.30255343442319,0.0,0,0.23569292123629113,0.187,1001
0.9,concentrated,ours_f9_lookahead_L15,0,1,866,866,0,0.0,1.369289340101523,2.0,2.783673217971476,1.002,1.7816732179714758,0.0,0,0.0,0.000998003992015968,788
0.9,concentrated,ours_f9_lookahead_L15,0,2,921,921,0,0.0,1.4004825090470445,2.0,2.775963337470743,1.002,1.773963337470743,0.0,0,0.0,0.0029940119760479044,829
0.9,concentrated,ours_f9_lookahead_L15,0,3,914,914,0,0.0,1.4267834793491865,2.0,2.7665196717184815,1.002,1.7645196717184817,0.0,0,0.0,0.001996007984031936,799
0.9,concentrated,ours_f9_lookahead_L15,0,4,913,913,0,0.0,1.3742550655542312,2.0,2.7716878832460172,0.999,1.7726878832460171,0.0,0,0.0,0.001,839
0.9,concentrated,ours_f9_lookahead_L15,0,5,867,867,0,0.0,1.4149214659685865,2.0,2.7553834513062734,1.0,1.7553834513062732,0.0,0,0.0,0.003,764
0.9,concentrated,ours_f9_lookahead_L15,0,6,949,949,0,0.0,1.3835457705677867,2.0,2.7758643471029334,1.002,1.7738643471029336,0.0,0,0.0,0.0029940119760479044,863
0.9,concentrated,ours_f9_lookahead_L15,1,7,831,831,0,0.0,1.3225130890052357,2.0,2.741626031794024,1.002,1.739626031794024,0.0,0,0.0,0.008982035928143712,955
0.9,concentrated,ours_f9_lookahead_L15,1,8,885,885,0,0.0,1.31610337972167,2.0,2.7413660786982863,1.0,1.7413660786982865,0.0,0,0.0,0.008,1006
0.9,concentrated,ours_f9_lookahead_L15,1,9,885,885,0,0.0,1.3336745138178097,2.0,2.756091685887585,0.999,1.7570916858875851,0.0,0,0.0,0.001,977
0.9,concentrated,ours_f9_lookahead_L15,1,10,940,940,0,0.0,1.3506012950971322,2.0,2.7600091233551174,1.002,1.7580091233551176,0.0,0,0.0,0.013972055888223553,1081
0.9,concentrated,ours_f9_lookahead_L15,1,11,915,915,0,0.0,1.3356435643564357,2.0,2.77564181698824,1.001,1.77464181698824,0.0,0,0.0,0.0,1010
0.9,concentrated,ours_f9_lookahead_L15,1,12,852,852,0,0.0,1.3280922431865827,2.0,2.745111502246661,1.001,1.7441115022466611,0.0,0,0.0,0.000999000999000999,954
0.9,concentrated,ours_f9_lookahead_L15,2,13,906,906,0,0.0,1.370913190529876,2.0,2.755165667000629,1.001,1.7541656670006287,0.0,0,0.0,0.003996003996003996,887
0.9,concentrated,ours_f9_lookahead_L15,2,14,919,919,0,0.0,1.3455882352941178,2.0,2.771234269265806,1.001,1.7702342692658057,0.0,0,0.0,0.004995004995004995,952
0.9,concentrated,ours_f9_lookahead_L15,2,15,903,903,0,0.0,1.3597285067873304,2.0,2.757416140383052,1.002,1.7554161403830517,0.0,0,0.0,0.003992015968063872,884
0.9,concentrated,ours_f9_lookahead_L15,2,16,864,864,0,0.0,1.3641618497109826,2.0,2.7814397909571396,1.002,1.7794397909571393,0.0,0,0.0,0.003992015968063872,865
0.9,concentrated,ours_f9_lookahead_L15,2,17,945,945,0,0.0,1.3602941176470589,2.0,2.757363482164459,0.999,1.7583634821644587,0.0,0,0.0,0.011,952
0.9,concentrated,ours_f9_lookahead_L15,2,18,899,899,0,0.0,1.360725720384205,2.0,2.7904492535577186,0.999,1.7914492535577184,0.0,0,0.0,0.001,937
0.9,concentrated,ours_f9_lookahead_L15,3,19,870,870,0,0.0,1.397946084724005,2.0,2.7674887339983147,1.0,1.7674887339983145,0.0,0,0.0,0.0,779
0.9,concentrated,ours_f9_lookahead_L15,3,20,921,921,0,0.0,1.462033462033462,2.0,2.755231566275413,1.0,1.755231566275413,0.0,0,0.0,0.007,777
0.9,concentrated,ours_f9_lookahead_L15,3,21,900,900,0,0.0,1.3921319796954315,2.0,2.7805155968553645,1.0,1.7805155968553645,0.0,0,0.0,0.0,788
0.9,concentrated,ours_f9_lookahead_L15,3,22,892,892,0,0.0,1.3820078226857888,2.0,2.7726071253279407,1.002,1.770607125327941,0.0,0,0.0,0.0,767
0.9,concentrated,ours_f9_lookahead_L15,3,23,879,879,0,0.0,1.342273307790549,2.0,2.7602458423562406,1.001,1.7592458423562407,0.0,0,0.0,0.001998001998001998,783
0.9,concentrated,ours_f9_lookahead_L15,3,24,883,883,0,0.0,1.3875476493011436,2.0,2.7715409215994447,1.002,1.7695409215994449,0.0,0,0.0,0.0,787
0.9,concentrated,ours_f9_lookahead_L15,4,25,880,880,0,0.0,1.3564463705308776,2.0,2.7626486912868,1.002,1.7606486912867998,0.0,0,0.0,0.00499001996007984,923
0.9,concentrated,ours_f9_lookahead_L15,4,26,879,879,0,0.0,1.3461939520333681,2.0,2.7658306886349067,1.002,1.7638306886349067,0.0,0,0.0,0.006986027944111776,959
0.9,concentrated,ours_f9_lookahead_L15,4,27,897,897,0,0.0,1.3575949367088607,2.0,2.7419382035411517,1.001,1.7409382035411518,0.0,0,0.0,0.027972027972027972,948
0.9,concentrated,ours_f9_lookahead_L15,4,28,820,820,0,0.0,1.3705463182897861,2.0,2.7576095760916415,1.001,1.7566095760916416,0.0,0,0.0,0.006993006993006993,842
0.9,concentrated,ours_f9_lookahead_L15,4,29,959,959,0,0.0,1.3333333333333333,2.0,2.778314753736752,1.001,1.7773147537367522,0.0,0,0.0,0.007992007992007992,1014
0.9,concentrated,ours_f9_lookahead_L15,4,30,874,874,0,0.0,1.351412429378531,2.0,2.7566389045141255,1.001,1.7556389045141256,0.0,0,0.0,0.001998001998001998,885
0.9,distributed,ours_f9_lookahead_L15,0,1,866,866,0,0.0,1.0976361767728675,2.0,2.3235112825276523,1.002,1.3215112825276523,0.0,0,0.19651995905834185,0.08083832335329341,973
0.9,distributed,ours_f9_lookahead_L15,0,2,921,921,0,0.0,1.0951923076923078,2.0,2.330769374623851,1.002,1.328769374623851,0.0,0,0.21063218390804597,0.08283433133732535,1040
0.9,distributed,ours_f9_lookahead_L15,0,3,914,914,0,0.0,1.152542372881356,2.0,2.315318099329815,1.001,1.3143180993298151,0.0,0,0.22544731610337973,0.12887112887112886,1003
0.9,distributed,ours_f9_lookahead_L15,0,4,913,913,0,0.0,1.119388729703916,2.0,2.323120846450946,1.0,1.3231208464509463,0.0,0,0.19933396764985728,0.113,1047
0.9,distributed,ours_f9_lookahead_L15,0,5,867,867,0,0.0,1.1293881644934805,2.0,2.3136554238852822,1.001,1.3126554238852826,0.0,0,0.1961,0.1108891108891109,997
0.9,distributed,ours_f9_lookahead_L15,0,6,949,949,0,0.0,1.158547387068202,2.0,2.319835837012543,1.002,1.3178358370125431,0.0,0,0.2001765225066196,0.1596806387225549,1129
0.9,distributed,ours_f9_lookahead_L15,1,7,831,831,0,0.0,1.448360655737705,4.0,2.3555465842224006,1.002,1.3535465842224008,0.0,0,0.21570382424735557,0.47305389221556887,1220
0.9,distributed,ours_f9_lookahead_L15,1,8,885,885,0,0.0,1.39894419306184,3.0,2.3911339178882933,1.001,1.3901339178882937,0.0,0,0.21483433734939758,0.44255744255744256,1326
0.9,distributed,ours_f9_lookahead_L15,1,9,885,885,0,0.0,1.410373760488177,3.5,2.381040620835932,1.0,1.381040620835932,0.0,0,0.2155893536121673,0.449,1311
0.9,distributed,ours_f9_lookahead_L15,1,10,940,940,0,0.0,1.4596774193548387,3.0,2.376181295689853,1.002,1.3741812956898527,0.0,0,0.21383601756954612,0.5199600798403193,1364
0.9,distributed,ours_f9_lookahead_L15,1,11,915,915,0,0.0,1.4475982532751093,3.0,2.4009708683045567,1.003,1.3979708683045569,0.0,0,0.20991316931982634,0.5244267198404786,1374
0.9,distributed,ours_f9_lookahead_L15,1,12,852,852,0,0.0,1.3545816733067728,3.0,2.3469084718835056,1.0,1.3469084718835054,0.0,0,0.2125,0.371,1255
0.9,distributed,ours_f9_lookahead_L15,2,13,906,906,0,0.0,1.2550937245313774,3.0,2.3646580954050487,1.001,1.3636580954050486,0.0,0,0.19690553745928338,0.25574425574425574,1227
0.9,distributed,ours_f9_lookahead_L15,2,14,919,919,0,0.0,1.25,3.0,2.3302501969409697,1.001,1.3292501969409698,0.0,0,0.21893203883495146,0.26673326673326675,1236
0.9,distributed,ours_f9_lookahead_L15,2,15,903,903,0,0.0,1.3008994276369583,3.0,2.372954282030763,1.002,1.3709542820307632,0.0,0,0.19959250203748982,0.312375249500998,1223
0.9,distributed,ours_f9_lookahead_L15,2,16,864,864,0,0.0,1.2346938775510203,2.0,2.3509239591884223,1.003,1.3479239591884224,0.0,0,0.2071307300509338,0.22333000997008973,1176
0.9,distributed,ours_f9_lookahead_L15,2,17,945,945,0,0.0,1.2030869212022746,2.0,2.3263730614105818,0.999,1.3273730614105816,0.0,0,0.20048740861088546,0.22,1231
0.9,distributed,ours_f9_lookahead_L15,2,18,899,899,0,0.0,1.2871205906480723,3.0,2.380093070553683,0.999,1.381093070553683,0.0,0,0.20334148329258353,0.282,1219
0.9,distributed,ours_f9_lookahead_L15,3,19,870,870,0,0.0,1.24,2.0,2.293632461378381,1.001,1.292632461378381,0.0,0,0.27056367432150313,0.19880119880119881,950
0.9,distributed,ours_f9_lookahead_L15,3,20,921,921,0,0.0,1.1967526265520534,2.0,2.333328136229021,1.001,1.332328136229021,0.0,0,0.2190657769304099,0.16483516483516483,1047
0.9,distributed,ours_f9_lookahead_L15,3,21,900,900,0,0.0,1.1498586239396795,2.0,2.3304593794169906,1.0,1.3304593794169903,0.0,0,0.20599250936329588,0.132,1061
0.9,distributed,ours_f9_lookahead_L15,3,22,892,892,0,0.0,1.2170989433237271,2.0,2.312030561077103,1.002,1.3100305610771033,0.0,0,0.23617224880382776,0.19461077844311378,1041
0.9,distributed,ours_f9_lookahead_L15,3,23,879,879,0,0.0,1.1438032166508987,2.0,2.305658978139349,1.002,1.3036589781393488,0.0,0,0.22219074598677999,0.12275449101796407,1057
0.9,distributed,ours_f9_lookahead_L15,3,24,883,883,0,0.0,1.1988360814742969,2.0,2.3307237132014436,1.002,1.3287237132014438,0.0,0,0.23491295938104448,0.18063872255489022,1031
0.9,distributed,ours_f9_lookahead_L15,4,25,880,880,0,0.0,1.6149425287356323,4.0,2.327383375443749,1.001,1.3263833754437493,0.0,0,0.2638516179952644,0.7062937062937062,1218
0.9,distributed,ours_f9_lookahead_L15,4,26,879,879,0,0.0,1.450199203187251,4.0,2.3323706926834524,1.002,1.3303706926834524,0.0,0,0.25181388012618294,0.5149700598802395,1255
0.9,distributed,ours_f9_lookahead_L15,4,27,897,897,0,0.0,1.4343036978756885,3.0,2.334528984136966,1.001,1.333528984136966,0.0,0,0.24619565217391304,0.5034965034965035,1271
0.9,distributed,ours_f9_lookahead_L15,4,28,820,820,0,0.0,1.4123025768911055,3.0,2.3270208258145058,1.001,1.3260208258145059,0.0,0,0.2519769357495881,0.44655344655344653,1203
0.9,distributed,ours_f9_lookahead_L15,4,29,959,959,0,0.0,1.3952654232424677,4.0,2.351975804680524,1.002,1.349975804680524,0.0,0,0.23782234957020057,0.4870259481037924,1394
0.9,distributed,ours_f9_lookahead_L15,4,30,874,874,0,0.0,1.3536977491961415,3.0,2.340196823774458,1.001,1.3391968237744583,0.0,0,0.24220110847189233,0.3926073926073926,1244
1.1,concentrated,ours_f9_lookahead_L15,0,1,1084,1084,0,0.0,1.39937106918239,2.0,2.771348632410633,1.001,1.7703486324106328,0.0,0,0.0,0.012987012987012988,954
1.1,concentrated,ours_f9_lookahead_L15,0,2,1126,1126,0,0.0,1.458045409674235,2.0,2.7861659488736903,1.002,1.78416594887369,0.0,0,0.0,0.059880239520958084,1013
1.1,concentrated,ours_f9_lookahead_L15,0,3,1115,1115,0,0.0,1.4591321897073664,2.0,2.7650376003658863,1.002,1.7630376003658865,0.0,0,0.0,0.03992015968063872,991
1.1,concentrated,ours_f9_lookahead_L15,0,4,1126,1126,0,0.0,1.4558375634517766,2.0,2.7736062920184854,1.0,1.7736062920184854,0.0,0,0.0,0.047,985
1.1,concentrated,ours_f9_lookahead_L15,0,5,1078,1078,0,0.0,1.4399574920297555,2.0,2.7705864751020535,1.002,1.7685864751020535,0.0,0,0.0,0.017964071856287425,941
1.1,concentrated,ours_f9_lookahead_L15,0,6,1180,1180,0,0.0,1.4377923292797006,2.0,2.7783188560129672,1.001,1.7773188560129674,0.0,0,0.0,0.061938061938061936,1069
1.1,concentrated,ours_f9_lookahead_L15,1,7,1057,1057,0,0.0,1.4118629908103593,2.0,2.7427879137337206,1.002,1.7407879137337205,0.0,0,0.0,0.08882235528942116,1197
1.1,concentrated,ours_f9_lookahead_L15,1,8,1113,1113,0,0.0,1.4180392156862744,2.0,2.7478708138393837,1.002,1.7458708138393837,0.0,0,0.0,0.12674650698602793,1275
1.1,concentrated,ours_f9_lookahead_L15,1,9,1065,1065,0,0.0,1.3446877534468775,2.0,2.77390503965193,1.0,1.7739050396519298,0.0,0,0.0,0.027,1233
1.1,concentrated,ours_f9_lookahead_L15,1,10,1132,1132,0,0.0,1.3658346333853355,2.0,2.7512589126264544,0.999,1.7522589126264543,0.0,0,0.0,0.045,1282
1.1,concentrated,ours_f9_lookahead_L15,1,11,1110,1110,0,0.0,1.3817034700315458,2.0,2.7720255724441456,1.0,1.7720255724441456,0.0,0,0.0,0.064,1268
1.1,concentrated,ours_f9_lookahead_L15,1,12,1060,1060,0,0.0,1.3466232709519934,2.0,2.7754998858196775,1.002,1.7734998858196775,0.0,0,0.0,0.03293413173652695,1229
1.1,concentrated,ours_f9_lookahead_L15,2,13,1096,1096,0,0.0,1.4284332688588008,2.0,2.7457439463821744,0.999,1.7467439463821746,0.0,0,0.0,0.05,1034
1.1,concentrated,ours_f9_lookahead_L15,2,14,1120,1120,0,0.0,1.4014084507042253,2.0,2.7714827812706924,1.001,1.7704827812706927,0.0,0,0.0,0.052947052947052944,1136
1.1,concentrated,ours_f9_lookahead_L15,2,15,1091,1091,0,0.0,1.3848314606741574,2.0,2.7643046792455737,1.002,1.7623046792455734,0.0,0,0.0,0.027944111776447105,1068
1.1,concentrated,ours_f9_lookahead_L15,2,16,1072,1072,0,0.0,1.3946102021174207,2.0,2.767872439562645,1.0,1.767872439562645,0.0,0,0.0,0.022,1039
1.1,concentrated,ours_f9_lookahead_L15,2,17,1155,1155,0,0.0,1.4130434782608696,2.0,2.7724908792826843,1.002,1.7704908792826841,0.0,0,0.0,0.06387225548902195,1150
1.1,concentrated,ours_f9_lookahead_L15,2,18,1126,1126,0,0.0,1.405429071803853,2.0,2.778872242752132,1.002,1.7768722427521322,0.0,0,0.0,0.04091816367265469,1142
1.1,concentrated,ours_f9_lookahead_L15,3,19,1068,1068,0,0.0,1.4117032392894462,2.0,2.782452668772234,0.999,1.7834526687722343,0.0,0,0.0,0.013,957
1.1,concentrated,ours_f9_lookahead_L15,3,20,1121,1121,0,0.0,1.4727085478887745,2.0,2.769127751886707,1.001,1.7681277518867071,0.0,0,0.0,0.04395604395604396,971
1.1,concentrated,ours_f9_lookahead_L15,3,21,1104,1104,0,0.0,1.4215384615384616,2.0,2.785807086047231,1.001,1.7848070860472312,0.0,0,0.0,0.023976023976023976,975
1.1,concentrated,ours_f9_lookahead_L15,3,22,1113,1113,0,0.0,1.438871473354232,2.0,2.777717486387627,1.0,1.777717486387627,0.0,0,0.0,0.038,957
1.1,concentrated,ours_f9_lookahead_L15,3,23,1069,1069,0,0.0,1.3553459119496856,2.0,2.7786929906277638,1.002,1.7766929906277638,0.0,0,0.0,0.012974051896207584,954
1.1,concentrated,ours_f9_lookahead_L15,3,24,1072,1072,0,0.0,1.4172972972972973,2.0,2.7737013438018963,1.002,1.7717013438018965,0.0,0,0.0,0.00998003992015968,925
1.1,concentrated,ours_f9_lookahead_L15,4,25,1097,1097,0,0.0,1.3846801346801347,2.0,2.7809788506051083,1.002,1.7789788506051085,0.0,0,0.0,0.04590818363273453,1188
1.1,concentrated,ours_f9_lookahead_L15,4,26,1081,1081,0,0.0,1.406837606837607,2.0,2.7726585442098015,1.001,1.7716585442098018,0.0,0,0.0,0.06593406593406594,1170
1.1,concentrated,ours_f9_lookahead_L15,4,27,1100,1100,0,0.0,1.3944153577661431,2.0,2.7707983790741917,1.002,1.768798379074192,0.0,0,0.0,0.06487025948103792,1146
1.1,concentrated,ours_f9_lookahead_L15,4,28,1051,1051,0,0.0,1.3817847286108556,2.0,2.7727313892298886,1.001,1.7717313892298887,0.0,0,0.0,0.028971028971028972,1087
1.1,concentrated,ours_f9_lookahead_L15,4,29,1184,1184,0,0.0,1.383067896060352,2.0,2.7589509434089132,0.998,1.760950943408913,0.0,0,0.0,0.055,1193
1.1,concentrated,ours_f9_lookahead_L15,4,30,1060,1060,0,0.0,1.3797709923664123,2.0,2.770696346274579,1.002,1.7686963462745786,0.0,0,0.0,0.014970059880239521,1048
1.1,distributed,ours_f9_lookahead_L15,0,1,1084,1084,0,0.0,1.1599366587490103,2.0,2.3586838700520443,1.002,1.3566838700520443,0.0,0,0.17917981072555206,0.1596806387225549,1263
1.1,distributed,ours_f9_lookahead_L15,0,2,1126,1126,0,0.0,1.25754060324826,2.0,2.3643611080310816,1.002,1.3623611080310816,0.0,0,0.2006153846153846,0.2954091816367265,1293
1.1,distributed,ours_f9_lookahead_L15,0,3,1115,1115,0,0.0,1.2212096106048054,2.0,2.350153624017006,1.002,1.348153624017006,0.0,0,0.2078447563996697,0.22654690618762474,1207
1.1,distributed,ours_f9_lookahead_L15,0,4,1126,1126,0,0.0,1.2650038971161341,3.0,2.3583163086523995,1.001,1.3573163086523996,0.0,0,0.20576323987538941,0.3026973026973027,1283
1.1,distributed,ours_f9_lookahead_L15,0,5,1078,1078,0,0.0,1.180532445923461,2.0,2.3386424211478154,1.001,1.3376424211478155,0.0,0,0.19476744186046513,0.18181818181818182,1202
1.1,distributed,ours_f9_lookahead_L15,0,6,1180,1180,0,0.0,1.2388847023360965,3.0,2.3526781195370523,1.0,1.3526781195370525,0.0,0,0.1963936889556724,0.286,1327
1.1,distributed,ours_f9_lookahead_L15,1,7,1057,1057,0,0.0,1.6621534493874919,4.0,2.401450043500276,1.002,1.3994500435002757,0.0,0,0.2037747920665387,0.8992015968063872,1551
1.1,distributed,ours_f9_lookahead_L15,1,8,1113,1113,0,0.0,1.7396923076923076,4.0,2.431074476540556,1.002,1.429074476540556,0.0,0,0.19400977995110025,1.0728542914171657,1625
1.1,distributed,ours_f9_lookahead_L15,1,9,1065,1065,0,0.0,1.5580952380952382,4.0,2.408304503066079,1.001,1.4073045030660787,0.0,0,0.2070253164556962,0.7622377622377622,1575
1.1,distributed,ours_f9_lookahead_L15,1,10,1132,1132,0,0.0,1.616222760290557,4.0,2.436024399038605,1.001,1.4350243990386051,0.0,0,0.20060386473429953,0.8561438561438561,1652
1.1,distributed,ours_f9_lookahead_L15,1,11,1110,1110,0,0.0,1.6809029896278218,4.0,2.409963698083984,1.001,1.4089636980839841,0.0,0,0.20740291262135924,0.972027972027972,1639
1.1,distributed,ours_f9_lookahead_L15,1,12,1060,1060,0,0.0,1.6045602605863192,4.0,2.381923119673151,1.002,1.3799231196731512,0.0,0,0.198046875,0.8043912175648703,1535
1.1,distributed,ours_f9_lookahead_L15,2,13,1096,1096,0,0.0,1.3660714285714286,3.0,2.394371904448873,1.0,1.3943719044488732,0.0,0,0.1808350444900753,0.453,1456
1.1,distributed,ours_f9_lookahead_L15,2,14,1120,1120,0,0.0,1.4162125340599454,3.0,2.3668019388904895,1.0,1.3668019388904893,0.0,0,0.20829367777022434,0.558,1468
1.1,distributed,ours_f9_lookahead_L15,2,15,1091,1091,0,0.0,1.3797554347826086,3.0,2.4049584298390734,1.002,1.4029584298390736,0.0,0,0.1934326337169939,0.48403193612774453,1472
1.1,distributed,ours_f9_lookahead_L15,2,16,1072,1072,0,0.0,1.3801827125790582,3.0,2.3741626343932287,1.001,1.3731626343932288,0.0,0,0.20161177295024527,0.4725274725274725,1423
1.1,distributed,ours_f9_lookahead_L15,2,17,1155,1155,0,0.0,1.532941943900848,4.0,2.397732863091522,1.001,1.396732863091522,0.0,0,0.19036458333333334,0.7272727272727273,1533
1.1,distributed,ours_f9_lookahead_L15,2,18,1126,1126,0,0.0,1.4310006540222369,3.0,2.4056205773753394,1.002,1.4036205773753396,0.0,0,0.18713259307642063,0.5728542914171657,1529
1.1,distributed,ours_f9_lookahead_L15,3,19,1068,1068,0,0.0,1.227958697378872,2.0,2.3386958183140822,0.998,1.3406958183140822,0.0,0,0.2303727200634417,0.244,1259
1.1,distributed,ours_f9_lookahead_L15,3,20,1121,1121,0,0.0,1.321623731459797,3.0,2.3542131973662963,1.002,1.3522131973662965,0.0,0,0.2260327357755261,0.34530938123752497,1281
1.1,distributed,ours_f9_lookahead_L15,3,21,1104,1104,0,0.0,1.2747163695299837,3.0,2.3323107182626797,1.001,1.3313107182626798,0.0,0,0.23193209377526272,0.2917082917082917,1234
1.1,distributed,ours_f9_lookahead_L15,3,22,1113,1113,0,0.0,1.300918836140888,3.0,2.3596432478601246,1.0,1.3596432478601248,0.0,0,0.2155317521040551,0.329,1306
1.1,distributed,ours_f9_lookahead_L15,3,23,1069,1069,0,0.0,1.238902340597256,3.0,2.3380868915667588,1.001,1.3370868915667586,0.0,0,0.22318840579710145,0.26673326673326675,1239
1.1,distributed,ours_f9_lookahead_L15,3,24,1072,1072,0,0.0,1.294488188976378,3.0,2.3562250270960448,1.002,1.3542250270960448,0.0,0,0.21953125,0.33033932135728544,1270
1.1,distributed,ours_f9_lookahead_L15,4,25,1097,1097,0,0.0,1.8395303326810175,5.0,2.3765143833108238,1.002,1.3745143833108238,0.0,0,0.2927230046948357,1.2115768463073853,1533
1.1,distributed,ours_f9_lookahead_L15,4,26,1081,1081,0,0.0,1.8213811420982735,5.0,2.380489375260815,1.002,1.3784893752608154,0.0,0,0.2938181818181818,1.1397205588822354,1506
1.1,distributed,ours_f9_lookahead_L15,4,27,1100,1100,0,0.0,1.6837444655281468,4.0,2.394084693369362,1.002,1.3920846933693618,0.0,0,0.26407942238267146,0.9770459081836327,1581
1.1,distributed,ours_f9_lookahead_L15,4,28,1051,1051,0,0.0,1.5919618528610355,4.0,2.357643416656133,1.001,1.356643416656133,0.0,0,0.25474108944182916,0.7882117882117882,1468
1.1,distributed,ours_f9_lookahead_L15,4,29,1184,1184,0,0.0,1.646551724137931,4.0,2.3987170860089284,0.999,1.3997170860089285,0.0,0,0.22834376778599885,1.037,1740
1.1,distributed,ours_f9_lookahead_L15,4,30,1060,1060,0,0.0,1.6383561643835616,4.0,2.3706562610544406,1.001,1.3696562610544407,0.0,0,0.24577747989276139,0.8631368631368631,1460
1.3,concentrated,ours_f9_lookahead_L15,0,1,1288,1288,0,0.0,1.424294268605646,2.0,2.783994580333035,1.001,1.7829945803330347,0.0,0,0.0,0.061938061938061936,1169
1.3,concentrated,ours_f9_lookahead_L15,0,2,1329,1329,0,0.0,1.5194256756756757,2.0,2.7883206661470212,1.001,1.7873206661470213,0.0,0,0.0,0.14185814185814186,1184
1.3,concentrated,ours_f9_lookahead_L15,0,3,1323,1323,0,0.0,1.522184300341297,2.0,2.787826005257815,1.0,1.787826005257815,0.0,0,0.0,0.118,1172
1.3,concentrated,ours_f9_lookahead_L15,0,4,1313,1313,0,0.0,1.5258092738407698,2.0,2.7771491713092544,1.001,1.7761491713092543,0.0,0,0.0,0.12687312687312688,1143
1.3,concentrated,ours_f9_lookahead_L15,0,5,1285,1285,0,0.0,1.5,2.0,2.7749334005027575,1.001,1.7739334005027576,0.0,0,0.0,0.1008991008991009,1130
1.3,concentrated,ours_f9_lookahead_L15,0,6,1376,1376,0,0.0,1.5687397708674304,3.0,2.7848412803340037,1.001,1.7838412803340038,0.0,0,0.0,0.2097902097902098,1222
1.3,concentrated,ours_f9_lookahead_L15,1,7,1244,1244,0,0.0,1.5321428571428573,3.0,2.7440983607253546,1.0,1.7440983607253544,0.0,0,0.0,0.271,1400
1.3,concentrated,ours_f9_lookahead_L15,1,8,1297,1297,0,0.0,1.5993333333333333,3.0,2.746537966815188,1.002,1.7445379668151877,0.0,0,0.0,0.41916167664670656,1500
1.3,concentrated,ours_f9_lookahead_L15,1,9,1281,1281,0,0.0,1.4328049620951069,2.0,2.771026217836611,1.002,1.769026217836611,0.0,0,0.0,0.13972055888223553,1451
1.3,concentrated,ours_f9_lookahead_L15,1,10,1314,1314,0,0.0,1.5063375583722483,2.0,2.7774426780392116,0.999,1.7784426780392117,0.0,0,0.0,0.253,1499
1.3,concentrated,ours_f9_lookahead_L15,1,11,1322,1322,0,0.0,1.6052104208416833,3.0,2.77298320617459,1.002,1.7709832061745898,0.0,0,0.0,0.40119760479041916,1497
1.3,concentrated,ours_f9_lookahead_L15,1,12,1276,1276,0,0.0,1.4531575294934074,2.0,2.7501712408129735,1.001,1.7491712408129736,0.0,0,0.0,0.18181818181818182,1441
1.3,concentrated,ours_f9_lookahead_L15,2,13,1316,1316,0,0.0,1.5350118017309204,3.0,2.7787255021150097,1.002,1.77672550211501,0.0,0,0.0,0.20459081836327345,1271
1.3,concentrated,ours_f9_lookahead_L15,2,14,1297,1297,0,0.0,1.4495830174374527,2.0,2.7742884731272004,1.001,1.7732884731272005,0.0,0,0.0,0.13286713286713286,1319
1.3,concentrated,ours_f9_lookahead_L15,2,15,1289,1289,0,0.0,1.4846774193548387,2.0,2.7754024573484815,1.001,1.7744024573484813,0.0,0,0.0,0.14285714285714285,1240
1.3,concentrated,ours_f9_lookahead_L15,2,16,1248,1248,0,0.0,1.4735557363710334,2.0,2.781206351933837,0.999,1.7822063519338367,0.0,0,0.0,0.125,1229
1.3,concentrated,ours_f9_lookahead_L15,2,17,1340,1340,0,0.0,1.493920972644377,2.0,2.791448399309469,1.001,1.7904483993094693,0.0,0,0.0,0.16583416583416583,1316
1.3,concentrated,ours_f9_lookahead_L15,2,18,1340,1340,0,0.0,1.5381132075471697,2.0,2.7926005409375367,1.001,1.7916005409375368,0.0,0,0.0,0.21178821178821178,1325
1.3,concentrated,ours_f9_lookahead_L15,3,19,1284,1284,0,0.0,1.4774535809018567,2.0,2.785899485778634,1.002,1.783899485778634,0.0,0,0.0,0.08483033932135728,1131
1.3,concentrated,ours_f9_lookahead_L15,3,20,1308,1308,0,0.0,1.5569506726457398,2.0,2.7737900740773753,1.002,1.7717900740773755,0.0,0,0.0,0.15269461077844312,1115
1.3,concentrated,ours_f9_lookahead_L15,3,21,1292,1292,0,0.0,1.4806534823731727,2.0,2.796030289130154,1.0,1.796030289130154,0.0,0,0.0,0.107,1163
1.3,concentrated,ours_f9_lookahead_L15,3,22,1313,1313,0,0.0,1.5385312783318223,2.0,2.7813333874722277,1.001,1.7803333874722278,0.0,0,0.0,0.14685314685314685,1103
1.3,concentrated,ours_f9_lookahead_L15,3,23,1279,1279,0,0.0,1.4265360641139804,2.0,2.7789798494275253,1.001,1.7779798494275254,0.0,0,0.0,0.08091908091908091,1123
1.3,concentrated,ours_f9_lookahead_L15,3,24,1277,1277,0,0.0,1.4922656960873522,2.0,2.7730292065061937,1.001,1.7720292065061938,0.0,0,0.0,0.1028971028971029,1099
1.3,concentrated,ours_f9_lookahead_L15,4,25,1281,1281,0,0.0,1.450765864332604,2.0,2.778902493154782,1.001,1.777902493154782,0.0,0,0.0,0.14885114885114886,1371
1.3,concentrated,ours_f9_lookahead_L15,4,26,1298,1298,0,0.0,1.6226685796269726,3.0,2.771889569345391,1.001,1.770889569345391,0.0,0,0.0,0.36863136863136864,1394
1.3,concentrated,ours_f9_lookahead_L15,4,27,1293,1293,0,0.0,1.4922737306843268,2.0,2.782572027684467,1.001,1.7815720276844675,0.0,0,0.0,0.1998001998001998,1359
1.3,concentrated,ours_f9_lookahead_L15,4,28,1245,1245,0,0.0,1.5,2.0,2.7731344620488954,0.998,1.7751344620488954,0.0,0,0.0,0.166,1264
1.3,concentrated,ours_f9_lookahead_L15,4,29,1380,1380,0,0.0,1.5056899004267426,2.0,2.757990851423674,1.001,1.756990851423674,0.0,0,0.0,0.23876123876123875,1406
1.3,concentrated,ours_f9_lookahead_L15,4,30,1267,1267,0,0.0,1.4569589702333066,2.0,2.7719687726389544,1.001,1.7709687726389545,0.0,0,0.0,0.1068931068931069,1243
1.3,distributed,ours_f9_lookahead_L15,0,1,1288,1288,0,0.0,1.3288135593220338,3.0,2.379899232017692,1.002,1.377899232017692,0.0,0,0.18336713995943205,0.4301397205588822,1475
1.3,distributed,ours_f9_lookahead_L15,0,2,1329,1329,0,0.0,1.3859764089121887,3.0,2.3883970847069476,1.001,1.3873970847069474,0.0,0,0.1828981723237598,0.5224775224775224,1526
1.3,distributed,ours_f9_lookahead_L15,0,3,1323,1323,0,0.0,1.3509127789046653,3.0,2.3820496607027715,1.0,1.3820496607027715,0.0,0,0.1944220430107527,0.457,1479
1.3,distributed,ours_f9_lookahead_L15,0,4,1313,1313,0,0.0,1.3910427807486632,3.0,2.3815687349397567,1.001,1.3805687349397566,0.0,0,0.18908848968729208,0.5244755244755245,1496
1.3,distributed,ours_f9_lookahead_L15,0,5,1285,1285,0,0.0,1.330123796423659,3.0,2.3795080847927803,1.001,1.3785080847927802,0.0,0,0.18427887901572113,0.43956043956043955,1454
1.3,distributed,ours_f9_lookahead_L15,0,6,1376,1376,0,0.0,1.3969849246231156,3.0,2.3876810720003023,1.001,1.3866810720003027,0.0,0,0.18670012547051443,0.5774225774225774,1592
1.3,distributed,ours_f9_lookahead_L15,1,7,1244,1244,0,0.0,2.2222222222222223,6.0,2.4641254573629974,1.001,1.4631254573629973,0.0,0,0.2013771186440678,2.033966033966034,1845
1.3,distributed,ours_f9_lookahead_L15,1,8,1297,1297,0,0.0,2.4992343032159265,6.0,2.500007817314673,1.003,1.4970078173146728,0.0,0,0.196403242147923,2.6839481555334,1959
1.3,distributed,ours_f9_lookahead_L15,1,9,1281,1281,0,0.0,2.1145996860282574,5.0,2.4773305030397186,1.002,1.4753305030397188,0.0,0,0.19453409682457054,1.9211576846307385,1911
1.3,distributed,ours_f9_lookahead_L15,1,10,1314,1314,0,0.0,2.1537672988211174,5.0,2.4566087655975704,1.0,1.4566087655975704,0.0,0,0.20117767537122375,2.038,1951
1.3,distributed,ours_f9_lookahead_L15,1,11,1322,1322,0,0.0,2.2185929648241207,6.0,2.510184584407635,1.002,1.5081845844076347,0.0,0,0.18890562248995985,2.165668662674651,1990
1.3,distributed,ours_f9_lookahead_L15,1,12,1276,1276,0,0.0,2.1031149301825995,5.0,2.456333365389531,1.001,1.4553333653895308,0.0,0,0.19464668094218415,1.8401598401598402,1862
1.3,distributed,ours_f9_lookahead_L15,2,13,1316,1316,0,0.0,1.6456059735784032,4.0,2.428493537706718,1.002,1.4264935377067176,0.0,0,0.18515759312320917,1.0,1741
1.3,distributed,ours_f9_lookahead_L15,2,14,1297,1297,0,0.0,1.6418338108882522,4.0,2.4329459489549166,1.001,1.431945948954917,0.0,0,0.18754285714285715,1.004995004995005,1745
1.3,distributed,ours_f9_lookahead_L15,2,15,1289,1289,0,0.0,1.6332002281802624,4.0,2.4409186537544314,1.002,1.4389186537544314,0.0,0,0.17586795674445077,0.998003992015968,1753
1.3,distributed,ours_f9_lookahead_L15,2,16,1248,1248,0,0.0,1.6736276849642004,4.0,2.437407468530341,0.999,1.4384074685303412,0.0,0,0.19154258487194759,0.999,1676
1.3,distributed,ours_f9_lookahead_L15,2,17,1340,1340,0,0.0,1.6555555555555554,4.0,2.437935078857435,1.002,1.4359350788574352,0.0,0,0.1742651136993899,1.062874251497006,1800
1.3,distributed,ours_f9_lookahead_L15,2,18,1340,1340,0,0.0,1.9043956043956043,5.0,2.4674108132566976,1.001,1.4664108132566978,0.0,0,0.1856359649122807,1.4995004995004995,1820
1.3,distributed,ours_f9_lookahead_L15,3,19,1284,1284,0,0.0,1.3531746031746033,3.0,2.3804500194046483,1.002,1.3784500194046485,0.0,0,0.2161929940515532,0.46706586826347307,1512
1.3,distributed,ours_f9_lookahead_L15,3,20,1308,1308,0,0.0,1.547991831177672,4.0,2.382675676963763,1.002,1.380675676963763,0.0,0,0.22285714285714286,0.7115768463073853,1469
1.3,distributed,ours_f9_lookahead_L15,3,21,1292,1292,0,0.0,1.3892339544513457,3.0,2.380277252865094,0.999,1.381277252865094,0.0,0,0.22317744154057773,0.481,1449
1.3,distributed,ours_f9_lookahead_L15,3,22,1313,1313,0,0.0,1.447351209941138,3.0,2.392478316043719,1.001,1.391478316043719,0.0,0,0.21200260926288322,0.5884115884115884,1529
1.3,distributed,ours_f9_lookahead_L15,3,23,1279,1279,0,0.0,1.434108527131783,3.0,2.379086214801718,1.002,1.377086214801718,0.0,0,0.20115830115830116,0.6157684630738522,1548
1.3,distributed,ours_f9_lookahead_L15,3,24,1277,1277,0,0.0,1.4330601092896176,3.0,2.3822038278282553,1.001,1.3812038278282555,0.0,0,0.22061433447098977,0.5614385614385614,1464
1.3,distributed,ours_f9_lookahead_L15,4,25,1281,1281,0,0.0,2.104560622914349,6.0,2.408922012204657,1.002,1.4069220122046568,0.0,0,0.3130100816130581,1.8602794411177646,1798
1.3,distributed,ours_f9_lookahead_L15,4,26,1298,1298,0,0.0,2.4054794520547946,8.0,2.432175139651965,1.002,1.430175139651965,0.0,0,0.3950819672131147,2.439121756487026,1825
1.3,distributed,ours_f9_lookahead_L15,4,27,1293,1293,0,0.0,2.0277626565051716,5.0,2.4430213326344705,1.001,1.4420213326344706,0.0,0,0.255012853470437,1.7712287712287713,1837
1.3,distributed,ours_f9_lookahead_L15,4,28,1245,1245,0,0.0,2.1059857221306975,5.0,2.426218726287482,0.998,1.428218726287482,0.0,0,0.2663575476558475,1.887,1821
1.3,distributed,ours_f9_lookahead_L15,4,29,1380,1380,0,0.0,2.048032703117016,5.0,2.4563920686151883,1.002,1.4543920686151885,0.0,0,0.24262616364527193,1.9131736526946108,1957
1.3,distributed,ours_f9_lookahead_L15,4,30,1267,1267,0,0.0,1.792017987633502,5.0,2.4130892564243087,1.002,1.411089256424309,0.0,0,0.22761852260198456,1.3033932135728543,1779
1.6,concentrated,ours_f9_lookahead_L15,0,1,1589,1589,0,0.0,1.7673778389538886,3.0,2.802773568093106,1.001,1.8017735680931064,0.0,0,0.0,0.5774225774225774,1453
1.6,concentrated,ours_f9_lookahead_L15,0,2,1630,1630,0,0.0,1.8754325259515572,4.0,2.80413602304238,1.002,1.80213602304238,0.0,0,0.0,0.6806387225548902,1445
1.6,concentrated,ours_f9_lookahead_L15,0,3,1617,1617,0,0.0,1.9666897987508674,4.0,2.7948519350690657,1.002,1.7928519350690657,0.0,0,0.0,0.7914171656686627,1441
1.6,concentrated,ours_f9_lookahead_L15,0,4,1613,1613,0,0.0,2.082562277580071,5.0,2.793251956664136,1.001,1.7922519566641364,0.0,0,0.0,0.949050949050949,1405
1.6,concentrated,ours_f9_lookahead_L15,0,5,1617,1617,0,0.0,2.068522483940043,4.0,2.789256637265341,1.001,1.788256637265341,0.0,0,0.0,0.9240759240759241,1401
1.6,concentrated,ours_f9_lookahead_L15,0,6,1705,1705,0,0.0,2.0575635876840694,5.0,2.8092074696810014,1.002,1.8072074696810017,0.0,0,0.0,0.9860279441117764,1494
1.6,concentrated,ours_f9_lookahead_L15,1,7,1570,1570,0,0.0,2.2353276353276352,5.0,2.77912616186266,1.002,1.7771261618626601,0.0,0,0.0,1.589820359281437,1755
1.6,concentrated,ours_f9_lookahead_L15,1,8,1546,1546,0,0.0,2.2468179302711677,5.0,2.7784200068901166,1.002,1.7764200068901168,0.0,0,0.0,1.6606786427145708,1807
1.6,concentrated,ours_f9_lookahead_L15,1,9,1570,1570,0,0.0,2.0099118942731278,4.0,2.7833009405751428,1.002,1.7813009405751425,0.0,0,0.0,1.2375249500998005,1816
1.6,concentrated,ours_f9_lookahead_L15,1,10,1595,1595,0,0.0,2.022502744237102,4.0,2.7885296654278937,1.002,1.7865296654278935,0.0,0,0.0,1.2455089820359282,1822
1.6,concentrated,ours_f9_lookahead_L15,1,11,1610,1610,0,0.0,2.1029972752043595,5.0,2.781006457004116,1.002,1.7790064570041157,0.0,0,0.0,1.4141716566866267,1835
1.6,concentrated,ours_f9_lookahead_L15,1,12,1554,1554,0,0.0,2.0080091533180777,4.0,2.770105608634709,1.001,1.7691056086347088,0.0,0,0.0,1.1498501498501499,1748
1.6,concentrated,ours_f9_lookahead_L15,2,13,1618,1618,0,0.0,2.2163852407754847,5.0,2.7957045595727217,1.002,1.7937045595727217,0.0,0,0.0,1.3562874251497006,1599
1.6,concentrated,ours_f9_lookahead_L15,2,14,1596,1596,0,0.0,1.860377358490566,4.0,2.7855659622337114,1.001,1.7845659622337118,0.0,0,0.0,0.7952047952047953,1590
1.6,concentrated,ours_f9_lookahead_L15,2,15,1594,1594,0,0.0,1.9743252139565504,4.0,2.7876156129390988,1.002,1.7856156129390988,0.0,0,0.0,0.9051896207584831,1519
1.6,concentrated,ours_f9_lookahead_L15,2,16,1548,1548,0,0.0,1.897538256819694,4.0,2.7782641395551413,1.001,1.7772641395551414,0.0,0,0.0,0.7982017982017982,1503
1.6,concentrated,ours_f9_lookahead_L15,2,17,1649,1649,0,0.0,2.0348101265822787,4.0499999999999545,2.784401697565933,1.002,1.7824016975659331,0.0,0,0.0,1.0439121756487026,1580
1.6,concentrated,ours_f9_lookahead_L15,2,18,1666,1666,0,0.0,2.3848466626578473,5.0,2.8141775041717,1.001,1.8131775041717,0.0,0,0.0,1.6753246753246753,1663
1.6,concentrated,ours_f9_lookahead_L15,3,19,1595,1595,0,0.0,1.8167883211678832,4.0,2.8049791176473446,1.002,1.8029791176473446,0.0,0,0.0,0.5668662674650699,1370
1.6,concentrated,ours_f9_lookahead_L15,3,20,1605,1605,0,0.0,2.0073421439060204,5.0,2.798169415570131,1.002,1.7961694155701307,0.0,0,0.0,0.7924151696606786,1362
1.6,concentrated,ours_f9_lookahead_L15,3,21,1566,1566,0,0.0,1.7187274041937817,3.0,2.798564673437637,1.001,1.7975646734376374,0.0,0,0.0,0.45054945054945056,1383
1.6,concentrated,ours_f9_lookahead_L15,3,22,1629,1629,0,0.0,1.9912216532553035,4.0,2.7964740802579593,1.0,1.7964740802579593,0.0,0,0.0,0.792,1367
1.6,concentrated,ours_f9_lookahead_L15,3,23,1578,1578,0,0.0,1.6693313953488371,3.0,2.787053632303005,1.002,1.7850536323030046,0.0,0,0.0,0.41916167664670656,1376
1.6,concentrated,ours_f9_lookahead_L15,3,24,1598,1598,0,0.0,1.819233550253073,4.0,2.7969015364239436,1.001,1.795901536423944,0.0,0,0.0,0.5764235764235764,1383
1.6,concentrated,ours_f9_lookahead_L15,4,25,1578,1578,0,0.0,2.1034282393957002,4.0,2.7917336337353396,1.002,1.7897336337353393,0.0,0,0.0,1.311377245508982,1721
1.6,concentrated,ours_f9_lookahead_L15,4,26,1594,1594,0,0.0,2.2370049504950495,5.0,2.794390879263556,1.002,1.7923908792635563,0.0,0,0.0,1.3712574850299402,1616
1.6,concentrated,ours_f9_lookahead_L15,4,27,1583,1583,0,0.0,2.187645687645688,5.0,2.8020865073267185,1.001,1.8010865073267188,0.0,0,0.0,1.4415584415584415,1716
1.6,concentrated,ours_f9_lookahead_L15,4,28,1574,1574,0,0.0,2.1571072319201994,5.0,2.7842544151122515,1.002,1.7822544151122515,0.0,0,0.0,1.2624750499001995,1604
1.6,concentrated,ours_f9_lookahead_L15,4,29,1686,1686,0,0.0,2.1754487550665895,5.0,2.7847965595810993,1.001,1.7837965595810994,0.0,0,0.0,1.4525474525474527,1727
1.6,concentrated,ours_f9_lookahead_L15,4,30,1525,1525,0,0.0,1.735042735042735,3.0,2.7864023411833676,1.002,1.7844023411833674,0.0,0,0.0,0.5508982035928144,1521
1.6,distributed,ours_f9_lookahead_L15,0,1,1589,1589,0,0.0,1.8728354978354977,5.0,2.4625473241633906,1.002,1.4605473241633906,0.0,0,0.1646677471636953,1.4740518962075848,1848
1.6,distributed,ours_f9_lookahead_L15,0,2,1630,1630,0,0.0,2.11482254697286,5.0,2.4747892094264046,1.002,1.4727892094264043,0.0,0,0.1724012474012474,1.9920159680638723,1916
1.6,distributed,ours_f9_lookahead_L15,0,3,1617,1617,0,0.0,2.181769722814499,5.0,2.463291208361852,1.002,1.4612912083618521,0.0,0,0.18459086078639744,2.0499001996007986,1876
1.6,distributed,ours_f9_lookahead_L15,0,4,1613,1613,0,0.0,2.073993471164309,5.0,2.466849963657875,1.001,1.4658499636578752,0.0,0,0.18119241192411925,1.8181818181818181,1838
1.6,distributed,ours_f9_lookahead_L15,0,5,1617,1617,0,0.0,2.2033441208198488,5.0,2.458635169313852,1.001,1.457635169313852,0.0,0,0.17055974165769644,2.087912087912088,1854
1.6,distributed,ours_f9_lookahead_L15,0,6,1705,1705,0,0.0,2.2517447657028913,5.0,2.4608058932692147,1.002,1.4588058932692145,0.0,0,0.17851116625310173,2.3842315369261478,2006
1.6,distributed,ours_f9_lookahead_L15,1,7,1570,1570,0,0.008917197452229299,3.3308203991130823,7.0,2.552492999146678,1.042,1.509690977810957,0.0008020213357206487,0,0.27761194029850744,4.833973128598848,2255
1.6,distributed,ours_f9_lookahead_L15,1,8,1546,1546,0,0.16429495472186287,3.422132976349844,7.0,2.6393738274423844,1.039,1.5879564928735084,0.012417334568876249,0,0.27415287628053586,4.889316650625601,2241
1.6,distributed,ours_f9_lookahead_L15,1,9,1570,1570,0,0.0006369426751592356,3.6434176111595464,7.0,2.5963096064102062,1.039,1.557305184818631,4.421591575447788e-06,0,0.24364596021112464,5.517805582290664,2294
1.6,distributed,ours_f9_lookahead_L15,1,10,1595,1595,0,0.0006269592476489029,3.669681309216193,7.0,2.548324734032377,1.011,1.5371641083247207,0.00016062570765671395,0,0.20825571549534294,5.783382789317508,2322
1.6,distributed,ours_f9_lookahead_L15,1,11,1610,1610,0,0.1062111801242236,3.7550931946250543,7.0,2.5949041024993362,1.045,1.5426292185266328,0.007274883972703293,0,0.2656518345042935,5.7760765550239235,2307
1.6,distributed,ours_f9_lookahead_L15,1,12,1554,1554,0,0.1891891891891892,3.550744248985115,7.0,2.6225489121508807,1.043,1.5401506265923686,0.03939828555851202,0,0.2583299554114309,5.138063279002877,2217
1.6,distributed,ours_f9_lookahead_L15,2,13,1618,1618,0,0.0,3.3997296079315005,7.0,2.5464126960480087,1.002,1.544412696048009,0.0,0,0.17135813536530703,5.062874251497006,2219
1.6,distributed,ours_f9_lookahead_L15,2,14,1596,1596,0,0.0,2.99954233409611,6.0,2.530000560276785,1.001,1.5290005602767855,0.0,0,0.1771506599908967,4.112887112887113,2185
1.6,distributed,ours_f9_lookahead_L15,2,15,1594,1594,0,0.0,3.238901601830664,7.0,2.545247777928948,1.004,1.5412477779289482,0.0,0,0.1720782173715325,4.625498007968128,2185
1.6,distributed,ours_f9_lookahead_L15,2,16,1548,1548,0,0.0,2.5834557023984335,6.0,2.4955141577122104,1.002,1.4935141577122102,0.0,0,0.19422982885085574,3.007984031936128,2043
1.6,distributed,ours_f9_lookahead_L15,2,17,1649,1649,0,0.0,3.3060578661844486,7.0,2.54565118715164,1.002,1.5436511871516398,0.0,0,0.17148648648648648,4.791417165668663,2212
1.6,distributed,ours_f9_lookahead_L15,2,18,1666,1666,0,0.006602641056422569,3.4395454545454545,7.0,2.5989225703560517,1.041,1.5578028307708025,0.00011973958524913657,0,0.24691865242399344,4.944284341978866,2200
1.6,distributed,ours_f9_lookahead_L15,3,19,1595,1595,0,0.0,2.3534808418780355,6.0,2.4696005865309223,1.002,1.467600586530922,0.0,0,0.20770877944325483,2.313373253493014,1853
1.6,distributed,ours_f9_lookahead_L15,3,20,1605,1605,0,0.0,2.097837837837838,5.0,2.4646633042649544,1.002,1.4626633042649546,0.0,0,0.19719222462203023,1.8363273453093811,1850
1.6,distributed,ours_f9_lookahead_L15,3,21,1566,1566,0,0.0,1.830640668523677,4.0,2.453549337919248,1.002,1.451549337919248,0.0,0,0.20222469410456062,1.3483033932135728,1795
1.6,distributed,ours_f9_lookahead_L15,3,22,1629,1629,0,0.0,2.6357477853048463,6.0,2.47885281751397,1.0,1.4788528175139701,0.0,0,0.20811232449297973,2.935,1919
1.6,distributed,ours_f9_lookahead_L15,3,23,1578,1578,0,0.0,1.758247701460249,4.0,2.44341408948591,1.002,1.4414140894859102,0.0,0,0.19492988133764833,1.280439121756487,1849
1.6,distributed,ours_f9_lookahead_L15,3,24,1598,1598,0,0.0,2.36587982832618,5.0,2.468345737072983,1.002,1.4663457370729829,0.0,0,0.20893048128342245,2.3602794411177643,1864
1.6,distributed,ours_f9_lookahead_L15,4,25,1578,1578,0,0.0,3.312556458897922,7.0,2.54446831443997,1.002,1.5424683144399698,0.0,0,0.2876159741831384,4.835329341317365,2214
1.6,distributed,ours_f9_lookahead_L15,4,26,1594,1594,0,0.0,3.3878568192115996,8.0,2.5153125993493495,1.004,1.5113125993493497,0.0,0,0.34321401938851603,5.027888446215139,2207
1.6,distributed,ours_f9_lookahead_L15,4,27,1583,1583,0,0.0,3.509400961958898,7.0,2.56926763016308,1.002,1.5672676301630801,0.0,0,0.282603550295858,5.457085828343313,2287
1.6,distributed,ours_f9_lookahead_L15,4,28,1574,1574,0,0.009529860228716646,3.343263061411549,7.0,2.56783211708576,1.042,1.5249448208001575,0.0008872962856025355,0,0.33124018838304553,4.772552783109405,2182
1.6,distributed,ours_f9_lookahead_L15,4,29,1686,1686,0,0.0,3.6254777070063695,7.0,2.594764183277763,1.037,1.557764183277763,0.0,0,0.30615955473098333,5.746383799421408,2355
1.6,distributed,ours_f9_lookahead_L15,4,30,1525,1525,0,0.0,2.851508120649652,7.0,2.5137274458266283,1.003,1.5107274458266284,0.0,0,0.2851836393989983,3.7547357926221334,2155
