config,policy,layout_id,seed,n_uavs,n_stations,mission_rate,missions_total,missions_completed,unfinished_at_cap,miss_rate,makespan_min,mission_flight_energy_wh,station_trip_energy_wh,end_of_run_stored_charge_change_wh,mission_flight_energy_per_completed_wh,station_trip_energy_per_completed_wh,stored_charge_change_per_completed_wh,total_charge_energy_ticked_wh,safety_violations,charge_sessions
fleet_12,ours_partial,0,1,12,3,0.8,782,782,0,0.0025575447570332483,1035.0,8965.642361414604,5252.95163135732,-405.23085542311793,11.465015807435556,6.717329451863581,-0.5181980248377467,13813.363137349455,0,1017
fleet_12,ours_partial,0,2,12,3,0.8,811,811,0,0.0012330456226880395,1007.0,9669.470534250911,5660.08290213627,-678.984468556663,11.922898315969064,6.979140446530542,-0.8372188268269581,14650.568967831316,0,1104
fleet_12,ours_partial,0,3,12,3,0.8,812,812,0,0.0024630541871921183,1033.0,9581.528801870594,5828.139372123659,-549.1077619702958,11.799912317574623,7.17751154202421,-0.676241086170315,14860.560412024774,0,1063
fleet_12,ours_partial,0,4,12,3,0.8,828,828,0,0.0036231884057971015,1038.0,9381.571019147745,5878.6806344637835,-560.7157932821231,11.330399781579402,7.099855838724376,-0.6771929870557042,14699.53586033019,0,1170
fleet_12,ours_partial,0,5,12,3,0.8,761,761,0,0.0,1002.0,8557.116720953058,5050.857626483201,-612.5746416623819,11.244568621488906,6.637132229281473,-0.804960107309306,12995.399705774393,0,1025
fleet_12,ours_partial,0,6,12,3,0.8,854,854,0,0.00351288056206089,1039.0,10171.598489478274,6199.950477682184,-552.8742453595346,11.910536872925379,7.259895172929958,-0.6473937299291974,15818.674721801899,0,1200
fleet_12,ours_partial,1,7,12,3,0.8,744,744,0,0.0,1002.0,7226.5141315175,4404.341151311532,-633.095440848674,9.713056628383736,5.919813375418725,-0.8509347323234866,10997.759841980549,0,985
fleet_12,ours_partial,1,8,12,3,0.8,777,777,0,0.0,1002.0,7900.337891410304,4929.592314308188,-616.830406298921,10.167745033990096,6.344391652906291,-0.7938615267682382,12213.099799419926,0,1045
fleet_12,ours_partial,1,9,12,3,0.8,795,795,0,0.0,1001.0,7816.123146732166,4857.819667176911,-606.4591434990958,9.831601442430397,6.110464990159636,-0.7628416899359696,12067.483670410324,0,1044
fleet_12,ours_partial,1,10,12,3,0.8,832,832,0,0.0,1001.0,8551.002360279066,5521.092586379185,-624.8726196965857,10.277647067643109,6.635928589398059,-0.751048821750704,13447.222326962219,0,1094
fleet_12,ours_partial,1,11,12,3,0.8,791,791,0,0.0,1002.0,8120.080234189937,5243.610678039625,-600.0805754576693,10.265588159532157,6.629090616990676,-0.7586353672031217,12763.610336772324,0,1137
fleet_12,ours_partial,1,12,12,3,0.8,764,764,0,0.0,1000.0,7800.213941752962,4888.520971434975,-619.6006924728192,10.209704112242097,6.398587658946302,-0.8109956707759414,12069.134220715461,0,1027
fleet_12,ours_partial,2,13,12,3,0.8,804,804,0,0.0,1001.0,7039.5403570835515,4984.134176804171,-602.5292143566757,8.755647210302925,6.199171861696731,-0.7494144457172582,11421.145319531293,0,901
fleet_12,ours_partial,2,14,12,3,0.8,816,816,0,0.0,1000.0,7110.865314085071,4999.358277250617,-599.8399917737364,8.71429572804543,6.126664555454187,-0.7350980291344809,11510.383599562221,0,905
fleet_12,ours_partial,2,15,12,3,0.8,787,787,0,0.0,1001.0,6706.842085758961,4772.560854519124,-594.195819315499,8.52203568711431,6.064245050214898,-0.7550137475419301,10885.207120962743,0,898
fleet_12,ours_partial,2,16,12,3,0.8,789,789,0,0.0,1001.0,6809.928415691367,4637.816620475128,-569.4036597344666,8.631087979329996,5.878094576014104,-0.7216776422490071,10878.341376432185,0,894
fleet_12,ours_partial,2,17,12,3,0.8,833,833,0,0.0,1001.0,7175.75432607409,4998.022866405827,-566.3233419861178,8.614350931661573,6.000027450667259,-0.6798599543650874,11607.45385049409,0,945
fleet_12,ours_partial,2,18,12,3,0.8,813,813,0,0.0,1001.0,7265.290404501198,5137.0262414937015,-589.2562308406609,8.93639656150209,6.318605463091884,-0.7247924118581315,11813.06041515456,0,938
fleet_12,ours_partial,3,19,12,3,0.8,758,758,0,0.0,1002.0,6865.277650877751,4617.299999765881,-579.9181227225507,9.057094526223946,6.091424801801954,-0.7650634864413598,10902.659527921263,0,909
fleet_12,ours_partial,3,20,12,3,0.8,797,797,0,0.0,1002.0,7145.512874794802,4739.15719712905,-581.0288368394513,8.965511762603265,5.946244914841969,-0.7290198705639288,11303.641235084633,0,879
fleet_12,ours_partial,3,21,12,3,0.8,809,809,0,0.0,1001.0,7220.316452140928,4994.859787700026,-628.7331846628118,8.924989434043175,6.174115930407943,-0.7771732814126228,11586.443055178413,0,964
fleet_12,ours_partial,3,22,12,3,0.8,778,778,0,0.0,1003.0,6947.606242492685,4822.32436165845,-520.4057134929129,8.93008514459214,6.198360362028856,-0.6689019453636413,11249.524890658464,0,925
fleet_12,ours_partial,3,23,12,3,0.8,788,788,0,0.0,1001.0,6985.517444384459,4620.468580170259,-604.2550620358616,8.864869853279771,5.863538807322664,-0.7668211447155604,11001.730962519052,0,923
fleet_12,ours_partial,3,24,12,3,0.8,769,769,0,0.0,1001.0,6830.970228934002,4526.549661208715,-574.5267925969523,8.882926175466842,5.886280443704441,-0.7471089630649574,10782.993097545923,0,871
fleet_12,ours_partial,4,25,12,3,0.8,776,776,0,0.0,1001.0,7196.310897361814,4170.35841884245,-597.1196609639709,9.273596517218833,5.374173220157797,-0.7694840991803749,10769.549655240442,0,859
fleet_12,ours_partial,4,26,12,3,0.8,780,780,0,0.0,1001.0,7504.308941357073,4418.505800532927,-595.1595282093647,9.620908899175735,5.664751026324266,-0.7630250361658522,11327.655213680857,0,907
fleet_12,ours_partial,4,27,12,3,0.8,777,777,0,0.0,1002.0,7214.281194560303,4320.505613440634,-624.5347961664193,9.284789182188293,5.560496284994381,-0.8037770864432681,10910.252011834666,0,899
fleet_12,ours_partial,4,28,12,3,0.8,755,755,0,0.0,999.0,7105.914858511026,4214.796424059377,-593.7413859644414,9.411807759617252,5.582511819946196,-0.786412431740982,10726.969896606093,0,879
fleet_12,ours_partial,4,29,12,3,0.8,832,832,0,0.0,999.0,7596.3136620177975,4710.989539260772,-633.898199757351,9.130184689925237,5.662247042380736,-0.7618968747083545,11673.405001521493,0,939
fleet_12,ours_partial,4,30,12,3,0.8,753,753,0,0.0,1001.0,6935.564909763371,3997.7262859493567,-597.0328718019729,9.210577569406867,5.309065452787991,-0.7928723397104553,10336.25832391082,0,819
fleet_12,ours_full,0,1,12,3,0.8,782,782,0,0.0,1000.0,8369.46126834718,1491.3656758019408,-426.89359422739153,10.702635893027084,1.9071172324833003,-0.545899736863672,9433.93334992165,0,156
fleet_12,ours_full,0,2,12,3,0.8,811,811,0,0.0,1001.0,8698.276459911185,1488.6088065197875,-280.2292086634448,10.725371713823902,1.8355225727740907,-0.34553539909179387,9906.656057767537,0,158
fleet_12,ours_full,0,3,12,3,0.8,812,812,0,0.0,998.0,8497.676160262094,1426.2214639343738,-245.92436145239444,10.465118423968095,1.756430374303416,-0.30286251410393406,9677.973262744023,0,159
fleet_12,ours_full,0,4,12,3,0.8,828,828,0,0.0,1002.0,8866.546727624429,1511.5016046529247,-242.23089211580873,10.708389767662354,1.8254850297740637,-0.29254938661329555,10135.81744016161,0,166
fleet_12,ours_full,0,5,12,3,0.8,761,761,0,0.0,1002.0,8135.568219307377,1273.7728716321171,-287.1214079048895,10.69062840907671,1.6738145487938465,-0.3772948855517602,9122.21968303446,0,152
fleet_12,ours_full,0,6,12,3,0.8,854,854,0,0.0,1002.0,8949.308903298948,1463.3250201545038,-404.38794520558815,10.479284430092445,1.7134953397593722,-0.47352218408148494,10008.24597824788,0,163
fleet_12,ours_full,1,7,12,3,0.8,744,744,0,0.0,1001.0,7678.366079022704,1103.730557134692,-328.08092810962006,10.320384514815462,1.4835088133530805,-0.4409689893946506,8454.015708047502,0,139
fleet_12,ours_full,1,8,12,3,0.8,777,777,0,0.0,1001.0,7806.33804109009,1235.531534297179,-249.68672741785343,10.046767105650051,1.5901306747711441,-0.3213471395339169,8792.18284796921,0,141
fleet_12,ours_full,1,9,12,3,0.8,795,795,0,0.0,1001.0,7998.394828415279,1307.5327767979277,-317.3549942727974,10.06087399800664,1.6446953167269531,-0.3991886720412546,8988.572610940228,0,148
fleet_12,ours_full,1,10,12,3,0.8,832,832,0,0.0,1001.0,8697.625556244755,1333.3423774719429,-367.6540738672175,10.453876870486484,1.6025749729230083,-0.4418919157057903,9663.31385984945,0,159
fleet_12,ours_full,1,11,12,3,0.8,791,791,0,0.0,1002.0,8060.0161011177825,1357.0651046665005,-238.1495388165368,10.18965373086951,1.7156322435733256,-0.3010740060891742,9178.93166696762,0,151
fleet_12,ours_full,1,12,12,3,0.8,764,764,0,0.0,999.0,8017.671485071377,1318.770199762049,-230.9113716364091,10.494334404543688,1.726139004924148,-0.30224001523090194,9105.53031319686,0,147
fleet_12,ours_full,2,13,12,3,0.8,804,804,0,0.0,1001.0,7947.4980865697025,1218.0184836623382,-246.27619926070437,9.884947868867789,1.5149483627641023,-0.30631368067251785,8919.240370971158,0,152
fleet_12,ours_full,2,14,12,3,0.8,816,816,0,0.0,1000.0,8075.30912291584,1315.2242068337246,-367.30466849061173,9.896212160436079,1.6117943711197604,-0.450128270209083,9023.22866125879,0,152
fleet_12,ours_full,2,15,12,3,0.8,787,787,0,0.0,1002.0,7704.306679040755,1162.144874395859,-239.51642030840148,9.789462108056867,1.4766770958015998,-0.30434106773621533,8626.935133127956,0,146
fleet_12,ours_full,2,16,12,3,0.8,789,789,0,0.0,1001.0,7611.091913373446,1133.7737158792518,-196.84804055803738,9.646504326202086,1.4369755587823216,-0.24949054570093457,8548.017588694409,0,144
fleet_12,ours_full,2,17,12,3,0.8,833,833,0,0.0,1002.0,8184.699996050928,1293.614448035809,-275.5239058215222,9.825570223350454,1.5529585210513912,-0.3307609913823796,9202.790538265064,0,154
fleet_12,ours_full,2,18,12,3,0.8,813,813,0,0.0,1001.0,8194.420229979301,1321.0839600484026,-258.5828788838699,10.079237675251294,1.6249495203547386,-0.31806012162837627,9256.921311143717,0,157
fleet_12,ours_full,3,19,12,3,0.8,758,758,0,0.0,1001.0,7844.342515236117,1238.5390981456778,-195.65377038620534,10.348736827488281,1.6339565938597334,-0.2581184305886614,8887.227842995382,0,146
fleet_12,ours_full,3,20,12,3,0.8,797,797,0,0.0,1002.0,8096.852769239265,1306.2836316054807,-253.55182627871605,10.159162822132076,1.6390007924786458,-0.3181327807763062,9149.58457456586,0,155
fleet_12,ours_full,3,21,12,3,0.8,809,809,0,0.0,1002.0,8058.502701060667,1343.8791455039138,-392.6195297735592,9.961066379555831,1.6611608720691147,-0.4853146227114452,9009.762316790851,0,152
fleet_12,ours_full,3,22,12,3,0.8,778,778,0,0.0,1002.0,7622.233448666878,1147.906890848759,-232.40299207483227,9.797215229648943,1.4754587285973768,-0.2987184988108384,8537.737347440534,0,145
fleet_12,ours_full,3,23,12,3,0.8,788,788,0,0.0,1001.0,7823.139145621526,1223.6229357324428,-206.07785600887505,9.927841555357267,1.552820984432034,-0.2615201218386739,8840.684225344881,0,146
fleet_12,ours_full,3,24,12,3,0.8,769,769,0,0.0,1001.0,7844.790644650322,1284.0291152539544,-253.94702844887192,10.201288224512773,1.6697387714615792,-0.3302302060453471,8874.872731455202,0,147
fleet_12,ours_full,4,25,12,3,0.8,776,776,0,0.0,1003.0,7936.712979550776,1259.2319836231002,-247.5410943084536,10.227722911792238,1.6227216283802837,-0.31899625555213096,8948.403868865242,0,149
fleet_12,ours_full,4,26,12,3,0.8,780,780,0,0.0,1001.0,7984.693707240027,1181.234503381732,-250.1957728765511,10.23678680415388,1.5144032094637592,-0.3207638113801937,8915.732437745011,0,148
fleet_12,ours_full,4,27,12,3,0.8,777,777,0,0.0,1002.0,7889.337472293547,1233.8473580619234,-241.95615867038927,10.153587480429275,1.5879631377888332,-0.3113978876066786,8881.228671684881,0,148
fleet_12,ours_full,4,28,12,3,0.8,755,755,0,0.0,1000.0,7885.289942961637,1183.0400631192329,-213.9284850607593,10.444092639684287,1.5669404809526264,-0.2833489868354428,8854.40152101992,0,143
fleet_12,ours_full,4,29,12,3,0.8,832,832,0,0.0,1000.0,8300.889974082605,1286.7357524429885,-287.252127732407,9.977031218849286,1.5465573947632074,-0.34525496121683535,9300.373598793067,0,151
fleet_12,ours_full,4,30,12,3,0.8,753,753,0,0.0,1002.0,7602.682819619008,1026.4023102103563,-254.2203214704422,10.096524328843305,1.36308407730459,-0.33760998867256603,8374.864808358632,0,137
fleet_12,baseline_adaptive,0,1,12,3,0.8,782,728,54,0.04475703324808184,1102.0,5474.917207379355,2897.2466647071506,-587.3325595815066,7.5204906694771365,3.9797344295427894,-0.806775493930641,7784.83131250477,0,437
fleet_12,baseline_adaptive,0,2,12,3,0.8,811,758,53,0.05425400739827373,1135.0,5632.210731477493,2938.4334712766245,-617.5903656874929,7.43035716553759,3.8765613077528025,-0.814763015418856,7953.053837066376,0,451
fleet_12,baseline_adaptive,0,3,12,3,0.8,812,810,2,0.11330049261083744,1135.0,6109.192193663688,2961.2388547353908,-597.3104512696357,7.5422125847699855,3.655850437944927,-0.7374203102094268,8473.120597129227,0,459
fleet_12,baseline_adaptive,0,4,12,3,0.8,828,817,11,0.07367149758454106,1135.0,6200.165625390634,3031.8452912441194,-567.3065360419134,7.588942013942025,3.710948948891211,-0.6943776450941412,8664.704380592648,0,478
fleet_12,baseline_adaptive,0,5,12,3,0.8,761,735,26,0.08935611038107753,1101.0,5682.549848025116,2896.308938823925,-530.0737260691594,7.7313603374491375,3.940556379352279,-0.7211887429512374,8048.785060779619,0,445
fleet_12,baseline_adaptive,0,6,12,3,0.8,854,828,26,0.07845433255269321,1101.0,6535.603440655207,3391.262603674754,-587.9909341803466,7.89324087035653,4.095727782215886,-0.7101339784786794,9338.87511014955,0,515
fleet_12,baseline_adaptive,1,7,12,3,0.8,744,744,0,0.07123655913978495,1131.0,5526.737512156005,2858.452187756743,-549.5278685593136,7.428410634618286,3.8420056287052997,-0.7386127265582172,7835.661831353203,0,507
fleet_12,baseline_adaptive,1,8,12,3,0.8,777,749,28,0.05148005148005148,1135.0,5622.187572379469,2982.451340004701,-622.9936347565699,7.506258441094085,3.9819110013413894,-0.8317672026122429,7981.645277627341,0,526
fleet_12,baseline_adaptive,1,9,12,3,0.8,795,768,27,0.05408805031446541,1135.0,5808.82780906118,3249.7142150914415,-604.3158711219066,7.563577876381745,4.231398717566981,-0.7868696238566493,8454.226153030499,0,553
fleet_12,baseline_adaptive,1,10,12,3,0.8,832,810,22,0.07451923076923077,1135.0,5894.5784022798925,3200.300522921576,-585.2663929213038,7.277257286765299,3.9509882999031802,-0.7225511023719801,8509.612532279974,0,554
fleet_12,baseline_adaptive,1,11,12,3,0.8,791,791,0,0.08091024020227561,1091.0,5882.33500858422,3122.9789072302547,-555.4306922185456,7.4365802889813155,3.948140211416251,-0.7021879800487302,8449.883223595705,0,528
fleet_12,baseline_adaptive,1,12,12,3,0.8,764,764,0,0.08900523560209424,1091.0,5928.911915728421,3036.601363472191,-633.6214833493556,7.760355910639295,3.974609114492397,-0.829347491294968,8331.891795851012,0,526
fleet_12,baseline_adaptive,2,13,12,3,0.8,804,755,49,0.060945273631840796,1135.0,5431.717978778303,2904.0609774980103,-621.5575825026864,7.194328448712985,3.846438380792067,-0.8232550761624985,7714.2213737733855,0,533
fleet_12,baseline_adaptive,2,14,12,3,0.8,816,752,64,0.05514705882352941,1135.0,5612.3317405274465,3035.495059504533,-655.5451345406141,7.463207101765222,4.036562579128368,-0.8717355512508166,7992.281665491118,0,560
fleet_12,baseline_adaptive,2,15,12,3,0.8,787,737,50,0.053367217280813214,1134.0,5365.765940105061,2848.3703553371615,-674.5706257422632,7.280550800685294,3.8648173071060534,-0.9152925722418769,7539.565669699744,0,529
fleet_12,baseline_adaptive,2,16,12,3,0.8,789,754,35,0.059569074778200254,1135.0,5356.42696558823,2921.7854868398267,-661.7736753710129,7.104014543220464,3.875047064774306,-0.8776839195902029,7616.438777056818,0,535
fleet_12,baseline_adaptive,2,17,12,3,0.8,833,751,82,0.026410564225690276,1134.0,5409.774437602646,3003.160491560256,-668.051318266339,7.203428012786479,3.998882145885827,-0.8895490256542463,7744.883610896332,0,550
fleet_12,baseline_adaptive,2,18,12,3,0.8,813,737,76,0.05412054120541206,1135.0,5462.730348954977,2890.2295113456576,-659.875132165612,7.412117162761162,3.9216139909710415,-0.8953529608759999,7693.084728134799,0,530
fleet_12,baseline_adaptive,3,19,12,3,0.8,758,662,96,0.0079155672823219,998.0,4801.193435346766,2638.8169889561236,-652.0076767698097,7.252558059436202,3.986128382108948,-0.9849058561477487,6788.002747532929,0,505
fleet_12,baseline_adaptive,3,20,12,3,0.8,797,757,40,0.08782936010037641,1135.0,5627.665423373895,2784.999780456675,-677.8326395218713,7.434168326781895,3.6789957469705086,-0.8954196030672013,7734.8325643084645,0,531
fleet_12,baseline_adaptive,3,21,12,3,0.8,809,745,64,0.05686032138442522,1124.0,5429.217617814107,2850.6530434079577,-575.160735772561,7.287540426596117,3.826379924037527,-0.7720278332517597,7704.709925449261,0,536
fleet_12,baseline_adaptive,3,22,12,3,0.8,778,690,88,0.0038560411311053984,997.0,5137.972392399937,2917.1016928249587,-646.6404180095612,7.446336800579619,4.227683612789796,-0.9371600261008134,7408.43366721514,0,551
fleet_12,baseline_adaptive,3,23,12,3,0.8,788,764,24,0.08629441624365482,1134.0,5762.960137265225,2964.6415230309412,-676.0885374273918,7.543141540923069,3.8804208416635357,-0.8849326406117693,8051.513122868512,0,563
fleet_12,baseline_adaptive,3,24,12,3,0.8,769,685,84,0.035110533159947985,1134.0,5105.1333763115745,2737.3339274506748,-662.591610376729,7.452749454469452,3.9961079232856567,-0.9672870224477796,7179.87569338534,0,524
fleet_12,baseline_adaptive,4,25,12,3,0.8,776,776,0,0.020618556701030927,1042.0,6168.576439850394,3115.740841006098,-579.1723302881946,7.949196443106178,4.0151299497501265,-0.7463560957322096,8705.144950568125,0,578
fleet_12,baseline_adaptive,4,26,12,3,0.8,780,752,28,0.002564102564102564,1001.0,6039.510650160108,3021.4848336765403,-646.1767868144564,8.031264162446952,4.01793195967625,-0.8592776420405005,8414.818697021958,0,578
fleet_12,baseline_adaptive,4,27,12,3,0.8,777,777,0,0.03861003861003861,1079.0,6166.847429899402,3148.686847146426,-513.939967150647,7.93674057902111,4.0523640246414745,-0.6614413991642819,8801.594309895036,0,597
fleet_12,baseline_adaptive,4,28,12,3,0.8,755,755,0,0.031788079470198675,1134.0,6105.484934404811,2943.0359646629017,-623.9375254481055,8.086735012456703,3.8980608803482144,-0.8264073184743119,8424.583373619384,0,557
fleet_12,baseline_adaptive,4,29,12,3,0.8,832,819,13,0.026442307692307692,1090.0,6396.384012265263,3343.2358676794956,-637.0937376022719,7.809992688968575,4.082095076531741,-0.7778922315046054,9102.526142342364,0,619
fleet_12,baseline_adaptive,4,30,12,3,0.8,753,753,0,0.033200531208499334,1090.0,5776.152225578481,2863.1899558085206,-644.1575483801628,7.6708528892144505,3.802377099347305,-0.8554549115274406,7995.184633006584,0,528
fleet_12,baseline_full,0,1,12,3,0.8,782,782,0,0.0,1001.0,8058.782095965059,712.2788331268123,-506.52585547292733,10.305347948804423,0.9108424976046193,-0.647731272983283,8264.535073618634,0,120
fleet_12,baseline_full,0,2,12,3,0.8,811,811,0,0.0,999.0,7953.386998024445,637.1560854865455,-413.5067224928778,9.806889023458009,0.7856425221782313,-0.5098726541219208,8177.0363610178,0,117
fleet_12,baseline_full,0,3,12,3,0.8,812,812,0,0.0,999.0,8304.426528343745,714.7061224659234,-397.7633126019077,10.227126266433183,0.8801799537757677,-0.4898562963077681,8621.36933820752,0,124
fleet_12,baseline_full,0,4,12,3,0.8,828,828,0,0.05676328502415459,1042.0,8513.271672287508,729.2998340149172,-528.8225577385698,10.281729072811,0.8807969009841995,-0.6386745866407848,8713.748948563636,0,125
fleet_12,baseline_full,0,5,12,3,0.8,761,761,0,0.0,1002.0,7553.768207800747,651.8955013506588,-545.9256031580944,9.92610802601938,0.8566300937590786,-0.7173792419948678,7659.738105993044,0,109
fleet_12,baseline_full,0,6,12,3,0.8,854,854,0,0.0,1002.0,8594.692057833452,760.8353193534455,-556.7268111627989,10.064042222287414,0.8909078680953694,-0.65190493110398,8798.800566023887,0,127
fleet_12,baseline_full,1,7,12,3,0.8,744,744,0,0.0,1001.0,7536.170530462513,600.0491822088281,-367.00445864468054,10.129261465675421,0.8065177180226185,-0.4932855626944631,7769.215254026376,0,112
fleet_12,baseline_full,1,8,12,3,0.8,777,777,0,0.0,1000.0,7640.910556403641,566.3148470062433,-351.34696966208946,9.833861719953205,0.7288479369449721,-0.45218400213911125,7855.878433747501,0,114
fleet_12,baseline_full,1,9,12,3,0.8,795,795,0,0.0,1001.0,7695.376347314364,636.9231775244534,-447.80041606369315,9.679718675867123,0.8011612295905074,-0.5632709636021297,7884.499108774826,0,115
fleet_12,baseline_full,1,10,12,3,0.8,832,832,0,0.0,1001.0,8176.585439535943,708.2400225114882,-380.74999648588346,9.82762673021147,0.8512500270570771,-0.4576322073147638,8504.075465561284,0,123
fleet_12,baseline_full,1,11,12,3,0.8,791,791,0,0.0,1002.0,7799.339986407571,659.100841583023,-181.9439589134939,9.860101120616399,0.8332501157813186,-0.23001764717255865,8276.496869076804,0,122
fleet_12,baseline_full,1,12,12,3,0.8,764,764,0,0.0,999.0,7531.989550697682,624.6041750112341,-433.1419215579345,9.858625066358222,0.817544731690097,-0.5669396879030556,7723.451804150712,0,110
fleet_12,baseline_full,2,13,12,3,0.8,804,804,0,0.0,1002.0,7813.549301316468,569.0072765707333,-330.4136072289796,9.71834490213491,0.7077204932471808,-0.4109621980459945,8052.142970657902,0,118
fleet_12,baseline_full,2,14,12,3,0.8,816,816,0,0.0,1001.0,7983.122744277775,569.6782339750217,-556.9842362424369,9.783238657203157,0.6981350906556639,-0.6825787208853393,7995.8167420100435,0,116
fleet_12,baseline_full,2,15,12,3,0.8,787,787,0,0.0,1002.0,7495.142054570256,583.393731148418,-493.96142717943883,9.523687489924086,0.7412880954871894,-0.6276511145863264,7584.574358538978,0,109
fleet_12,baseline_full,2,16,12,3,0.8,789,789,0,0.0,1001.0,7294.414805328954,601.5104148450325,-210.26937671813434,9.245139170252159,0.7623706145057446,-0.2665011111763426,7685.655843455575,0,111
fleet_12,baseline_full,2,17,12,3,0.8,833,833,0,0.0,1002.0,8172.942722606865,647.9077402429151,-441.10139996305156,9.811455849468025,0.7778004084548801,-0.529533493353003,8379.749062886436,0,122
fleet_12,baseline_full,2,18,12,3,0.8,813,813,0,0.0,1002.0,8181.393724694838,643.0530114898444,-405.0255656192554,10.063214913523787,0.7909631137636463,-0.49818642757595993,8419.421170565149,0,121
fleet_12,baseline_full,3,19,12,3,0.8,758,758,0,0.0,1002.0,7510.786153515744,583.7624970154517,-445.840837004584,9.908688856880929,0.7701352203370075,-0.5881805237527493,7648.707813526338,0,111
fleet_12,baseline_full,3,20,12,3,0.8,797,797,0,0.0,1002.0,7882.533101909216,586.5563778975211,-247.32942138347028,9.890254833010308,0.7359553047647692,-0.31032549734437925,8221.760058422957,0,119
fleet_12,baseline_full,3,21,12,3,0.8,809,809,0,0.0,1002.0,7968.069790697756,545.6951556468571,-323.46136571272643,9.849282806795742,0.6745304766957442,-0.3998286349971897,8190.303580631547,0,119
fleet_12,baseline_full,3,22,12,3,0.8,778,778,0,0.0,1002.0,7603.165804435931,585.287789292482,-325.8526425907864,9.772706689506338,0.7522979296818535,-0.41883373083648634,7862.600951137325,0,115
fleet_12,baseline_full,3,23,12,3,0.8,788,788,0,0.0,1001.0,7896.57188055861,571.4055776172893,-407.35947833498585,10.021030305277424,0.7251339817478291,-0.5169536527093729,8060.617979840599,0,118
fleet_12,baseline_full,3,24,12,3,0.8,769,769,0,0.0,1001.0,7723.666350343799,564.7413773153997,-375.425827574092,10.043779389263719,0.7343841057417422,-0.4882000358570767,7912.981900084819,0,115
fleet_12,baseline_full,4,25,12,3,0.8,776,776,0,0.0,1003.0,7746.471508446167,609.9425750213306,-403.4515312728316,9.982566376863616,0.7860084729656323,-0.5199117671041644,7952.962552194363,0,114
fleet_12,baseline_full,4,26,12,3,0.8,780,780,0,0.0,1001.0,7753.515893640347,579.4724976665586,-228.6893253643244,9.940404991846599,0.7429134585468701,-0.2931914427747749,8104.299065942266,0,119
fleet_12,baseline_full,4,27,12,3,0.8,777,777,0,0.0,1001.0,7827.126966662728,600.2924350231295,-479.82301071630246,10.07352247961741,0.7725771364519042,-0.6175328323247136,7947.59639096925,0,116
fleet_12,baseline_full,4,28,12,3,0.8,755,755,0,0.0,1000.0,7698.200507674687,585.7252023480689,-488.61747762345215,10.19629206314528,0.7757949699974422,-0.64717546705093,7795.3082323990275,0,112
fleet_12,baseline_full,4,29,12,3,0.8,832,832,0,0.0,1000.0,8192.976612955623,570.7707456825423,-383.5869104471079,9.847327659802431,0.6860225308684402,-0.46104195967200473,8380.160448190763,0,122
fleet_12,baseline_full,4,30,12,3,0.8,753,753,0,0.0,1001.0,7634.909502424672,552.2163022087177,-369.5603264398576,10.139322048372739,0.7333549830129054,-0.4907839660555878,7817.56547819325,0,113
fleet_20_centre,ours_partial,0,1,20,5,0.8,785,785,0,0.0,1000.0,7813.151261532384,3493.1786468742307,-631.6794611268808,9.953058931888387,4.449909104298383,-0.8046872116265997,10674.650447279864,0,1014
fleet_20_centre,ours_partial,0,2,20,5,0.8,809,809,0,0.0,1001.0,7935.42996362135,3623.8340417774602,-616.2363834581663,9.808936914241471,4.479399309984499,-0.7617260611349398,10943.027621940828,0,1006
fleet_20_centre,ours_partial,0,3,20,5,0.8,808,808,0,0.0,998.0,8033.417166931541,3622.2737419056457,-619.499531247139,9.94234797887567,4.483012056813918,-0.7667073406523998,11036.191377590263,0,1021
fleet_20_centre,ours_partial,0,4,20,5,0.8,822,822,0,0.0,1000.0,8027.4914900861495,3633.1075534350502,-647.617296751825,9.765804732464902,4.419838872792032,-0.7878555921555049,11012.98174676955,0,1028
fleet_20_centre,ours_partial,0,5,20,5,0.8,760,760,0,0.0,1001.0,7540.434049949588,3373.341505792396,-599.2968824112094,9.92162374993367,4.438607244463679,-0.7885485294884333,10314.478673330852,0,1009
fleet_20_centre,ours_partial,0,6,20,5,0.8,861,861,0,0.0,1003.0,8712.794528624865,4011.8739398589437,-664.8065971191321,10.119389696428415,4.65955161423803,-0.7721330976993405,12059.861871365016,0,1115
fleet_20_centre,ours_partial,1,7,20,5,0.8,730,730,0,0.0,1001.0,6804.749922284132,3364.7768431544823,-547.015872185821,9.32157523600566,4.609283346786962,-0.7493368112134534,9622.51089325276,0,786
fleet_20_centre,ours_partial,1,8,20,5,0.8,777,777,0,0.0,999.0,7386.058828966512,3618.4547949307976,-550.0427348392437,9.50586721874712,4.656955978031914,-0.7079057076438143,10454.470889058162,0,868
fleet_20_centre,ours_partial,1,9,20,5,0.8,794,794,0,0.0,1002.0,7568.240174920585,3735.3087830220734,-593.882687009096,9.53178863340124,4.7044191221940475,-0.7479630818754358,10709.666270933683,0,882
fleet_20_centre,ours_partial,1,10,20,5,0.8,842,842,0,0.0,1002.0,8118.133574004272,3916.8359196465685,-651.6885426067532,9.641488805230727,4.651824132596874,-0.7739768914569516,11383.280951044322,0,910
fleet_20_centre,ours_partial,1,11,20,5,0.8,796,796,0,0.0,1001.0,7826.279832687961,3888.1668792730393,-615.7616655613141,9.832009840060252,4.884631757880703,-0.7735699316096911,11098.685046399884,0,903
fleet_20_centre,ours_partial,1,12,20,5,0.8,746,746,0,0.0,1000.0,7147.051687603498,3512.2350676660058,-513.2897157550999,9.58049824075536,4.708089903037541,-0.6880559192427612,10145.997039514454,0,810
fleet_20_centre,ours_partial,2,13,20,5,0.8,802,802,0,0.0,1000.0,7251.541586258107,3831.342533268293,-579.4787138974399,9.041822426755743,4.777235078888146,-0.7225420372786033,10503.405405629055,0,933
fleet_20_centre,ours_partial,2,14,20,5,0.8,829,829,0,0.0,1002.0,7426.5826513382535,3890.5456046801164,-632.218196694084,8.958483294738544,4.693058630494712,-0.7626274990278455,10684.91005932442,0,886
fleet_20_centre,ours_partial,2,15,20,5,0.8,788,788,0,0.0,1002.0,6847.089941958638,3478.6506182212156,-565.8799716343437,8.689200433957662,4.414531241397482,-0.7181217914141418,9759.860588545487,0,863
fleet_20_centre,ours_partial,2,16,20,5,0.8,776,776,0,0.0,1002.0,6910.355075359283,3509.360189478286,-583.2432088878571,8.905096746597014,4.522371378193667,-0.7516020733090942,9836.472055949711,0,877
fleet_20_centre,ours_partial,2,17,20,5,0.8,850,850,0,0.0,1002.0,7726.84436202534,3913.7295803259385,-648.761000967991,9.090405131794517,4.604387741559927,-0.7632482364329306,10991.812941383469,0,917
fleet_20_centre,ours_partial,2,18,20,5,0.8,811,811,0,0.0,1000.0,7283.015992570364,3722.903100009189,-585.2493921313705,8.980290989605875,4.590509371158063,-0.7216392011484224,10420.66970044827,0,903
fleet_20_centre,ours_partial,3,19,20,5,0.8,768,768,0,0.0,1002.0,7170.041591646481,3742.016734918588,-607.5913989335595,9.33599165578969,4.872417623591912,-0.7911346340280723,10304.466927631593,0,799
fleet_20_centre,ours_partial,3,20,20,5,0.8,811,811,0,0.0,1000.0,7711.0001635035205,3866.502418377702,-663.2711608082401,9.508014998154772,4.767573882093344,-0.8178436014898152,10914.231421073153,0,833
fleet_20_centre,ours_partial,3,21,20,5,0.8,820,820,0,0.0,1001.0,7532.401999432963,3815.3454532155934,-638.8759942045727,9.185856096869466,4.652860308799504,-0.7791170661031375,10708.871458444104,0,831
fleet_20_centre,ours_partial,3,22,20,5,0.8,778,778,0,0.0,997.0,7254.605476754809,3633.140803724341,-563.9289770894369,9.324685702769678,4.669846791419461,-0.7248444435596876,10323.817303389818,0,825
fleet_20_centre,ours_partial,3,23,20,5,0.8,788,788,0,0.0,1000.0,7395.482156826962,3673.782418129637,-628.5940467500791,9.385129640643353,4.662160429098524,-0.7977081811549227,10440.670528206627,0,812
fleet_20_centre,ours_partial,3,24,20,5,0.8,766,766,0,0.0,1002.0,7304.023259776208,3542.9975148460226,-580.5549749982792,9.535278407018549,4.625323126430839,-0.7579046670995813,10266.465799624022,0,790
fleet_20_centre,ours_partial,4,25,20,5,0.8,782,782,0,0.0,1002.0,8586.355076523536,4171.824862437304,-662.3729252956929,10.97999370399429,5.3348144020937385,-0.8470242011453873,12095.807013665511,0,1054
fleet_20_centre,ours_partial,4,26,20,5,0.8,777,777,0,0.0,1000.0,8522.546310086424,4360.8634030347075,-631.4143794587249,10.968528069609297,5.612436812142481,-0.8126311189944979,12251.995333662762,0,1049
fleet_20_centre,ours_partial,4,27,20,5,0.8,789,789,0,0.0,1002.0,8525.435825343126,4146.343046609642,-723.0102846507151,10.805368599927915,5.25518763828852,-0.9163628449311979,11948.768587302406,0,1042
fleet_20_centre,ours_partial,4,28,20,5,0.8,744,744,0,0.0,1001.0,8707.056052325857,4180.974425452202,-692.046403279782,11.70303232839497,5.619589281521777,-0.9301698968814274,12195.984074498674,0,934
fleet_20_centre,ours_partial,4,29,20,5,0.8,865,865,0,0.0,1000.0,9632.237044700953,4828.17092702626,-795.3754671246106,11.135534155723645,5.581700493671977,-0.9195092105486828,13665.03250460323,0,1119
fleet_20_centre,ours_partial,4,30,20,5,0.8,791,791,0,0.0,1002.0,8633.436829631388,4324.9835467905605,-659.159085997786,10.91458511963513,5.467741525651783,-0.8333237496811453,12299.261290424538,0,906
fleet_20_centre,ours_full,0,1,20,5,0.8,785,785,0,0.0,1001.0,8031.265378388301,734.2994547480453,-255.5761593643215,10.230911310048791,0.9354133181503761,-0.3255747253048682,8509.988673771757,0,141
fleet_20_centre,ours_full,0,2,20,5,0.8,809,809,0,0.0,1001.0,8105.790573572726,847.2821672455767,-229.13725535699749,10.019518632351948,1.0473203550625176,-0.28323517349443444,8723.935485461085,0,146
fleet_20_centre,ours_full,0,3,20,5,0.8,808,808,0,0.0,998.0,8611.33685942575,902.6617894007161,-307.76674649388036,10.65759512305167,1.1171556799513813,-0.38089943873004994,9206.231902332438,0,152
fleet_20_centre,ours_full,0,4,20,5,0.8,822,822,0,0.0,1001.0,8477.346317455453,889.1573882186789,-197.3517732481878,10.313073378899578,1.0816999856674925,-0.2400873153870898,9169.151932425824,0,156
fleet_20_centre,ours_full,0,5,20,5,0.8,760,760,0,0.0,1001.0,7697.55753288302,789.4823888312767,-284.965723694091,10.12836517484608,1.0387926168832589,-0.3749548995974882,8202.074198019882,0,136
fleet_20_centre,ours_full,0,6,20,5,0.8,861,861,0,0.0,1002.0,8922.401035198123,915.1879494848204,-390.97990933449944,10.362835116374127,1.0629360621194197,-0.4540997785534256,9446.60907534836,0,157
fleet_20_centre,ours_full,1,7,20,5,0.8,730,730,0,0.0,1002.0,7198.506950913237,883.7413732435489,-177.62702324942123,9.860968425908544,1.2106046208815737,-0.2433246893827688,7904.621300907078,0,133
fleet_20_centre,ours_full,1,8,20,5,0.8,777,777,0,0.0,1000.0,7755.2728946465495,895.1024917823709,-329.21887329181897,9.981046196456306,1.1519980589219703,-0.4237051136316846,8321.15651313677,0,138
fleet_20_centre,ours_full,1,9,20,5,0.8,794,794,0,0.0,1001.0,7810.209740640043,903.4590891357176,-271.6876204501098,9.836536197279651,1.1378577948812565,-0.3421758443956043,8441.981209325388,0,142
fleet_20_centre,ours_full,1,10,20,5,0.8,842,842,0,0.0,1002.0,8614.229438235316,1062.6795802681763,-279.53760988321403,10.230676292440993,1.262089762788808,-0.3319924107876651,9397.371408620178,0,154
fleet_20_centre,ours_full,1,11,20,5,0.8,796,796,0,0.0,1001.0,7922.829940615238,953.8448554342694,-233.05827736055195,9.95330394549653,1.198297557078228,-0.2927867806037085,8643.61651868871,0,147
fleet_20_centre,ours_full,1,12,20,5,0.8,746,746,0,0.0,1001.0,7530.581648098467,871.4612295188632,-252.47244205335497,10.094613469300894,1.168178591848342,-0.33843490891870637,8149.570435563647,0,138
fleet_20_centre,ours_full,2,13,20,5,0.8,802,802,0,0.0,1000.0,7804.779777653245,802.3258019891157,-247.53869127588936,9.73164560804644,1.0004062368941593,-0.3086517347579668,8359.56688836618,0,144
fleet_20_centre,ours_full,2,14,20,5,0.8,829,829,0,0.0,1001.0,8192.051409025138,921.7269260608127,-350.49601975835645,9.881847296773387,1.111853951822452,-0.42279375121635276,8763.282315327366,0,148
fleet_20_centre,ours_full,2,15,20,5,0.8,788,788,0,0.0,1002.0,7770.365988919479,815.5644991099272,-279.9715249583785,9.860870544314059,1.0349803288197046,-0.3552938133989575,8305.958963070718,0,141
fleet_20_centre,ours_full,2,16,20,5,0.8,776,776,0,0.0,1002.0,7637.996612712126,866.6513326281083,-214.57261351819554,9.842779140092945,1.1168187276135417,-0.2765110998945819,8290.075331821721,0,141
fleet_20_centre,ours_full,2,17,20,5,0.8,850,850,0,0.0,1002.0,8508.412188466338,1063.808208747129,-290.1481145369601,10.009896692313339,1.2515390691142694,-0.34135072298465896,9282.07228267637,0,155
fleet_20_centre,ours_full,2,18,20,5,0.8,811,811,0,0.0,1001.0,8133.566902446413,927.8774598023487,-187.55174970433924,10.029059065901865,1.1441152402001833,-0.2312598640004183,8873.892612544203,0,152
fleet_20_centre,ours_full,3,19,20,5,0.8,768,768,0,0.0,1002.0,7961.630671369417,1058.0576953203113,-224.89735029267328,10.366706603345595,1.3776792907816553,-0.29283509152691833,8794.791016396854,0,149
fleet_20_centre,ours_full,3,20,20,5,0.8,811,811,0,0.0,1000.0,8445.916672340734,979.2388195924109,-242.9528218806839,10.414200582417674,1.207446140064625,-0.2995719135396842,9182.20267005234,0,156
fleet_20_centre,ours_full,3,21,20,5,0.8,820,820,0,0.0,1001.0,8211.63597893624,1075.0196937945066,-307.494703616776,10.014190218214926,1.3109996265786665,-0.3749935409960683,8979.16096911378,0,155
fleet_20_centre,ours_full,3,22,20,5,0.8,778,778,0,0.0,997.0,7629.339426884788,925.9588948301815,-176.00708589412798,9.806348877743943,1.1901785280593593,-0.2262301875245861,8379.29123582055,0,142
fleet_20_centre,ours_full,3,23,20,5,0.8,788,788,0,0.0,1000.0,7762.136085984358,962.2967307433213,-289.5108442937248,9.850426505056292,1.2211887445981235,-0.36739954859609747,8434.92197243367,0,145
fleet_20_centre,ours_full,3,24,20,5,0.8,766,766,0,0.0,1001.0,7765.448374883836,1003.9286758483635,-286.23877532134395,10.137661063817017,1.3106118483660099,-0.37367986334379105,8483.138275410585,0,144
fleet_20_centre,ours_full,4,25,20,5,0.8,782,782,0,0.0,1002.0,8313.414881821122,927.5304672443524,-251.25682433908912,10.630965322021895,1.1861003417446963,-0.3213002868786306,8989.688524726205,0,148
fleet_20_centre,ours_full,4,26,20,5,0.8,777,777,0,0.0,1000.0,8143.931876160455,1026.3212176710604,-203.27010000693554,10.481250805869312,1.3208767280193827,-0.2616088803178063,8966.982993824406,0,150
fleet_20_centre,ours_full,4,27,20,5,0.8,789,789,0,0.0,1002.0,8484.042602165853,1070.7205262172397,-352.1928750426626,10.752905706167114,1.3570602360167803,-0.4463788023354405,9202.570253340304,0,153
fleet_20_centre,ours_full,4,28,20,5,0.8,744,744,0,0.0,1001.0,7898.41136253883,1056.1363992814327,-297.2728927012837,10.616144304487674,1.4195381710771944,-0.399560339652263,8657.274869118737,0,141
fleet_20_centre,ours_full,4,29,20,5,0.8,865,865,0,0.0,1001.0,8974.952090588306,1202.8107518788936,-320.9262004581125,10.375667156749486,1.3905326611316688,-0.3710129485064884,9856.836642009086,0,163
fleet_20_centre,ours_full,4,30,20,5,0.8,791,791,0,0.0,1002.0,8507.685571121394,1143.0229465128057,-235.83001735404937,10.755607548826035,1.4450353306103738,-0.29814161485973373,9414.878500280054,0,157
fleet_20_centre,baseline_adaptive,0,1,20,5,0.8,785,785,0,0.0,1001.0,6503.345385248801,2681.2088495560233,-693.2481873004024,8.284516414329683,3.4155526745936604,-0.8831187099368183,8491.30604750422,0,573
fleet_20_centre,baseline_adaptive,0,2,20,5,0.8,809,809,0,0.0,1001.0,6638.186901911185,2758.9979515573023,-819.8899020108627,8.205422622881564,3.4103806570547617,-1.013460941917012,8577.294951457428,0,584
fleet_20_centre,baseline_adaptive,0,3,20,5,0.8,808,808,0,0.0,998.0,6666.844115120655,2624.144189533568,-843.0790488204649,8.251044696931505,3.247703204868277,-1.0434146643817634,8447.909255833536,0,569
fleet_20_centre,baseline_adaptive,0,4,20,5,0.8,822,822,0,0.0,1000.0,6691.0312618439675,2701.562495188289,-768.2894999424199,8.139940707839376,3.286572378574561,-0.9346587590540387,8624.304257089654,0,595
fleet_20_centre,baseline_adaptive,0,5,20,5,0.8,760,760,0,0.0,1000.0,6182.143763306377,2519.375565640707,-736.7993230992755,8.134399688561022,3.314967849527246,-0.9694727935516783,7964.720005847573,0,542
fleet_20_centre,baseline_adaptive,0,6,20,5,0.8,861,861,0,0.0,1001.0,7180.307129451424,2978.5214554346994,-858.6212269075282,8.339497246749621,3.4593745126999993,-0.9972371973374312,9300.20735797851,0,631
fleet_20_centre,baseline_adaptive,1,7,20,5,0.8,730,730,0,0.0,1001.0,5802.411027321567,2550.4478717389525,-897.227827727839,7.948508256604887,3.4937642078615787,-1.2290792160655328,7455.631071332482,0,525
fleet_20_centre,baseline_adaptive,1,8,20,5,0.8,777,777,0,0.0,1000.0,5932.671329807244,2610.036159142711,-830.8886198792005,7.635355636817559,3.3591198959365647,-1.0693547231392542,7711.818869070529,0,548
fleet_20_centre,baseline_adaptive,1,9,20,5,0.8,794,794,0,0.0,1001.0,6266.84815666943,2668.111642846044,-977.9177149541465,7.892755864822959,3.360342119453456,-1.2316344017054741,7957.042084561081,0,555
fleet_20_centre,baseline_adaptive,1,10,20,5,0.8,842,842,0,0.0,1002.0,6479.428265637616,2787.0682323459946,-951.6099543186874,7.695282975816647,3.3100572830712527,-1.1301780930150682,8314.88654366469,0,572
fleet_20_centre,baseline_adaptive,1,11,20,5,0.8,796,796,0,0.0,1002.0,6211.354932525533,2776.289774943213,-909.2678784057326,7.803209714228056,3.4878012248030315,-1.142296329655443,8078.376829062758,0,572
fleet_20_centre,baseline_adaptive,1,12,20,5,0.8,746,746,0,0.0,1000.0,5918.217836733118,2575.9117141036872,-843.6944606048859,7.933267877658335,3.452964764214058,-1.1309577219904636,7650.435090231702,0,531
fleet_20_centre,baseline_adaptive,2,13,20,5,0.8,802,802,0,0.0,1000.0,6226.703995372492,2788.2760272641603,-935.3415259943337,7.763970069043007,3.4766534005787535,-1.1662612543570245,8079.638496642068,0,606
fleet_20_centre,baseline_adaptive,2,14,20,5,0.8,829,829,0,0.0,1001.0,6315.161132245644,2978.065014078971,-882.1930329129264,7.617805949632864,3.592358279950508,-1.0641652990505746,8411.033113411466,0,626
fleet_20_centre,baseline_adaptive,2,15,20,5,0.8,788,788,0,0.0,1002.0,6121.645574315919,2776.2352232066087,-878.666268715064,7.768585754208019,3.5231411462012803,-1.1150587166434822,8019.214528807218,0,598
fleet_20_centre,baseline_adaptive,2,16,20,5,0.8,776,776,0,0.0,1002.0,6047.839170831574,2615.1081021248733,-892.2507197247495,7.793607178906668,3.3699846676866922,-1.149807628511275,7770.696553231464,0,581
fleet_20_centre,baseline_adaptive,2,17,20,5,0.8,850,850,0,0.0,1002.0,6574.393916996941,2899.8162642258767,-958.8727601771832,7.7345810788199305,3.41154854614809,-1.1280856002084507,8515.33742104542,0,623
fleet_20_centre,baseline_adaptive,2,18,20,5,0.8,811,811,0,0.0,1001.0,6312.062155565352,2902.1640186249824,-865.1898403829383,7.7830606110546885,3.5785006394882646,-1.0668185454783456,8349.036333807153,0,609
fleet_20_centre,baseline_adaptive,3,19,20,5,0.8,768,768,0,0.0,1002.0,5689.925960100914,2382.271464309503,-970.4254664678685,7.408757760548066,3.1019159691529983,-1.2635748261300372,7101.771957942384,0,508
fleet_20_centre,baseline_adaptive,3,20,20,5,0.8,811,811,0,0.0,1000.0,6410.92856071681,2573.8215638507722,-958.0790047478878,7.904967399157596,3.173639412886279,-1.1813551229936965,8026.671119819445,0,560
fleet_20_centre,baseline_adaptive,3,21,20,5,0.8,820,820,0,0.0,1000.0,6385.824059868487,2566.4691233484004,-908.0272101769647,7.787590316912789,3.1298403943273176,-1.1073502563133715,8044.265973039663,0,563
fleet_20_centre,baseline_adaptive,3,22,20,5,0.8,778,778,0,0.0,997.0,6123.873636747632,2634.189706429447,-947.6070426026785,7.871302874996957,3.385847951708801,-1.218003910800358,7810.456300574162,0,550
fleet_20_centre,baseline_adaptive,3,23,20,5,0.8,788,788,0,0.0,1000.0,6084.3700460372465,2578.2710152632203,-960.3618807411566,7.721281784311227,3.2719175320599243,-1.2187333511943612,7702.279180559099,0,550
fleet_20_centre,baseline_adaptive,3,24,20,5,0.8,766,766,0,0.0,1001.0,5770.614148176844,2257.417620042066,-877.8236032476727,7.533438835740005,2.947020391699825,-1.1459838162502256,7150.208164971059,0,508
fleet_20_centre,baseline_adaptive,4,25,20,5,0.8,782,782,0,0.0,1001.0,6144.507403294851,2830.1224168802723,-801.0243470374896,7.857426346924362,3.6190823745272023,-1.0243278095108563,8173.605473137356,0,479
fleet_20_centre,baseline_adaptive,4,26,20,5,0.8,777,777,0,0.0,1000.0,6065.718202225808,2787.566736452137,-934.7954142230905,7.806587132851749,3.5876019774158774,-1.2030829011880186,7918.489524454617,0,478
fleet_20_centre,baseline_adaptive,4,27,20,5,0.8,789,789,0,0.0,1001.0,6299.923690553243,2937.029317973544,-946.4577501087257,7.984694157862159,3.722470618470905,-1.1995662232049755,8290.495258417808,0,491
fleet_20_centre,baseline_adaptive,4,28,20,5,0.8,744,744,0,0.0,1001.0,6135.393396768459,2716.484486596397,-1055.8062544128861,8.246496501032874,3.6511888260704257,-1.4190944279743094,7796.071628951738,0,468
fleet_20_centre,baseline_adaptive,4,29,20,5,0.8,865,865,0,0.0,1000.0,6913.080297815402,3279.6200556044264,-1072.223290635085,7.9920003442952625,3.7914682723750595,-1.239564497844029,9120.477062784636,0,543
fleet_20_centre,baseline_adaptive,4,30,20,5,0.8,791,791,0,0.0,1002.0,6430.698814744691,3028.6595973272842,-1107.26108211077,8.129834152648156,3.8288996173543417,-1.399824376878344,8352.097329960954,0,488
fleet_20_centre,baseline_full,0,1,20,5,0.8,785,785,0,0.0,1001.0,7903.305134282606,530.4250659261709,-289.61618229122394,10.06790462965937,0.6757007209250584,-0.36893781183595403,8144.114017917244,0,117
fleet_20_centre,baseline_full,0,2,20,5,0.8,809,809,0,0.0,1001.0,8180.51974373923,501.47543478027916,-440.9682251345009,10.111890906970618,0.61987074756524,-0.5450781522058108,8241.02695338471,0,120
fleet_20_centre,baseline_full,0,3,20,5,0.8,808,808,0,0.0,998.0,8252.947278017931,530.3487773610472,-303.42887683569415,10.214043660913282,0.6563722492092168,-0.3755307881629878,8479.867178543014,0,124
fleet_20_centre,baseline_full,0,4,20,5,0.8,822,822,0,0.0,1000.0,8367.199632126289,537.1661811700194,-469.14421592557494,10.179074978255825,0.6534868384063496,-0.5707350558705291,8435.22159737045,0,124
fleet_20_centre,baseline_full,0,5,20,5,0.8,760,760,0,0.0,1000.0,7467.2492224067055,464.711229815015,-355.63670160397004,9.82532792421935,0.6114621444934407,-0.4679430284262764,7576.3237506175,0,111
fleet_20_centre,baseline_full,0,6,20,5,0.8,861,861,0,0.0,1001.0,8515.065348716767,554.5624078135558,-446.9424583169818,9.889739080971856,0.6440910659855468,-0.5190969318431844,8622.685298213084,0,125
fleet_20_centre,baseline_full,1,7,20,5,0.8,730,730,0,0.0,1002.0,7293.810550590964,484.7222634122934,-273.7159294648998,9.991521302179404,0.6640031005647855,-0.3749533280341093,7504.8168845381,0,111
fleet_20_centre,baseline_full,1,8,20,5,0.8,777,777,0,0.0,1000.0,7507.9947771883335,488.88879493828296,-357.46956062624093,9.662798941040327,0.6292005082860784,-0.46006378458975666,7639.414011500106,0,112
fleet_20_centre,baseline_full,1,9,20,5,0.8,794,794,0,0.0,1002.0,7954.751814408863,503.8974188229779,-397.1374473990048,10.018579111346174,0.634631509852617,-0.5001731075554217,8061.511785832528,0,119
fleet_20_centre,baseline_full,1,10,20,5,0.8,842,842,0,0.0,1001.0,8352.773732900367,537.7614159587908,-669.7584589150731,9.920158827672644,0.6386715153904879,-0.795437599661607,8220.776689943768,0,120
fleet_20_centre,baseline_full,1,11,20,5,0.8,796,796,0,0.0,1001.0,7889.757967105772,512.3833569376213,-354.12805662177567,9.911756240082628,0.6436976845950017,-0.44488449324343676,8048.013267421297,0,119
fleet_20_centre,baseline_full,1,12,20,5,0.8,746,746,0,0.0,1001.0,7399.476033349129,467.6648608145102,-317.66140354348187,9.9188686774117,0.6268965962660994,-0.4258195757955521,7549.479490619898,0,110
fleet_20_centre,baseline_full,2,13,20,5,0.8,802,802,0,0.0,1001.0,7696.254549038596,503.5016867342835,-349.5063378937059,9.59632736787855,0.6278075894442438,-0.4357934387702069,7850.249897878875,0,116
fleet_20_centre,baseline_full,2,14,20,5,0.8,829,829,0,0.0,1001.0,8141.6649774363295,554.3354632748667,-400.0827060372969,9.82106752404865,0.6686796903195015,-0.48260881307273445,8295.917734673587,0,120
fleet_20_centre,baseline_full,2,15,20,5,0.8,788,788,0,0.0,1002.0,7695.10891415775,507.4304914010277,-304.44608406559126,9.76536664233217,0.6439473241129794,-0.386352898560395,7898.093321492891,0,115
fleet_20_centre,baseline_full,2,16,20,5,0.8,776,776,0,0.0,1003.0,7581.228904341195,473.3384701241975,-418.7918212127177,9.769624876728344,0.6099722553146875,-0.5396801819751517,7635.775553252404,0,112
fleet_20_centre,baseline_full,2,17,20,5,0.8,850,850,0,0.0,1002.0,8517.651661367576,578.0596887290147,-344.5911859664386,10.020766660432441,0.680070222034135,-0.40540139525463365,8751.120164129912,0,128
fleet_20_centre,baseline_full,2,18,20,5,0.8,811,811,0,0.0,1002.0,7984.519507988229,569.0170080982423,-304.2404522341578,9.845276828592144,0.7016239310705823,-0.3751423578719578,8249.296063851998,0,118
fleet_20_centre,baseline_full,3,19,20,5,0.8,768,768,0,0.0,1002.0,7708.35863067968,483.970189781875,-320.80721893187786,10.036925300364166,0.6301695179451497,-0.41771773298421594,7871.521601529386,0,115
fleet_20_centre,baseline_full,3,20,20,5,0.8,811,811,0,0.0,999.0,8034.414288045935,496.079977242963,-324.9375151454615,9.90679936873728,0.6116892444426177,-0.4006627806972398,8205.556750143109,0,120
fleet_20_centre,baseline_full,3,21,20,5,0.8,820,820,0,0.0,1001.0,8245.316068643815,486.41721192096725,-411.993006162572,10.055263498346116,0.5931917218548381,-0.5024304953202098,8319.740274401898,0,122
fleet_20_centre,baseline_full,3,22,20,5,0.8,778,778,0,0.0,997.0,7682.517046581708,502.639617151642,-390.12101052645386,9.87470057401248,0.6460663459532674,-0.501440887566136,7795.035653206612,0,115
fleet_20_centre,baseline_full,3,23,20,5,0.8,788,788,0,0.0,1000.0,7670.146109664055,501.7097984533209,-271.01462976968645,9.733687956426467,0.6366875614889859,-0.343927195139196,7900.8412783474,0,116
fleet_20_centre,baseline_full,3,24,20,5,0.8,766,766,0,0.0,1001.0,7789.367310805818,512.6906095936056,-292.941012571826,10.168886828728223,0.6693088898088846,-0.38242952032875455,8009.116907827307,0,116
fleet_20_centre,baseline_full,4,25,20,5,0.8,782,782,0,0.0,1001.0,7860.606359173445,610.8384040151354,-286.63056493837036,10.051926290503125,0.7811232787917333,-0.36653524928180353,8184.8141982498855,0,118
fleet_20_centre,baseline_full,4,26,20,5,0.8,777,777,0,0.0,1000.0,7405.165677514082,541.2011794344918,-319.531234925945,9.53045775741838,0.6965266144588054,-0.4112371105868018,7626.835622022352,0,111
fleet_20_centre,baseline_full,4,27,20,5,0.8,789,789,0,0.0,1002.0,7997.453486824736,630.2660387722369,-449.43228560029405,10.136189463656192,0.7988162722081583,-0.5696226686949227,8178.2872399963535,0,118
fleet_20_centre,baseline_full,4,28,20,5,0.8,744,744,0,0.0,1001.0,7638.363486751696,542.3827885997854,-452.77903936029986,10.26661758972002,0.7290091244620771,-0.6085739776348117,7727.967235990903,0,112
fleet_20_centre,baseline_full,4,29,20,5,0.8,865,865,0,0.0,1000.0,8468.258403410053,627.20000284787,-518.1946654824416,9.7898941079885,0.7250867084946474,-0.5990689774363487,8577.263740775219,0,124
fleet_20_centre,baseline_full,4,30,20,5,0.8,791,791,0,0.0,1002.0,8061.731902654722,676.8070390684181,-271.4586764155879,10.191822885783466,0.85563468908776,-0.34318416740276597,8467.08026530728,0,121
fleet_40,ours_partial,0,1,40,10,0.8,787,787,0,0.0,1001.0,7720.324019610174,2065.598416713924,-578.7938758403992,9.809814510305177,2.6246485599922798,-0.7354432983994907,9207.128560483634,0,1026
fleet_40,ours_partial,0,2,40,10,0.8,819,819,0,0.0,1001.0,8317.722077766815,2160.0847066096644,-631.6838070165039,10.155948812902095,2.6374660642364645,-0.771286699653851,9846.12297735997,0,1050
fleet_40,ours_partial,0,3,40,10,0.8,810,810,0,0.0,1000.0,8016.931097124751,2105.39768470946,-575.7795024672724,9.897445798919446,2.5992564008758765,-0.7108388919349042,9546.549279366904,0,1015
fleet_40,ours_partial,0,4,40,10,0.8,816,816,0,0.0,1002.0,7822.703036508606,2281.755815860424,-580.50886037427,9.586645878074272,2.796269382181892,-0.7114079171253308,9523.949991994712,0,1047
fleet_40,ours_partial,0,5,40,10,0.8,760,760,0,0.0,1001.0,7608.519810607624,2041.9512918387102,-575.5539266327178,10.011210277115294,2.68677801557725,-0.7573077982009444,9074.9171758135,0,1020
fleet_40,ours_partial,0,6,40,10,0.8,849,849,0,0.0,1000.0,8438.817326203913,2175.3918393253157,-641.9491513504084,9.939714165140062,2.5622989862488996,-0.7561238531806931,9972.260014178844,0,1068
fleet_40,ours_partial,1,7,40,10,0.8,735,735,0,0.0,1001.0,7049.380804962736,2469.172394843251,-621.121045323036,9.590994292466307,3.359418224276532,-0.8450626466980082,8897.432154482802,0,908
fleet_40,ours_partial,1,8,40,10,0.8,773,773,0,0.0,1001.0,7348.083932634739,2579.162593049659,-603.3753347928309,9.5059300551549,3.336562216105639,-0.7805631756698977,9323.871190891488,0,988
fleet_40,ours_partial,1,9,40,10,0.8,796,796,0,0.0,1001.0,7738.7701707195965,2714.1365894491723,-595.4560861218299,9.722073078793462,3.4097193334788596,-0.7480604097007914,9857.450674046919,0,1006
fleet_40,ours_partial,1,10,40,10,0.8,837,837,0,0.0,1002.0,8353.779399632425,2861.4763271061793,-586.2464088565065,9.980620549142683,3.418729184117299,-0.7004138696015609,10629.009317882199,0,1071
fleet_40,ours_partial,1,11,40,10,0.8,790,790,0,0.0,1002.0,7703.704026132253,2622.6443904475173,-575.5395736210667,9.751524083711713,3.3198030258829334,-0.7285311058494515,9750.808842958684,0,1000
fleet_40,ours_partial,1,12,40,10,0.8,745,745,0,0.0,1002.0,7382.4199535225725,2524.9792347288603,-517.8930255624342,9.909288528218218,3.3892338721192754,-0.6951584235737372,9389.506162688926,0,947
fleet_40,ours_partial,2,13,40,10,0.8,803,803,0,0.0,1002.0,8160.901750218456,2302.0946651856357,-652.5299817906754,10.163015878229709,2.8668675780643036,-0.8126151703495335,9810.46643361339,0,1069
fleet_40,ours_partial,2,14,40,10,0.8,829,829,0,0.0,1001.0,8800.699206294732,2403.6134037228894,-650.0099408458333,10.616042468389303,2.8994130322350897,-0.7840891928176518,10554.3026691719,0,1121
fleet_40,ours_partial,2,15,40,10,0.8,781,781,0,0.0,1001.0,7826.380831151592,2275.002441622414,-602.5586655613571,10.020974175610233,2.9129352645613498,-0.7715219789518016,9498.824607212588,0,1062
fleet_40,ours_partial,2,16,40,10,0.8,776,776,0,0.0,1002.0,7970.277645603656,2267.6127229738936,-641.2673172274478,10.270976347427393,2.9221813440385227,-0.8263754087982575,9596.623051350074,0,1055
fleet_40,ours_partial,2,17,40,10,0.8,839,839,0,0.0,998.0,8634.402122070102,2346.198562131961,-559.0604306056349,10.291301694958404,2.7964226008724204,-0.6663413952391357,10421.540253596519,0,1140
fleet_40,ours_partial,2,18,40,10,0.8,809,809,0,0.0,1000.0,8355.457620394931,2345.1208671068366,-581.7313188686056,10.328130556730446,2.898789699761232,-0.7190745597881405,10118.847168633194,0,1088
fleet_40,ours_partial,3,19,40,10,0.8,773,773,0,0.0,1002.0,7788.378884383096,2271.519997449489,-630.974468172419,10.075522489499477,2.938576969533621,-0.8162670998349535,9428.924413660123,0,975
fleet_40,ours_partial,3,20,40,10,0.8,803,803,0,0.0,1001.0,8030.025624352924,2160.3865455037217,-613.4527269975597,10.000031910775746,2.690394203616092,-0.7639510921513819,9576.959442859039,0,995
fleet_40,ours_partial,3,21,40,10,0.8,804,804,0,0.0,1002.0,7986.645074201689,2299.7295070090554,-628.9187221802698,9.93363815199215,2.860360083344596,-0.7822372166421266,9657.455859030446,0,985
fleet_40,ours_partial,3,22,40,10,0.8,778,778,0,0.0,1000.0,7835.348265000796,2060.5759054828545,-555.9679723523825,10.071141728792798,2.6485551484355456,-0.7146117896560187,9339.956198131216,0,945
fleet_40,ours_partial,3,23,40,10,0.8,786,786,0,0.0,1001.0,7708.608741315024,2104.435254228767,-551.3233645246027,9.807390256125986,2.677398542275785,-0.7014292169524207,9261.720631019103,0,971
fleet_40,ours_partial,3,24,40,10,0.8,762,762,0,0.0,1001.0,7515.94827929877,2097.664371956321,-556.9772839758555,9.863449185431456,2.752840383144778,-0.7309413175536161,9056.635367279123,0,950
fleet_40,ours_partial,4,25,40,10,0.8,798,798,0,0.0,1001.0,7690.072338532639,2533.4584852059834,-596.9763927040564,9.636682128487017,3.1747600065237886,-0.7480907176742561,9626.554431034523,0,951
fleet_40,ours_partial,4,26,40,10,0.8,778,778,0,0.0,1002.0,7103.916593430526,2444.3684881816425,-578.9200909049556,9.130998192070084,3.141861810002111,-0.7441132273842617,8969.364990707096,0,950
fleet_40,ours_partial,4,27,40,10,0.8,799,799,0,0.0,1001.0,7533.089996340511,2529.2368519631027,-637.8014761054737,9.42814768002567,3.1655029436334203,-0.7982496572033464,9424.525372198075,0,932
fleet_40,ours_partial,4,28,40,10,0.8,750,750,0,0.0,1002.0,7101.592979589684,2345.894770776565,-567.1316503585872,9.468790639452912,3.1278596943687536,-0.7561755338114496,8880.356100007519,0,890
fleet_40,ours_partial,4,29,40,10,0.8,838,838,0,0.0,1002.0,7804.279705912945,2494.211332335743,-616.6356804844312,9.31298294261688,2.9763858381094783,-0.7358421008167436,9681.855357764254,0,970
fleet_40,ours_partial,4,30,40,10,0.8,751,751,0,0.0,996.0,7187.365522035759,2307.8249127524964,-545.8156146928839,9.570393504708067,3.073002546940741,-0.7267851061156909,8949.374820095234,0,894
fleet_40,ours_full,0,1,40,10,0.8,787,787,0,0.0,1001.0,8160.1639182822155,471.0545193965558,-330.30994549682845,10.368696211286169,0.5985444973272628,-0.4197076816986384,8300.90849218166,0,138
fleet_40,ours_full,0,2,40,10,0.8,819,819,0,0.0,1000.0,8268.508164253079,455.5891296845357,-253.7115946419042,10.095858564411573,0.5562748836197017,-0.30978216683993187,8470.385699295435,0,141
fleet_40,ours_full,0,3,40,10,0.8,810,810,0,0.0,1000.0,8212.95570987476,470.4594541169215,-343.6416530497361,10.139451493672542,0.5808141408850883,-0.42424895438239024,8339.77351094164,0,138
fleet_40,ours_full,0,4,40,10,0.8,816,816,0,0.0,1002.0,8221.98326055935,455.12707552109896,-287.0857138738285,10.075959878136457,0.5577537690209546,-0.35182072778655454,8390.024622206336,0,140
fleet_40,ours_full,0,5,40,10,0.8,760,760,0,0.0,1001.0,7949.183540008637,429.32735722652956,-332.5888613707801,10.459452026327153,0.5649044174033284,-0.43761692285628956,8045.922035864077,0,134
fleet_40,ours_full,0,6,40,10,0.8,849,849,0,0.0,1000.0,8796.615763415528,473.5393580446481,-268.83458455983714,10.361149309087784,0.5577613168959342,-0.31664850949332995,9001.320536900172,0,150
fleet_40,ours_full,1,7,40,10,0.8,735,735,0,0.0,1001.0,7482.372212214083,509.86458723276473,-354.5947002345105,10.180098247910317,0.6936933159629453,-0.48244176902654495,7637.642099212059,0,130
fleet_40,ours_full,1,8,40,10,0.8,773,773,0,0.0,1000.0,7726.954835145214,542.3989634230659,-212.71954409477695,9.99606058880364,0.7016804183998265,-0.2751869910669818,8056.634254473179,0,132
fleet_40,ours_full,1,9,40,10,0.8,796,796,0,0.0,1001.0,7999.749293655561,557.2842147152734,-268.4369764195517,10.049936298562262,0.7001057973809967,-0.33723238243662274,8288.596531950981,0,138
fleet_40,ours_full,1,10,40,10,0.8,837,837,0,0.0,1002.0,8629.781395246786,660.5290004802637,-258.00644796852316,10.310372037331883,0.7891624856395026,-0.30825143126466326,9032.303947758355,0,149
fleet_40,ours_full,1,11,40,10,0.8,790,790,0,0.0,1002.0,8104.586753054698,596.1329867915006,-225.92360658912122,10.25897057348696,0.7545987174575957,-0.2859792488469889,8474.79613325681,0,140
fleet_40,ours_full,1,12,40,10,0.8,745,745,0,0.0,1002.0,7548.663689232737,541.2588996433948,-219.96081257274545,10.132434482191593,0.7265220129441541,-0.29524941284932277,7869.9617763030865,0,135
fleet_40,ours_full,2,13,40,10,0.8,803,803,0,0.0,1002.0,8050.261177871919,443.5716250033464,-344.0249297311144,10.025231852891556,0.552393057289348,-0.4284245700262944,8149.807873143828,0,135
fleet_40,ours_full,2,14,40,10,0.8,829,829,0,0.0,1000.0,8586.92938533997,462.0327214795178,-331.5100245449788,10.358177786899844,0.5573374203613002,-0.3998914650723508,8717.452082274292,0,146
fleet_40,ours_full,2,15,40,10,0.8,781,781,0,0.0,1001.0,7922.685183599873,459.3838433410525,-234.4577283577058,10.14428320563364,0.5881995433304129,-0.30020195692407914,8147.611298582909,0,133
fleet_40,ours_full,2,16,40,10,0.8,776,776,0,0.0,1003.0,7955.748933340712,502.140878508011,-213.4343479855279,10.252253780078236,0.6470887609639316,-0.2750442628679483,8244.455463862872,0,135
fleet_40,ours_full,2,17,40,10,0.8,839,839,0,0.0,1000.0,8872.284953477272,492.8637178445098,-322.9953592541784,10.574833079233937,0.5874418567872584,-0.3849765902910351,9042.15331206743,0,152
fleet_40,ours_full,2,18,40,10,0.8,809,809,0,0.0,1000.0,8453.714673322993,539.9582304303583,-195.78745051268345,10.449585504725578,0.6674390981833848,-0.24201168172148757,8797.885453240448,0,146
fleet_40,ours_full,3,19,40,10,0.8,773,773,0,0.0,1001.0,8229.42533409308,506.9819534583639,-190.21973900763902,10.646087107494283,0.6558628117184526,-0.24607986935011517,8546.187548543548,0,139
fleet_40,ours_full,3,20,40,10,0.8,803,803,0,0.0,1002.0,8405.212380073126,506.9426644314531,-171.74378566286805,10.467263237949098,0.6313109146095307,-0.21387769073831636,8740.411258841503,0,146
fleet_40,ours_full,3,21,40,10,0.8,804,804,0,0.0,1002.0,8287.781818992122,512.2075587729656,-282.7715921691854,10.308186342030002,0.6370740780758279,-0.3517059604094346,8517.21778559561,0,142
fleet_40,ours_full,3,22,40,10,0.8,778,778,0,0.0,1000.0,8191.76320273829,470.2186123421464,-325.6720075314455,10.529258615344846,0.6043941032675404,-0.41860155209697364,8336.309807548678,0,141
fleet_40,ours_full,3,23,40,10,0.8,786,786,0,0.0,1002.0,7941.167538794996,501.06127264701746,-256.430527333446,10.103266588797705,0.6374825351743225,-0.3262474902461145,8185.798284108236,0,136
fleet_40,ours_full,3,24,40,10,0.8,762,762,0,0.0,1002.0,7815.6597388201335,418.65879029439725,-245.99438538661065,10.256771310787578,0.5494209846383166,-0.3228272774102502,7988.324143727596,0,136
fleet_40,ours_full,4,25,40,10,0.8,798,798,0,0.0,1000.0,8091.603083241318,588.1048117368841,-238.5825476383513,10.139853487771076,0.7369734482918348,-0.2989756236069565,8441.125347339559,0,143
fleet_40,ours_full,4,26,40,10,0.8,778,778,0,0.0,1001.0,7738.452477558769,570.2882814994799,-254.0004503044874,9.94659701485703,0.7330183566831362,-0.3264787278977987,8054.740308753439,0,139
fleet_40,ours_full,4,27,40,10,0.8,799,799,0,0.0,1002.0,7939.933427783691,551.8851059469109,-192.22627663638718,9.937338457801866,0.6907197821613403,-0.2405835752645647,8299.592257093907,0,139
fleet_40,ours_full,4,28,40,10,0.8,750,750,0,0.0,1002.0,7618.022228334634,527.4903342716766,-209.54260392027945,10.157362971112844,0.7033204456955688,-0.2793901385603726,7935.9699586857205,0,137
fleet_40,ours_full,4,29,40,10,0.8,838,838,0,0.0,1001.0,8581.855361035086,590.1609989507425,-290.3848313869962,10.240877519134948,0.7042494020891915,-0.34652127850476877,8881.631528598631,0,149
fleet_40,ours_full,4,30,40,10,0.8,751,751,0,0.0,997.0,7691.674001265182,507.13139638770133,-168.54455323190544,10.241909455745914,0.6752748287452748,-0.2244268351956131,8030.260844420663,0,139
fleet_40,baseline_adaptive,0,1,40,10,0.8,787,787,0,0.0,1001.0,7163.295299799215,1777.4118525010194,-624.6367554421371,9.102027064547922,2.258464869759872,-0.7936934630776837,8316.070396857856,0,603
fleet_40,baseline_adaptive,0,2,40,10,0.8,819,819,0,0.0,1000.0,7264.412293328931,1785.9111437646407,-574.1824210029303,8.869856280010904,2.1805996871363136,-0.701077437122015,8476.141016090409,0,625
fleet_40,baseline_adaptive,0,3,40,10,0.8,810,810,0,0.0,1000.0,7237.592605254496,1816.9768047729353,-687.3134389343161,8.935299512659872,2.243181240460414,-0.848535109795452,8367.255971092876,0,599
fleet_40,baseline_adaptive,0,4,40,10,0.8,816,816,0,0.0,1002.0,7200.66384465955,1930.1184323395512,-605.571337330949,8.824342946886704,2.365341216102391,-0.7421217369251826,8525.210939667935,0,620
fleet_40,baseline_adaptive,0,5,40,10,0.8,760,760,0,0.0,1001.0,6656.947463962717,1804.075620591063,-566.4991671396505,8.759141399950943,2.3737837113040303,-0.7453936409732242,7894.523917413894,0,582
fleet_40,baseline_adaptive,0,6,40,10,0.8,849,849,0,0.0,1001.0,7821.712587103759,1859.8022268445613,-626.7744613452882,9.21285345948617,2.1905797724906493,-0.7382502489343794,9054.740352602905,0,652
fleet_40,baseline_adaptive,1,7,40,10,0.8,735,735,0,0.0,1001.0,6355.0513417156935,2081.9979282813783,-707.8978737665708,8.646328356075774,2.832650242559698,-0.9631263588660827,7729.15139623028,0,555
fleet_40,baseline_adaptive,1,8,40,10,0.8,773,773,0,0.0,1001.0,6497.18811916785,2067.56296553038,-695.4341769611996,8.405159274473286,2.6747256992631048,-0.8996561150856398,7869.316907736802,0,581
fleet_40,baseline_adaptive,1,9,40,10,0.8,796,796,0,0.0,1001.0,6735.2691915202995,2105.0392522975685,-659.6005900409375,8.461393456683794,2.644521673740664,-0.8286439573378612,8180.707853776677,0,592
fleet_40,baseline_adaptive,1,10,40,10,0.8,837,837,0,0.0,1001.0,7026.119449045669,2261.572687779255,-690.0565804074641,8.394407943901635,2.7019984322332795,-0.8244403589097541,8597.635556417275,0,617
fleet_40,baseline_adaptive,1,11,40,10,0.8,790,790,0,0.0,1002.0,6723.269569110411,2120.4612866487923,-693.4986316520134,8.51046780900052,2.6841282109478386,-0.8778463691797638,8150.232224106937,0,585
fleet_40,baseline_adaptive,1,12,40,10,0.8,745,745,0,0.0,1002.0,6391.174396321847,2110.624018907888,-588.8228143970368,8.5787575789555,2.833052374373004,-0.790366193821526,7912.975600832454,0,569
fleet_40,baseline_adaptive,2,13,40,10,0.8,803,803,0,0.0,1002.0,7419.149447992423,1896.7532266488056,-738.1935531890631,9.2392894744613,2.3620837193633943,-0.9192945867858818,8577.70912145196,0,605
fleet_40,baseline_adaptive,2,14,40,10,0.8,829,829,0,0.0,1001.0,7575.922350595391,1926.5866766220288,-635.0072133446852,9.138627684674779,2.32398875346445,-0.7659918134435285,8867.501813872583,0,623
fleet_40,baseline_adaptive,2,15,40,10,0.8,781,781,0,0.0,1001.0,7142.876058800721,1810.4529524255381,-653.5908777446931,9.145808013829347,2.318121578009652,-0.8368641200316173,8299.738133481316,0,579
fleet_40,baseline_adaptive,2,16,40,10,0.8,776,776,0,0.0,1002.0,7153.688208901229,1824.9768825999568,-633.5406643339902,9.218670372295398,2.351774333247367,-0.8164183818736988,8345.124427166946,0,584
fleet_40,baseline_adaptive,2,17,40,10,0.8,839,839,0,0.0,999.0,7503.509447459606,1921.3070189452853,-620.4243795244178,8.94339624250251,2.2899964468954535,-0.7394807860839305,8804.392086880309,0,618
fleet_40,baseline_adaptive,2,18,40,10,0.8,809,809,0,0.0,999.0,7242.5659855349295,1854.3404932319506,-570.0174515752019,8.952491947509184,2.2921390522026583,-0.7045951193760221,8526.889027191477,0,596
fleet_40,baseline_adaptive,3,19,40,10,0.8,773,773,0,0.0,1001.0,6878.7991111655565,1889.2793930954522,-594.8603275982076,8.89883455519477,2.4440871838233535,-0.769547642429764,8173.218176662527,0,594
fleet_40,baseline_adaptive,3,20,40,10,0.8,803,803,0,0.0,1002.0,7218.990324737331,1819.0043984098234,-576.9032121741451,8.990025311005393,2.265260770124313,-0.718434884401177,8461.091510972778,0,609
fleet_40,baseline_adaptive,3,21,40,10,0.8,804,804,0,0.0,1002.0,7018.578679736564,1879.2175776736049,-612.9671673427674,8.72957547230916,2.3373352956139364,-0.7623969743069247,8284.829090067149,0,613
fleet_40,baseline_adaptive,3,22,40,10,0.8,778,778,0,0.0,1000.0,7167.386420416605,1774.283051888461,-558.7915552237297,9.212578946550906,2.2805694754350396,-0.7182410735523518,8382.877917081109,0,613
fleet_40,baseline_adaptive,3,23,40,10,0.8,786,786,0,0.0,1002.0,7073.098646058692,1882.6831064254895,-552.6022096051398,8.998853239260422,2.3952711277677983,-0.7030562463169718,8403.179542878821,0,625
fleet_40,baseline_adaptive,3,24,40,10,0.8,762,762,0,0.0,1001.0,6886.994763446771,1745.7675846462905,-608.6545030747362,9.038050870665053,2.2910335756513,-0.798759190386793,8024.107845018087,0,581
fleet_40,baseline_adaptive,4,25,40,10,0.8,798,798,0,0.0,1000.0,6804.560369091459,2142.9081580368556,-679.9665730825325,8.527018006380274,2.685348568968491,-0.8520884374467825,8267.501954045534,0,625
fleet_40,baseline_adaptive,4,26,40,10,0.8,778,778,0,0.0,1001.0,6333.41406600037,1990.908099192462,-687.9098972031426,8.140635046272969,2.559007839579,-0.8842029527032681,7636.412267989481,0,593
fleet_40,baseline_adaptive,4,27,40,10,0.8,799,799,0,0.0,1001.0,6558.334654328585,2122.051272911197,-683.7079765342979,8.20817854108709,2.6558839460715857,-0.855704601419647,7996.677950705233,0,610
fleet_40,baseline_adaptive,4,28,40,10,0.8,750,750,0,0.0,1002.0,6267.088713220046,2065.1403423964075,-629.244170085142,8.356118284293395,2.7535204565285434,-0.8389922267801893,7702.9848855311,0,586
fleet_40,baseline_adaptive,4,29,40,10,0.8,838,838,0,0.0,1001.0,6920.451891479474,2042.1134189493532,-698.3049542071487,8.25829581322133,2.436889521419276,-0.8332994680276238,8264.260356221437,0,628
fleet_40,baseline_adaptive,4,30,40,10,0.8,751,751,0,0.0,996.0,6416.690152911617,2020.6052998858024,-558.9438477920633,8.544194611067399,2.6905529958532655,-0.7442661089108699,7878.351605005109,0,593
fleet_40,baseline_full,0,1,40,10,0.8,787,787,0,0.0,1001.0,7956.889456212449,320.94733129626223,-299.9436875794659,10.110405916407178,0.4078110944043993,-0.38112285588242173,7977.893099928938,0,119
fleet_40,baseline_full,0,2,40,10,0.8,819,819,0,0.0,1000.0,8197.347951604526,353.24472318744034,-238.2864831233939,10.008971857880985,0.431312238324103,-0.2909480868417508,8312.306191668253,0,122
fleet_40,baseline_full,0,3,40,10,0.8,810,810,0,0.0,1000.0,8177.476851717724,338.3523551688552,-288.62784660315117,10.095650434219412,0.41771895699858663,-0.3563306748187052,8227.201360283116,0,122
fleet_40,baseline_full,0,4,40,10,0.8,816,816,0,0.0,1002.0,8255.837447696102,373.125370709771,-372.5951722178612,10.117447852568752,0.45726148371295466,-0.4566117306591436,8256.36764618771,0,123
fleet_40,baseline_full,0,5,40,10,0.8,760,760,0,0.0,1001.0,7643.27995541374,334.11035209966036,-449.08147888943626,10.056947309754921,0.43961888434165836,-0.5908966827492582,7528.30882862371,0,112
fleet_40,baseline_full,0,6,40,10,0.8,849,849,0,0.0,1000.0,8605.066376681374,370.9809697731489,-326.6682658603708,10.13553165686852,0.436962272995464,-0.38476827545391146,8649.37908059391,0,125
fleet_40,baseline_full,1,7,40,10,0.8,735,735,0,0.0,1002.0,7376.734156447575,331.82812165376157,-422.5623868448712,10.036373001969489,0.4514668321819885,-0.5749148120338383,7285.999891256231,0,107
fleet_40,baseline_full,1,8,40,10,0.8,773,773,0,0.0,1000.0,7480.3964996259565,354.3452562399119,-414.4765717135965,9.677097670926205,0.45840266007750574,-0.5361922014406164,7420.265184152015,0,110
fleet_40,baseline_full,1,9,40,10,0.8,796,796,0,0.0,1001.0,7987.353854324313,413.16942232777666,-225.6850750406678,10.034364138598383,0.5190570632258501,-0.2835239636189294,8174.838201611095,0,119
fleet_40,baseline_full,1,10,40,10,0.8,837,837,0,0.0,1002.0,8537.874230844136,406.59341199097076,-315.71347757259673,10.200566584043173,0.48577468577176913,-0.37719650844993635,8628.754165262264,0,126
fleet_40,baseline_full,1,11,40,10,0.8,790,790,0,0.0,1002.0,7901.553481514226,401.02482309679385,-378.90025289581797,10.00196643229649,0.507626358350372,-0.4796205732858455,7923.67805171491,0,116
fleet_40,baseline_full,1,12,40,10,0.8,745,745,0,0.0,1002.0,7525.979432449294,397.8955522265993,-306.5313883944868,10.10198581536818,0.5340879895659051,-0.411451528046291,7617.34359628114,0,111
fleet_40,baseline_full,2,13,40,10,0.8,803,803,0,0.0,1002.0,8220.35751064453,381.3665150572811,-390.9200517767655,10.237057921101531,0.47492716694555553,-0.4868244729474041,8210.803973924712,0,122
fleet_40,baseline_full,2,14,40,10,0.8,829,829,0,0.0,1001.0,8458.510786580098,391.74708613336725,-237.92034425460673,10.203269947623761,0.47255378303180606,-0.2869967964470527,8612.337528458627,0,126
fleet_40,baseline_full,2,15,40,10,0.8,781,781,0,0.0,1001.0,7943.882963569874,329.57418731445233,-321.5500506740381,10.171425049385242,0.42198999656139863,-0.4117158139232242,7951.907100209989,0,117
fleet_40,baseline_full,2,16,40,10,0.8,776,776,0,0.0,1003.0,7754.218474514801,325.9112678753098,-346.78535331815834,9.99254958056031,0.4199887472619972,-0.4468883419048432,7733.3443890716635,0,116
fleet_40,baseline_full,2,17,40,10,0.8,839,839,0,0.0,998.0,8646.838122829955,401.5890069644855,-404.4961605052311,10.306124103492198,0.4786519749278731,-0.48211699702649713,8643.930969288966,0,127
fleet_40,baseline_full,2,18,40,10,0.8,809,809,0,0.0,1001.0,8144.0452477283825,367.9423527087965,-325.85750472263015,10.066805003372536,0.45481131360790666,-0.40279048791425237,8186.130095714228,0,122
fleet_40,baseline_full,3,19,40,10,0.8,773,773,0,0.0,1001.0,7885.650459834116,364.86178775151956,-300.78519313497765,10.201358938983333,0.47200748738877046,-0.38911409202455066,7949.727054450351,0,116
fleet_40,baseline_full,3,20,40,10,0.8,803,803,0,0.0,1002.0,8060.90733166102,343.8623493225338,-352.38908856092905,10.038489827722316,0.42822210376405206,-0.43884070804598885,8052.380592422314,0,118
fleet_40,baseline_full,3,21,40,10,0.8,804,804,0,0.0,1003.0,8079.977286126196,336.3245024821497,-278.9685851262991,10.049722992694274,0.418314057813619,-0.34697585214713816,8137.333203481722,0,119
fleet_40,baseline_full,3,22,40,10,0.8,778,778,0,0.0,1000.0,7653.2013419726445,335.66801761354816,-305.28467403218264,9.837019719759184,0.4314498941048177,-0.39239675325473344,7683.584685553732,0,114
fleet_40,baseline_full,3,23,40,10,0.8,786,786,0,0.0,1001.0,7962.665651355058,351.8303862518723,-335.57786990293704,10.130617877042058,0.44762135655454494,-0.4269438548383423,7978.918167703685,0,118
fleet_40,baseline_full,3,24,40,10,0.8,762,762,0,0.0,1002.0,7794.086477368161,313.4576461051498,-367.1538758037663,10.228459944052704,0.4113617402954722,-0.481829233338276,7740.390247669254,0,117
fleet_40,baseline_full,4,25,40,10,0.8,798,798,0,0.0,1000.0,7967.840980714599,366.709067014485,-295.9217337434457,9.984763133727567,0.45953517169734964,-0.37082924028000713,8038.628313985333,0,118
fleet_40,baseline_full,4,26,40,10,0.8,778,778,0,0.0,1001.0,7743.402597440446,355.5968148994118,-398.4763156630577,9.952959636812912,0.457065314780735,-0.5121803543226963,7700.523096676519,0,115
fleet_40,baseline_full,4,27,40,10,0.8,799,799,0,0.0,1002.0,8079.710716826714,391.27439177097807,-326.15751132409696,10.112278744463973,0.4897051211151165,-0.408207148090234,8144.827597273269,0,119
fleet_40,baseline_full,4,28,40,10,0.8,750,750,0,0.0,1002.0,7604.421157991983,352.6779606956977,-322.024855348168,10.139228210655977,0.470237280927597,-0.4293664737975573,7635.074263339237,0,114
fleet_40,baseline_full,4,29,40,10,0.8,838,838,0,0.0,1001.0,8214.973412802463,371.41267592328325,-327.6897643647367,9.803070898332294,0.44321321709222344,-0.39103790496985286,8258.696324360708,0,122
fleet_40,baseline_full,4,30,40,10,0.8,751,751,0,0.0,997.0,7606.612676329911,356.65797788770925,-203.51208902414197,10.128645374607071,0.4749107561753785,-0.27098813451949666,7759.758565193189,0,112
density_scarce,ours_partial,0,1,20,2,0.8,785,785,0,0.36050955414012736,1128.0,8613.828605058256,4811.571827405935,-1178.474478160096,10.973030070137906,6.129390862937497,-1.5012413734523515,12246.925954304521,0,906
density_scarce,ours_partial,0,2,20,2,0.8,809,805,4,0.48825710754017304,1131.0,8893.26767975378,4693.447774267333,-1175.102134295222,11.047537490377367,5.830369905922153,-1.4597542040934435,12411.613319726323,0,913
density_scarce,ours_partial,0,3,20,2,0.8,808,773,35,0.4715346534653465,1123.0,8769.801679188056,4696.7527226169195,-1120.4200861598615,11.345150943322194,6.076006109465614,-1.449443837205513,12346.134315645562,0,894
density_scarce,ours_partial,0,4,20,2,0.8,822,773,49,0.5072992700729927,1131.0,8721.465906111986,4865.059946720074,-1138.5036946676462,11.282620835849917,6.293738611539552,-1.472837897370823,12448.022158164837,0,879
density_scarce,ours_partial,0,5,20,2,0.8,760,760,0,0.3618421052631579,1096.0,8404.045490073922,4898.264133280151,-1176.7943959502384,11.05795459220253,6.445084385894936,-1.5484136788818925,12125.515227404216,0,935
density_scarce,ours_partial,0,6,20,2,0.8,861,824,37,0.5168408826945412,1135.0,9130.372699037493,4704.237012424519,-1174.1953524750118,11.080549392035792,5.709025500515193,-1.4249943597997716,12660.414358987477,0,905
density_scarce,ours_partial,1,7,20,2,0.8,730,730,0,0.31917808219178084,1090.0,8118.55859685498,4763.124512948944,-1076.3090415986283,11.121313146376686,6.524828099930061,-1.4743959473953812,11805.374068205638,0,802
density_scarce,ours_partial,1,8,20,2,0.8,777,777,0,0.20334620334620335,1091.0,8249.688649055155,4866.510694820573,-1126.381015059636,10.617359908693894,6.263205527439605,-1.4496538160355674,11989.818328816462,0,795
density_scarce,ours_partial,1,9,20,2,0.8,794,781,13,0.48866498740554154,1133.0,8674.210823455864,5021.161486917201,-1171.6969123305373,11.106543948086893,6.429144029343407,-1.5002521284641963,12523.675398042978,0,736
density_scarce,ours_partial,1,10,20,2,0.8,842,791,51,0.43705463182897863,1135.0,8956.462179600883,5076.043884439309,-1143.0566899339149,11.32296103615788,6.417248905738697,-1.4450779898026738,12889.449374106789,0,751
density_scarce,ours_partial,1,11,20,2,0.8,796,796,0,0.4824120603015075,1134.0,8944.304830489116,4906.391433503515,-1163.5857385451363,11.236563857398387,6.16380833354713,-1.461791128825548,12687.110525447968,0,773
density_scarce,ours_partial,1,12,20,2,0.8,746,746,0,0.2801608579088472,1066.0,8185.086090059496,4888.432408204087,-1164.8948232974587,10.971965268176268,6.55285845603765,-1.5615212108545022,11908.623674966457,0,748
density_scarce,ours_partial,2,13,20,2,0.8,802,802,0,0.04488778054862843,1045.0,7843.432211709467,4624.931398048248,-1088.3046645583395,9.779840662979385,5.766747379112529,-1.3569883597984282,11380.05894519964,0,711
density_scarce,ours_partial,2,14,20,2,0.8,829,829,0,0.0012062726176115801,1054.0,8055.254022181836,4905.836755420174,-1085.5594020127521,9.716832354863493,5.917776544535795,-1.3094805814387842,11875.531375589606,0,742
density_scarce,ours_partial,2,15,20,2,0.8,788,788,0,0.0,1013.0,7623.958820151859,4564.446353424815,-1273.4415706978334,9.675074644862764,5.792444610945197,-1.616042602408418,10914.963602879023,0,757
density_scarce,ours_partial,2,16,20,2,0.8,776,776,0,0.0,1002.0,7361.799154299841,4559.000206210708,-1087.8685256010194,9.4868545802833,5.875000265735448,-1.401892429898221,10832.930834909674,0,771
density_scarce,ours_partial,2,17,20,2,0.8,850,850,0,0.42705882352941177,1127.0,8701.845059070178,4960.2775515914445,-1177.4987009948854,10.23746477537668,5.835620648931111,-1.3852925894057475,12484.623909667169,0,744
density_scarce,ours_partial,2,18,20,2,0.8,811,811,0,0.20838471023427868,1080.0,8376.9895832848,4788.387331241622,-1098.973794517948,10.329210336972626,5.9043000385223445,-1.3550848267792206,12066.40312000885,0,757
density_scarce,ours_partial,3,19,20,2,0.8,768,768,0,0.03515625,1022.0,7344.571500521812,5175.9906671868075,-1285.5943923954837,9.563244141304443,6.739571181232822,-1.6739510317649529,11234.96777531337,0,970
density_scarce,ours_partial,3,20,20,2,0.8,811,811,0,0.436498150431566,1094.0,7898.844959018764,5279.075786984769,-1203.2440065666317,9.739636201009573,6.509341290979987,-1.4836547553226038,11974.67673943726,0,943
density_scarce,ours_partial,3,21,20,2,0.8,820,820,0,0.28780487804878047,1051.0,7712.920725821581,5091.2512700406,-1171.321432305471,9.40600088514827,6.208843012244634,-1.428440771104233,11632.850563556989,0,965
density_scarce,ours_partial,3,22,20,2,0.8,778,778,0,0.006426735218508998,1007.0,7298.230938197846,5094.021454141148,-1200.7026976375212,9.380759560665611,6.547585416633866,-1.5433196627731633,11191.5496947017,0,996
density_scarce,ours_partial,3,23,20,2,0.8,788,788,0,0.33121827411167515,1060.0,7627.71243771758,5157.567839141665,-1198.9770252989815,9.679838118930938,6.545136851702621,-1.5215444483489613,11586.303251560552,0,962
density_scarce,ours_partial,3,24,20,2,0.8,766,766,0,0.04046997389033943,1047.0,7255.337162545228,4823.769175898844,-931.775325092179,9.471719533348862,6.297348793601624,-1.2164168734884844,11147.331013352117,0,910
density_scarce,ours_partial,4,25,20,2,0.8,782,782,0,0.36445012787723785,1117.0,7956.677066612041,5152.562944108706,-1110.8541671946828,10.174778857560154,6.588955171494509,-1.420529625568648,11998.385843526448,0,927
density_scarce,ours_partial,4,26,20,2,0.8,777,777,0,0.30115830115830117,1061.0,7590.071782997237,5246.424838089209,-1196.9944337937532,9.768432153149597,6.7521555187763305,-1.540533376825937,11639.502187292977,0,837
density_scarce,ours_partial,4,27,20,2,0.8,789,789,0,0.41191381495564006,1091.0,8072.2296155773765,5231.845876140889,-1202.915088520987,10.230962757385775,6.6309833664650055,-1.5246072097857883,12101.160403197668,0,879
density_scarce,ours_partial,4,28,20,2,0.8,744,744,0,0.11021505376344086,1057.0,7408.216780075318,5110.260378979573,-1182.110417747271,9.957280618380803,6.868629541639211,-1.5888580883699879,11336.366741307871,0,863
density_scarce,ours_partial,4,29,20,2,0.8,865,849,16,0.5121387283236994,1135.0,8507.440622798127,5330.012692775582,-1183.2668210998131,10.020542547465404,6.277989037427069,-1.3937182816252216,12654.186494474388,0,874
density_scarce,ours_partial,4,30,20,2,0.8,791,791,0,0.24905183312262957,1086.0,7985.936352036303,5401.471332314385,-1125.9614625732333,10.096000445052216,6.828661608488477,-1.423465818676654,12261.446221777855,0,880
density_scarce,ours_full,0,1,20,2,0.8,785,783,2,0.2789808917197452,1135.0,8452.450488926086,1507.5433494383162,-1133.5464152110178,10.794955924554388,1.925342719589165,-1.4476965711507253,8826.447423153166,0,146
density_scarce,ours_full,0,2,20,2,0.8,809,781,28,0.4437577255871446,1133.0,8585.679623697986,1432.8437820364172,-1155.742675367818,10.993187738409713,1.8346271216855534,-1.4798241682046325,8862.780730366401,0,146
density_scarce,ours_full,0,3,20,2,0.8,808,751,57,0.42945544554455445,1135.0,8531.480225252099,1387.925882930775,-1172.634053590391,11.360160086886948,1.848103705633522,-1.5614301645677642,8746.77205459226,0,145
density_scarce,ours_full,0,4,20,2,0.8,822,755,67,0.5170316301703163,1134.0,8472.17372412047,1542.4212944478454,-1160.9991690125814,11.221422151152941,2.042942111851451,-1.5377472437252735,8853.595849555526,0,145
density_scarce,ours_full,0,5,20,2,0.8,760,760,0,0.5131578947368421,1111.0,8360.436335913018,1514.9063719040894,-1158.7120820758082,11.00057412620134,1.9932978577685387,-1.5246211606260633,8716.63062574107,0,141
density_scarce,ours_full,0,6,20,2,0.8,861,775,86,0.4448315911730546,1135.0,8608.451468568966,1459.6954644197972,-1159.3162044127444,11.107679314282537,1.88347801860619,-1.4958918766616056,8908.83072857582,0,146
density_scarce,ours_full,1,7,20,2,0.8,730,730,0,0.30273972602739724,1083.0,7849.1947599705145,1572.559331828244,-1092.1532843779432,10.752321589000704,2.1541908655181423,-1.4961003895588263,8329.600807420502,0,135
density_scarce,ours_full,1,8,20,2,0.8,777,777,0,0.14285714285714285,1074.0,8010.883522519436,1432.5379289916793,-1061.1024292868544,10.310017403499918,1.8436781582904496,-1.3656401921323738,8382.319022223974,0,135
density_scarce,ours_full,1,9,20,2,0.8,794,791,3,0.4156171284634761,1135.0,8422.750967982085,1595.3488897513648,-1155.1943415358649,10.64823131224031,2.016875966815885,-1.4604226820933817,8862.9055161974,0,144
density_scarce,ours_full,1,10,20,2,0.8,842,781,61,0.4821852731591449,1135.0,8468.800823808286,1594.646624487347,-1110.6533284705513,10.84353498567002,2.0418010556816224,-1.4220913296677993,8952.794119824897,0,144
density_scarce,ours_full,1,11,20,2,0.8,796,783,13,0.5276381909547738,1132.0,8558.692419809107,1650.1376152875316,-1148.9330432997701,10.930641660037175,2.1074554473659406,-1.4673474371644575,9059.89699179669,0,143
density_scarce,ours_full,1,12,20,2,0.8,746,746,0,0.37131367292225204,1095.0,8120.742287594349,1624.2889589283209,-1152.3851936368828,10.885713522244437,2.1773310441398404,-1.5447522702907277,8592.646052885548,0,140
density_scarce,ours_full,2,13,20,2,0.8,802,802,0,0.3690773067331671,1117.0,8332.163654692164,1393.856299079181,-1114.5950937255511,10.389231489641102,1.7379754352608243,-1.3897694435480688,8611.424860045538,0,143
density_scarce,ours_full,2,14,20,2,0.8,829,795,34,0.41737032569360677,1127.0,8550.736940065077,1472.6440813622423,-1113.1586776288143,10.755643949767393,1.8523824922795502,-1.4001995945016532,8910.222343798325,0,146
density_scarce,ours_full,2,15,20,2,0.8,788,788,0,0.25888324873096447,1089.0,8094.729898409057,1463.8823255199318,-1113.6164707569199,10.272499871077484,1.8577186872080353,-1.4132188715189338,8444.995753171796,0,139
density_scarce,ours_full,2,16,20,2,0.8,776,776,0,0.47809278350515466,1090.0,8113.545249883069,1433.9207434247583,-1102.9047798045851,10.455599548818387,1.8478360095679875,-1.4212690461399293,8444.561213502957,0,137
density_scarce,ours_full,2,17,20,2,0.8,850,795,55,0.47411764705882353,1135.0,8399.461677656413,1559.8712501366888,-1151.9332784675587,10.565360600825676,1.9621022014297973,-1.4489726773176839,8807.39964932531,0,144
density_scarce,ours_full,2,18,20,2,0.8,811,783,28,0.5326757090012331,1133.0,8457.661843425625,1458.2502967981948,-1119.2355327159164,10.801611549713442,1.8623886293718963,-1.4294195820126647,8796.676607507687,0,144
density_scarce,ours_full,3,19,20,2,0.8,768,768,0,0.15755208333333334,1098.0,8275.666808819533,1349.9778761780246,-1126.1735996367795,10.775607823983767,1.7577836929401363,-1.4663718745270566,8499.471085360501,0,142
density_scarce,ours_full,3,20,20,2,0.8,811,787,24,0.4932182490752158,1135.0,8489.220065206213,1509.0166240372123,-1139.242445225306,10.786810756297601,1.9174290013179318,-1.4475761692824727,8858.994244017913,0,146
density_scarce,ours_full,3,21,20,2,0.8,820,820,0,0.33658536585365856,1108.0,8299.396432454761,1385.4468303079623,-1123.7718791129362,10.121215161530197,1.6895693052536125,-1.370453511113337,8561.071383649516,0,145
density_scarce,ours_full,3,22,20,2,0.8,778,778,0,0.2814910025706941,1067.0,7983.980560199583,1353.661476685843,-1091.4985222857702,10.262185810025171,1.7399247772311606,-1.4029543988248974,8246.143514599346,0,140
density_scarce,ours_full,3,23,20,2,0.8,788,788,0,0.282994923857868,1086.0,8214.206689089262,1297.528971154921,-1145.3151251754289,10.424120163818861,1.6466103694859404,-1.4534455903241483,8366.420535068457,0,140
density_scarce,ours_full,3,24,20,2,0.8,766,766,0,0.21671018276762402,1052.0,7865.4790844353565,1307.549691784264,-1030.9258025215358,10.26824945748741,1.706983931833243,-1.3458561390620571,8142.10297369776,0,136
density_scarce,ours_full,4,25,20,2,0.8,782,774,8,0.39514066496163686,1134.0,8439.20261100384,1487.9850292951971,-1150.6623812229495,10.90336254651659,1.9224612781591695,-1.4866439033888237,8776.525259075852,0,145
density_scarce,ours_full,4,26,20,2,0.8,777,777,0,0.32175032175032175,1088.0,8137.780727691279,1466.7648691106472,-1119.0341728584403,10.473334269872947,1.8877282742736772,-1.4401984206672334,8485.51142394321,0,138
density_scarce,ours_full,4,27,20,2,0.8,789,782,7,0.5272496831432193,1135.0,8453.845027335654,1512.8451165871659,-1188.112345246165,10.810543513216949,1.9345845480654296,-1.5193252496754028,8778.577798676453,0,146
density_scarce,ours_full,4,28,20,2,0.8,744,744,0,0.038978494623655914,1058.0,7706.711159542441,1595.6912359321464,-1018.1694651258605,10.358482741320486,2.1447462848550356,-1.368507345599275,8284.232930348433,0,134
density_scarce,ours_full,4,29,20,2,0.8,865,818,47,0.48554913294797686,1134.0,8560.727293413887,1550.2478205792215,-1159.030154872662,10.465436789014532,1.8951684848156742,-1.4169072797954303,8951.94495912027,0,146
density_scarce,ours_full,4,30,20,2,0.8,791,779,12,0.37168141592920356,1134.0,8470.215814287696,1559.018878298998,-1122.779087524154,10.87319103246174,2.0013079310641824,-1.4413081996458972,8906.455605062358,0,145
density_scarce,baseline_adaptive,0,1,20,2,0.8,785,693,92,0.0012738853503184713,997.0,5174.231995602187,2628.855702260079,-1075.6077856299382,7.4664242360781925,3.793442571803866,-1.5521035867675876,6727.479912232189,0,400
density_scarce,baseline_adaptive,0,2,20,2,0.8,809,776,33,0.07787391841779975,1135.0,5628.753415757896,2787.0350080661315,-1042.22532766641,7.253548216182855,3.5915399588481076,-1.343073875858776,7373.563096157409,0,420
density_scarce,baseline_adaptive,0,3,20,2,0.8,808,765,43,0.04826732673267327,1135.0,5616.505842220629,2712.9645834276657,-1084.0933984808928,7.3418377022491885,3.546358932585184,-1.4171155535697946,7245.377027167205,0,418
density_scarce,baseline_adaptive,0,4,20,2,0.8,822,792,30,0.07420924574209246,1135.0,5990.556063803838,3066.383789507711,-1105.391658515464,7.563833413893734,3.8716967039238774,-1.3956965385296263,7951.548194795846,0,454
density_scarce,baseline_adaptive,0,5,20,2,0.8,760,669,91,0.010526315789473684,1000.0,5001.00020575245,2690.5722710365303,-1087.9604268963226,7.475336630422197,4.021782168963424,-1.6262487696507064,6603.6120498925175,0,397
density_scarce,baseline_adaptive,0,6,20,2,0.8,861,835,26,0.09872241579558652,1135.0,6236.714820249427,2874.077668666571,-1057.5931305900751,7.469119545208895,3.4420091840318214,-1.266578599509072,8053.199358325652,0,446
density_scarce,baseline_adaptive,1,7,20,2,0.8,730,649,81,0.00410958904109589,996.0,4323.657973102387,2518.8532304106134,-1076.5539321407557,6.662030775196281,3.881129784916199,-1.6587888014495464,5765.9572713721855,0,349
density_scarce,baseline_adaptive,1,8,20,2,0.8,777,777,0,0.1093951093951094,1130.0,5303.270333717687,2928.916914862577,-1004.5838573812562,6.825315744810408,3.7695198389479754,-1.2929007173503941,7227.603391198813,0,415
density_scarce,baseline_adaptive,1,9,20,2,0.8,794,779,15,0.07934508816120907,1135.0,5306.6626698398995,3086.5802749986246,-993.867992807421,6.812147201334916,3.962233985877567,-1.2758254079684481,7399.374952030882,0,420
density_scarce,baseline_adaptive,1,10,20,2,0.8,842,772,70,0.13657957244655583,1135.0,5465.505643396948,3022.336061753254,-958.5734567424743,7.079670522534906,3.9149430851726086,-1.2416754621016506,7529.268248407499,0,404
density_scarce,baseline_adaptive,1,11,20,2,0.8,796,783,13,0.052763819095477386,1135.0,5489.325421458309,3060.346366492512,-1049.815822342412,7.010632722168977,3.908488335239479,-1.3407609480746003,7499.855965608197,0,428
density_scarce,baseline_adaptive,1,12,20,2,0.8,746,698,48,0.032171581769437,1044.0,4852.124755386139,2671.75904524306,-1086.621702391412,6.951468130925702,3.827735021838195,-1.5567646166066076,6437.262098237665,0,381
density_scarce,baseline_adaptive,2,13,20,2,0.8,802,796,6,0.026184538653366583,1092.0,5631.141861245001,2917.5428943237234,-1064.4951115049141,7.074298820659549,3.665254892366487,-1.33730541646346,7484.189644063589,0,500
density_scarce,baseline_adaptive,2,14,20,2,0.8,829,821,8,0.05186972255729795,1135.0,5901.398527729428,3027.814367978117,-1001.6968703148627,7.188061544128414,3.687959035296123,-1.2200936301033651,7927.51602539243,0,520
density_scarce,baseline_adaptive,2,15,20,2,0.8,788,786,2,0.012690355329949238,1088.0,5689.104187136741,2863.69152595125,-1095.03774151885,7.238046039614174,3.643373442686068,-1.3931777881919212,7457.757971568927,0,497
density_scarce,baseline_adaptive,2,16,20,2,0.8,776,776,0,0.0,1001.0,5289.364833289282,2740.7761440235536,-1080.4771365595188,6.816191795475879,3.5319280206489094,-1.3923674440199985,6949.663840753156,0,478
density_scarce,baseline_adaptive,2,17,20,2,0.8,850,809,41,0.001176470588235294,999.0,5851.982478362708,3161.500491061249,-1078.947288362394,7.233600096863669,3.9079116082339294,-1.3336802081117354,7934.535681061315,0,536
density_scarce,baseline_adaptive,2,18,20,2,0.8,811,811,0,0.04932182490752158,1113.0,5830.475468377991,3046.612816865301,-953.5296250599607,7.189242254473479,3.7566125978610367,-1.175745530283552,7923.558660183088,0,501
density_scarce,baseline_adaptive,3,19,20,2,0.8,768,755,13,0.078125,1134.0,5281.357323066569,2657.7851549861994,-1028.2070051700398,6.995175262339826,3.520245238392317,-1.3618635830066752,6910.93547288255,0,461
density_scarce,baseline_adaptive,3,20,20,2,0.8,811,760,51,0.06165228113440197,1135.0,5273.743561817753,2721.4526556885976,-1061.0287761339275,6.939136265549675,3.580858757484997,-1.3960904949130626,6934.167441372252,0,472
density_scarce,baseline_adaptive,3,21,20,2,0.8,820,745,75,0.024390243902439025,1131.0,4995.8725999125,2581.8188939430856,-1084.7832923164615,6.705869261627517,3.4655287167021283,-1.4560849561294784,6492.9082015389895,0,457
density_scarce,baseline_adaptive,3,22,20,2,0.8,778,722,56,0.03470437017994859,1133.0,5021.000247927175,2619.4063540320158,-1092.3732994080847,6.954293972198304,3.62798663993354,-1.512982409152472,6548.033302550967,0,460
density_scarce,baseline_adaptive,3,23,20,2,0.8,788,736,52,0.030456852791878174,1134.0,5109.259511415193,2602.2718242509914,-1080.044947976788,6.941928683988033,3.535695413384499,-1.467452374968462,6631.4863876892605,0,472
density_scarce,baseline_adaptive,3,24,20,2,0.8,766,691,75,0.03524804177545692,1135.0,4717.545451111032,2368.9823518806575,-1083.2620505748475,6.827128004502217,3.4283391488866246,-1.5676730109621528,6003.26575241675,0,427
density_scarce,baseline_adaptive,4,25,20,2,0.8,782,705,77,0.00639386189258312,1001.0,5340.303605151029,2915.0776031803075,-1077.5814521645204,7.57489873071068,4.134861848482705,-1.5284843293113766,7177.799756166639,0,477
density_scarce,baseline_adaptive,4,26,20,2,0.8,777,711,66,0.028314028314028315,1133.0,5359.604693611829,2969.304030490426,-1084.53895493093,7.538121931943501,4.176236329803694,-1.5253712446285936,7244.369769171137,0,472
density_scarce,baseline_adaptive,4,27,20,2,0.8,789,719,70,0.049429657794676805,1132.0,5722.543269793061,3030.5023676664846,-1020.5108938909948,7.959030973286594,4.214885073249631,-1.4193475575674475,7732.534743568314,0,491
density_scarce,baseline_adaptive,4,28,20,2,0.8,744,700,44,0.06182795698924731,1134.0,5502.621022970407,2849.655803115464,-992.9564446024333,7.860887175672009,4.07093686159352,-1.4185092065749048,7359.320381483231,0,458
density_scarce,baseline_adaptive,4,29,20,2,0.8,865,803,62,0.06358381502890173,1123.0,6256.616458147697,3219.5688094845414,-1021.4974607139933,7.791552251740594,4.0094256656096405,-1.2721014454719717,8454.687806918017,0,531
density_scarce,baseline_adaptive,4,30,20,2,0.8,791,740,51,0.05815423514538559,1135.0,5748.603229499757,3031.032807998443,-1005.8584159976349,7.768382742567239,4.095990281078977,-1.3592681297265337,7773.777621500319,0,483
density_scarce,baseline_full,0,1,20,2,0.8,785,785,0,0.0,1002.0,7842.076465596906,694.6975384664056,-1124.1248859313134,9.989906325601154,0.8849650171546568,-1.432006224116323,7412.649118131756,0,106
density_scarce,baseline_full,0,2,20,2,0.8,809,809,0,0.0,1040.0,8181.616084853041,728.187425010535,-1183.7322427552115,10.113246087581015,0.9001080655260012,-1.4632042555688647,7726.071267108085,0,112
density_scarce,baseline_full,0,3,20,2,0.8,808,808,0,0.2042079207920792,1116.0,7998.09318941039,707.9348731581449,-1242.1384890612837,9.898630184913848,0.8761570212353279,-1.537300110224361,7463.88957350699,0,108
density_scarce,baseline_full,0,4,20,2,0.8,822,822,0,0.17883211678832117,1123.0,8143.929048864865,702.9842994094039,-1117.8362793594517,9.90745626382587,0.8552120430771337,-1.3598981500723257,7729.077068914531,0,112
density_scarce,baseline_full,0,5,20,2,0.8,760,709,51,0.4368421052631579,1129.0,7201.402708204217,679.6063230027119,-1213.3369227839478,10.157126527791561,0.9585420634735005,-1.711335575153664,6667.672108422802,0,96
density_scarce,baseline_full,0,6,20,2,0.8,861,762,99,0.3228803716608595,1135.0,7637.4859692988,674.0910008547735,-1206.6278266202594,10.022947466271392,0.8846338593894665,-1.58350108480349,7104.949143533101,0,103
density_scarce,baseline_full,1,7,20,2,0.8,730,730,0,0.0,1002.0,7138.056126346281,637.7082328852603,-573.0387693680298,9.778159077186688,0.8735729217606305,-0.7849846155726435,7202.72558986329,0,103
density_scarce,baseline_full,1,8,20,2,0.8,777,777,0,0.0,1003.0,7499.364380658516,669.5148190370091,-1094.7701468528314,9.65169160959912,0.8616664337670645,-1.408970587970182,7074.109052842486,0,101
density_scarce,baseline_full,1,9,20,2,0.8,794,794,0,0.0,1032.0,7765.98410594915,776.2818976705543,-1107.5099223888146,9.780836405477519,0.9776850096606476,-1.3948487687516558,7434.756081230633,0,106
density_scarce,baseline_full,1,10,20,2,0.8,842,842,0,0.15201900237529692,1126.0,8237.225494894874,822.2378199789779,-1127.1449972156518,9.782928141205314,0.9765294774097124,-1.3386520156955484,7932.318317657902,0,113
density_scarce,baseline_full,1,11,20,2,0.8,796,796,0,0.0,1021.0,8088.6699997135,744.7952608539454,-1204.4116454048965,10.161645728283291,0.9356724382587254,-1.5130799565388147,7629.053615162285,0,111
density_scarce,baseline_full,1,12,20,2,0.8,746,746,0,0.0,1001.0,7393.938207361059,651.2021308936837,-983.4179140029867,9.911445318178362,0.8729251084365733,-1.3182545764115103,7061.722424251536,0,101
density_scarce,baseline_full,2,13,20,2,0.8,802,802,0,0.0,1005.0,7733.066726941537,593.176271633421,-1104.8514739403026,9.642227839079224,0.7396212863259614,-1.377620291696138,7221.3915246344295,0,106
density_scarce,baseline_full,2,14,20,2,0.8,829,829,0,0.0,1002.0,8219.686017449529,696.1727820633723,-1037.7215858608122,9.915182168214148,0.8397741641295203,-1.251775133728362,7878.1372136518,0,113
density_scarce,baseline_full,2,15,20,2,0.8,788,788,0,0.0,1002.0,7478.167542577494,598.8547288924314,-900.4253688014372,9.49006033322017,0.7599679300665373,-1.1426717878190829,7176.596902668266,0,103
density_scarce,baseline_full,2,16,20,2,0.8,776,776,0,0.0,1002.0,7497.039928950759,586.2946061656319,-531.679505418769,9.661133929060256,0.7555342862959173,-0.6851540018283107,7551.655029697356,0,108
density_scarce,baseline_full,2,17,20,2,0.8,850,850,0,0.0,1020.0,8422.422706958689,676.5247534486406,-1140.4984726412417,9.908732596421986,0.7959114746454595,-1.341762908989696,7958.4489877657825,0,115
density_scarce,baseline_full,2,18,20,2,0.8,811,811,0,0.0,1000.0,7879.696862226455,619.532387949964,-895.354806677141,9.71602572407701,0.7639116990751714,-1.1040133251259445,7603.874443499011,0,110
density_scarce,baseline_full,3,19,20,2,0.8,768,768,0,0.0,1002.0,7447.693235146963,592.7058648445385,-731.9853132413295,9.697517233264275,0.7717524281829928,-0.9531058766163145,7308.413786749937,0,106
density_scarce,baseline_full,3,20,20,2,0.8,811,811,0,0.0,1000.0,8125.20017566597,658.1446452460175,-799.6759295714332,10.018742510069014,0.8115223739161744,-0.9860369045270447,7983.668891340246,0,115
density_scarce,baseline_full,3,21,20,2,0.8,820,820,0,0.0,1001.0,7941.812857191753,639.2233583718623,-905.7550294576364,9.68513763072165,0.7795406809412955,-1.1045793042166296,7675.281186105701,0,111
density_scarce,baseline_full,3,22,20,2,0.8,778,778,0,0.0,998.0,7587.508929731355,616.3698183503418,-596.0614402411098,9.752582171891202,0.792249123843627,-0.7661458100785473,7607.817307840315,0,110
density_scarce,baseline_full,3,23,20,2,0.8,788,788,0,0.0,1000.0,7784.7373853245335,655.8852106591277,-865.1198285875719,9.87910835701083,0.832341637892294,-1.0978678027761064,7575.5027673958275,0,110
density_scarce,baseline_full,3,24,20,2,0.8,766,766,0,0.0,1002.0,7527.68736404914,591.8091828806829,-599.4491082760225,9.827268099280863,0.7725968444917531,-0.7825706374360607,7520.047438653541,0,110
density_scarce,baseline_full,4,25,20,2,0.8,782,720,62,0.37595907928388744,1127.0,7049.125589648235,617.2072721126958,-1233.4976017556403,9.79045220784477,0.8572323223787441,-1.7131911135495004,6432.8352600051385,0,93
density_scarce,baseline_full,4,26,20,2,0.8,777,716,61,0.34491634491634493,1135.0,7084.340099231886,626.454283734666,-1235.3808374311718,9.894329747530566,0.8749361504674106,-1.7253922310491225,6475.413545535219,0,95
density_scarce,baseline_full,4,27,20,2,0.8,789,680,109,0.40811153358681873,1135.0,6862.151078139781,599.9037154281913,-1160.802550266836,10.091398644323208,0.8822113462179283,-1.7070625739218177,6301.252243301002,0,91
density_scarce,baseline_full,4,28,20,2,0.8,744,652,92,0.3682795698924731,1132.0,6516.892139088671,632.00576909369,-1226.2616861335719,9.995233342160539,0.9693340016774387,-1.8807694572600795,5922.636222048691,0,84
density_scarce,baseline_full,4,29,20,2,0.8,865,726,139,0.423121387283237,1131.0,7048.518880199894,614.2770250626096,-1235.1920989684206,9.70870369173539,0.8461116047694347,-1.7013665275047116,6427.603806293933,0,93
density_scarce,baseline_full,4,30,20,2,0.8,791,627,164,0.4450063211125158,1133.0,6331.06336828328,543.5750719542025,-1272.6231062620805,10.097389742078597,0.8669458882842145,-2.029701923862967,5602.015333975326,0,82
density_abundant,ours_partial,0,1,20,10,0.8,785,785,0,0.0,1001.0,7775.670604372753,2071.500385169319,-556.8492040445319,9.905312871812423,2.6388539938462663,-0.7093620433688305,9290.321785497468,0,1032
density_abundant,ours_partial,0,2,20,10,0.8,809,809,0,0.0,1001.0,8104.889005228065,2102.2665394516357,-635.7338463231798,10.018404209181787,2.598598936281379,-0.7858267568889739,9571.421698356464,0,1039
density_abundant,ours_partial,0,3,20,10,0.8,808,808,0,0.0,997.0,8040.962030443521,2097.743764562364,-601.1375418789881,9.951685681241981,2.5962175303989654,-0.7439821062858765,9537.568253126856,0,1013
density_abundant,ours_partial,0,4,20,10,0.8,822,822,0,0.0,1001.0,8125.023277357177,2256.9374447227215,-576.930946800894,9.884456541797052,2.745665991146863,-0.7018624656945183,9805.029775279012,0,1049
density_abundant,ours_partial,0,5,20,10,0.8,760,760,0,0.0,1000.0,7601.5967761693,2072.4311412441093,-562.9057149795078,10.002101021275395,2.7268830805843542,-0.7406654144467208,9111.122202433791,0,1013
density_abundant,ours_partial,0,6,20,10,0.8,861,861,0,0.0,1001.0,8665.991067150204,2262.893806914773,-664.0732096607206,10.065030275435777,2.6282158036176226,-0.7712813120333573,10264.811664404337,0,1108
density_abundant,ours_partial,1,7,20,10,0.8,730,730,0,0.0,1002.0,6994.556219598947,2485.1979958193697,-535.6986613985707,9.58158386246431,3.4043808161909173,-0.7338337827377681,8944.055554019607,0,927
density_abundant,ours_partial,1,8,20,10,0.8,777,777,0,0.0,1000.0,7514.981066660206,2541.8659347470903,-621.2222481244614,9.67179030458199,3.2713847294042346,-0.7995138328500148,9435.624753282784,0,959
density_abundant,ours_partial,1,9,20,10,0.8,794,794,0,0.0,1002.0,7771.684344345901,2635.3276599334667,-593.1677399487653,9.78801554703514,3.319052468430059,-0.7470626447717447,9813.844264330603,0,990
density_abundant,ours_partial,1,10,20,10,0.8,842,842,0,0.0,1002.0,8086.745894651408,2865.726130819089,-627.9980145649715,9.604211276308085,3.403475214749512,-0.7458408724049543,10324.474010905582,0,1073
density_abundant,ours_partial,1,11,20,10,0.8,796,796,0,0.0,1001.0,7926.081698129439,2651.644732101101,-590.7938931063072,9.957389068001808,3.3312119750013833,-0.742203383299381,9986.932537124241,0,1034
density_abundant,ours_partial,1,12,20,10,0.8,746,746,0,0.0,1000.0,7512.494526238482,2603.837265634005,-566.3712697092795,10.070367997638716,3.490398479402151,-0.7592108173046642,9549.960522163163,0,976
density_abundant,ours_partial,2,13,20,10,0.8,802,802,0,0.0,1000.0,8089.839120578241,2312.9374405395292,-622.9472037513086,10.08708119772848,2.883961895934575,-0.7767421493158462,9779.829357366438,0,1063
density_abundant,ours_partial,2,14,20,10,0.8,829,829,0,0.0,1002.0,8567.084341514415,2408.2960501198154,-619.1523232379639,10.334239253937774,2.905061580361659,-0.7468664936525499,10356.228068396342,0,1127
density_abundant,ours_partial,2,15,20,10,0.8,788,788,0,0.0,1002.0,8240.945786120028,2328.1593569179895,-602.5826781574057,10.458053028071102,2.95451695040354,-0.764698830148992,9966.522464880647,0,1077
density_abundant,ours_partial,2,16,20,10,0.8,776,776,0,0.0,1002.0,8111.660819569245,2236.3874856791654,-622.9604332551406,10.453171159238718,2.8819426361844913,-0.8027840634731194,9725.087871993257,0,1045
density_abundant,ours_partial,2,17,20,10,0.8,850,850,0,0.0,1003.0,8747.663981949083,2414.7798643539754,-628.4491884605317,10.291369390528333,2.840917487475265,-0.7393519864241549,10533.994657842648,0,1167
density_abundant,ours_partial,2,18,20,10,0.8,811,811,0,0.0,1001.0,8514.390883571543,2335.5819215713104,-556.7796132378859,10.49863240884284,2.8798790648228243,-0.6865346649049148,10293.193191905026,0,1113
density_abundant,ours_partial,3,19,20,10,0.8,768,768,0,0.0,1002.0,7646.42088631312,2271.7286508612465,-582.4894216104198,9.956277195720208,2.957980014142248,-0.7584497677219008,9335.660115563884,0,984
density_abundant,ours_partial,3,20,20,10,0.8,811,811,0,0.0,999.0,8538.259777952984,2204.2296882854416,-600.4587452581728,10.528063844578279,2.7179157685393855,-0.7403930274453425,10142.030720980296,0,1002
density_abundant,ours_partial,3,21,20,10,0.8,820,820,0,0.0,1001.0,8124.387355022093,2290.090524260202,-604.1246212996277,9.907789457344016,2.792793322268539,-0.7367373430483265,9810.353257982662,0,995
density_abundant,ours_partial,3,22,20,10,0.8,778,778,0,0.0,997.0,7764.867291289083,2025.4300999996658,-559.9511645746768,9.980549217595224,2.6033805912592105,-0.7197315740034406,9230.346226713991,0,952
density_abundant,ours_partial,3,23,20,10,0.8,788,788,0,0.0,1001.0,7541.169525528761,2120.235921946209,-574.332734293929,9.570012088234469,2.6906547232819915,-0.7288486475811281,9087.072713180913,0,965
density_abundant,ours_partial,3,24,20,10,0.8,766,766,0,0.0,1002.0,7726.216275368461,2021.5226470229134,-541.321031079501,10.086444223718617,2.639063507862811,-0.7066854191638394,9206.417891311787,0,920
density_abundant,ours_partial,4,25,20,10,0.8,782,782,0,0.0,1002.0,7221.234078945449,2446.8864352764804,-524.0172266885445,9.234314678958375,3.129010786798568,-0.670098755356195,9144.10328753327,0,907
density_abundant,ours_partial,4,26,20,10,0.8,777,777,0,0.0,1001.0,7479.490137362752,2442.120961740987,-575.324796582122,9.626113432899295,3.1430128207734707,-0.7404437536449446,9346.28630252156,0,917
density_abundant,ours_partial,4,27,20,10,0.8,789,789,0,0.0,1002.0,7326.215855389511,2467.768988019239,-624.7277160028119,9.285444683636895,3.1277173485668426,-0.7917968517145905,9169.257127405835,0,929
density_abundant,ours_partial,4,28,20,10,0.8,744,744,0,0.0,1001.0,7073.28316652197,2350.7855429317606,-592.1778359894636,9.507101030271466,3.159657987811506,-0.7959379515987414,8831.890873464132,0,904
density_abundant,ours_partial,4,29,20,10,0.8,865,865,0,0.0,1001.0,8349.084993459808,2631.8860776911138,-617.4127470555646,9.652121379722322,3.0426428643827905,-0.7137719619139475,10363.558324095451,0,1021
density_abundant,ours_partial,4,30,20,10,0.8,791,791,0,0.0,1002.0,7411.008660882489,2406.2695713629196,-517.4259748497906,9.369163920205422,3.042060140787509,-0.6541415611248933,9299.852257395522,0,905
density_abundant,ours_full,0,1,20,10,0.8,785,785,0,0.0,1001.0,8092.013807973143,434.50543034275285,-207.32890754204098,10.308297844551776,0.5535101023474559,-0.2641132580153388,8319.190330773554,0,140
density_abundant,ours_full,0,2,20,10,0.8,809,809,0,0.0,1000.0,8221.754121084667,478.8406718178612,-214.4633435818812,10.162860471056447,0.5918920541629928,-0.2650968400270472,8486.131449320375,0,142
density_abundant,ours_full,0,3,20,10,0.8,808,808,0,0.0,997.0,8435.367129167056,471.61967429583666,-284.48269418924474,10.439810803424574,0.5836877157126691,-0.35208254231342173,8622.504109273403,0,144
density_abundant,ours_full,0,4,20,10,0.8,822,822,0,0.0,1000.0,8417.626564060653,483.79136760427906,-253.38139584663122,10.240421610779382,0.5885539751876874,-0.30824987329273873,8648.03653581807,0,145
density_abundant,ours_full,0,5,20,10,0.8,760,760,0,0.0,1001.0,7787.2898190470505,433.6135469533874,-183.912125243625,10.24643397243033,0.5705441407281413,-0.24198963847845398,8036.991240756493,0,134
density_abundant,ours_full,0,6,20,10,0.8,861,861,0,0.0,1003.0,8995.515861667778,512.0658449032445,-364.1001727479094,10.447753614016003,0.5947338500618403,-0.4228805722972235,9143.481533822966,0,155
density_abundant,ours_full,1,7,20,10,0.8,730,730,0,0.0,1002.0,7310.843778836785,519.1631243852269,-141.7783353151248,10.014854491557239,0.7111823621715436,-0.19421689769195177,7688.228567906607,0,132
density_abundant,ours_full,1,8,20,10,0.8,777,777,0,0.0,1000.0,7764.4001370403785,578.8121596981372,-244.9959627758191,9.992792969163936,0.744931994463497,-0.31531011940259857,8098.2163339623685,0,136
density_abundant,ours_full,1,9,20,10,0.8,794,794,0,0.0,1002.0,8003.293703623169,589.2736591544324,-247.73539052536003,10.079714991968727,0.7421582608997889,-0.3120093079664484,8344.83197225194,0,141
density_abundant,ours_full,1,10,20,10,0.8,842,842,0,0.0,1001.0,8640.923645152854,660.7282447361544,-261.91748526759955,10.262379626072272,0.78471287973415,-0.3110658969923985,9039.73440462125,0,151
density_abundant,ours_full,1,11,20,10,0.8,796,796,0,0.0,1001.0,8068.6479363402395,560.9408766757617,-272.1330903985744,10.136492382336984,0.704699593813771,-0.3418757417067517,8357.455722617131,0,142
density_abundant,ours_full,1,12,20,10,0.8,746,746,0,0.0,1001.0,7635.737420851827,495.26888978153033,-210.52495499510636,10.23557295020352,0.6638993160610326,-0.2822050335055045,7920.481355637942,0,135
density_abundant,ours_full,2,13,20,10,0.8,802,802,0,0.0,1001.0,7975.209103896041,471.750234104893,-247.8625777717627,9.94415100236414,0.5882172495073479,-0.30905558325656196,8199.096760228842,0,137
density_abundant,ours_full,2,14,20,10,0.8,829,829,0,0.0,1002.0,8510.68326765513,496.85518800890566,-301.87322491958014,10.26620418293743,0.5993428082133965,-0.36414140521059124,8705.665230744235,0,141
density_abundant,ours_full,2,15,20,10,0.8,788,788,0,0.0,1002.0,8121.762592019719,468.70486036012494,-328.58784107346725,10.306805319821978,0.5948031222844226,-0.41698964603231886,8261.879611306062,0,134
density_abundant,ours_full,2,16,20,10,0.8,776,776,0,0.0,1003.0,7781.168508311272,482.42273476582227,-268.7110242553669,10.027279005555762,0.6216787819147194,-0.3462770931125862,7994.88021882141,0,131
density_abundant,ours_full,2,17,20,10,0.8,850,850,0,0.0,1002.0,8659.027113355707,529.9205930984884,-293.5706871541209,10.187090721594949,0.6234359918805746,-0.3453772790048481,8895.377019299875,0,150
density_abundant,ours_full,2,18,20,10,0.8,811,811,0,0.0,1000.0,8572.62226194858,554.7101639053259,-283.72981092495166,10.570434355053736,0.683982939464027,-0.34985180138711675,8843.602614928737,0,148
density_abundant,ours_full,3,19,20,10,0.8,768,768,0,0.0,1003.0,8163.984756163419,481.2397734867841,-249.292532133387,10.630188484587785,0.6266142883942502,-0.3245996512153477,8395.93199751653,0,140
density_abundant,ours_full,3,20,20,10,0.8,811,811,0,0.0,1000.0,8382.63867278861,522.5087671282987,-258.73235606443876,10.336175922057471,0.6442771481236729,-0.31902879909301946,8646.415083852224,0,145
density_abundant,ours_full,3,21,20,10,0.8,820,820,0,0.0,1001.0,8450.624522229335,476.9504421242149,-269.6172333775161,10.305639661255286,0.5816468806392864,-0.32880150411892206,8657.957730975784,0,143
density_abundant,ours_full,3,22,20,10,0.8,778,778,0,0.0,997.0,8096.384250680261,417.2754288739411,-266.0841671485736,10.406663561285683,0.5363437389125207,-0.3420104976202746,8247.575512405321,0,137
density_abundant,ours_full,3,23,20,10,0.8,788,788,0,0.0,1000.0,7927.763270537295,417.4499532915233,-361.0033262940162,10.060613287483877,0.5297588239740143,-0.4581260485964672,7984.209897534503,0,132
density_abundant,ours_full,3,24,20,10,0.8,766,766,0,0.0,1001.0,7814.626219108946,495.63824065694195,-204.48359883734364,10.201861904841966,0.6470473115625874,-0.266949867933869,8105.780860928208,0,136
density_abundant,ours_full,4,25,20,10,0.8,782,782,0,0.0,1002.0,8048.2978120465605,579.3753794956207,-340.03322964590996,10.291940936120922,0.7408892320915865,-0.4348251018489897,8287.639961895968,0,140
density_abundant,ours_full,4,26,20,10,0.8,777,777,0,0.0,1000.0,7868.049553600596,491.84454312538975,-309.43766451485084,10.126189901673868,0.6330045600069366,-0.3982466724772855,8050.456432210817,0,140
density_abundant,ours_full,4,27,20,10,0.8,789,789,0,0.0,1001.0,7971.424419237101,581.8026658681457,-362.9532091901073,10.103199517410774,0.7373924789203368,-0.4600167416858141,8190.273875914821,0,141
density_abundant,ours_full,4,28,20,10,0.8,744,744,0,0.0,1000.0,7595.597764985001,519.8459295704957,-302.1398229799197,10.209136780893818,0.6987176472721717,-0.40610191260741896,7813.303871575286,0,133
density_abundant,ours_full,4,29,20,10,0.8,865,865,0,0.0,1001.0,8633.134604736517,587.193537581917,-302.756968080056,9.980502433221407,0.678836459632274,-0.3500080555838798,8917.571174238186,0,150
density_abundant,ours_full,4,30,20,10,0.8,791,791,0,0.0,1002.0,8043.953538296865,573.9347493464821,-286.34411552529843,10.169347077492876,0.7255812254696361,-0.36200267449468826,8331.544172117749,0,143
density_abundant,baseline_adaptive,0,1,20,10,0.8,785,785,0,0.0,1001.0,7094.639544460061,1735.1003169807364,-655.640303752861,9.037757381477785,2.210318875134696,-0.8352105780291222,8174.099557687671,0,587
density_abundant,baseline_adaptive,0,2,20,10,0.8,809,809,0,0.0,1001.0,7219.075184281407,1765.019835204843,-641.9826081198717,8.923455110360207,2.1817303278181,-0.7935508134979872,8342.112411366144,0,608
density_abundant,baseline_adaptive,0,3,20,10,0.8,808,808,0,0.0,997.0,7579.238347666624,1818.9377876674178,-633.7522946603046,9.380245479785426,2.2511606283012595,-0.7843468993320603,8764.42384067357,0,617
density_abundant,baseline_adaptive,0,4,20,10,0.8,822,822,0,0.0,1000.0,7316.903708386469,1945.0612180155126,-640.5839025929627,8.901342710932443,2.366254523133227,-0.7792991515729473,8621.381023808817,0,630
density_abundant,baseline_adaptive,0,5,20,10,0.8,760,760,0,0.0,1000.0,6630.539846124804,1749.0915245266756,-628.4197469062068,8.724394534374742,2.3014362164824678,-0.8268680880344826,7751.211623745055,0,575
density_abundant,baseline_adaptive,0,6,20,10,0.8,861,861,0,0.0,1001.0,7946.976784698657,1914.5258874769456,-695.3781406736797,9.229938193610518,2.223607302528392,-0.8076401169264572,9166.124531501811,0,662
density_abundant,baseline_adaptive,1,7,20,10,0.8,730,730,0,0.0,1002.0,6103.838055087814,2013.4418041975607,-650.2143172211181,8.361421993270978,2.758139457804878,-0.890704544138518,7467.065542064052,0,539
density_abundant,baseline_adaptive,1,8,20,10,0.8,777,777,0,0.0,1000.0,6639.242698785807,2122.5987204703383,-673.4770599817548,8.544713898051231,2.7317872850326106,-0.8667658429623614,8088.364359274144,0,583
density_abundant,baseline_adaptive,1,9,20,10,0.8,794,794,0,0.0,1001.0,6738.339907355085,2107.319138229801,-690.1320346098597,8.486574190623534,2.6540543302642328,-0.8691839226824429,8155.527010974768,0,590
density_abundant,baseline_adaptive,1,10,20,10,0.8,842,842,0,0.0,1001.0,7121.334082931932,2283.9869345596762,-750.307481691915,8.457641428660253,2.712573556484176,-0.891101522199424,8655.013535799517,0,618
density_abundant,baseline_adaptive,1,11,20,10,0.8,796,796,0,0.0,1001.0,6852.7611152154295,2116.553456442037,-660.5465534150513,8.60899637589878,2.6589867543241668,-0.8298323535364966,8308.768018242166,0,591
density_abundant,baseline_adaptive,1,12,20,10,0.8,746,746,0,0.0,1000.0,6321.860334862108,2108.652117691718,-613.931444250775,8.474343612415694,2.8266114178173165,-0.8229644024809317,7816.581008302807,0,565
density_abundant,baseline_adaptive,2,13,20,10,0.8,802,802,0,0.0,1001.0,7420.525383921814,1902.7821086899862,-683.8868133535824,9.252525416361363,2.3725462701870152,-0.8527266999421227,8639.420679258032,0,614
density_abundant,baseline_adaptive,2,14,20,10,0.8,829,829,0,0.0,1002.0,7699.221235204343,1972.7266361561678,-664.415232056702,9.287359752960608,2.379646123228188,-0.8014659011540435,9007.53263930368,0,628
density_abundant,baseline_adaptive,2,15,20,10,0.8,788,788,0,0.0,1001.0,7199.482838218449,1835.0665786358416,-604.8874726960403,9.136399540886357,2.3287646937003066,-0.7676236963147719,8429.661944158019,0,593
density_abundant,baseline_adaptive,2,16,20,10,0.8,776,776,0,0.0,1002.0,7053.731229291899,1805.4474322134301,-632.4009311451256,9.089859831561725,2.3266075157389565,-0.814949653537533,8226.777730359958,0,576
density_abundant,baseline_adaptive,2,17,20,10,0.8,850,850,0,0.0,1001.0,7849.655243776356,1985.603023451826,-653.9610328134413,9.23488852208983,2.3360035570021482,-0.7693659209569897,9181.297234414635,0,632
density_abundant,baseline_adaptive,2,18,20,10,0.8,811,811,0,0.0,1001.0,7354.518231967888,1823.9643443651798,-582.0018277762225,9.068456512907384,2.2490312507585446,-0.7176348061359094,8596.480748556653,0,601
density_abundant,baseline_adaptive,3,19,20,10,0.8,768,768,0,0.0,1001.0,6909.030097724807,1917.7158922289962,-653.6648488887379,8.996132939745843,2.4970259013398386,-0.8511261053238774,8173.081141064804,0,595
density_abundant,baseline_adaptive,3,20,20,10,0.8,811,811,0,0.0,999.0,7269.699489164757,1868.022236244155,-622.4649193669379,8.96387113337208,2.303356641484778,-0.7675276441022663,8515.256806041752,0,618
density_abundant,baseline_adaptive,3,21,20,10,0.8,820,820,0,0.0,1000.0,7248.0835166950565,1984.4631485733553,-633.5275309929834,8.83912623987202,2.4200770104553113,-0.7725945499914432,8599.019134275224,0,632
density_abundant,baseline_adaptive,3,22,20,10,0.8,778,778,0,0.0,998.0,7177.715494126333,1755.5326144519618,-582.4846435262132,9.225855390907883,2.25646865610792,-0.7486949145581147,8350.763465051845,0,605
density_abundant,baseline_adaptive,3,23,20,10,0.8,788,788,0,0.0,1001.0,7045.0912140038,1888.3238764196851,-575.44999231776,8.940471083761167,2.3963500969792957,-0.7302664877128934,8357.965098105506,0,629
density_abundant,baseline_adaptive,3,24,20,10,0.8,766,766,0,0.0,1002.0,7069.632651047898,1739.159581899624,-611.097906546639,9.229285445232243,2.27044331840682,-0.7977779458833407,8197.694326400635,0,589
density_abundant,baseline_adaptive,4,25,20,10,0.8,782,782,0,0.0,1002.0,6591.646687405835,2078.485380654547,-695.0177309882765,8.429215712795186,2.657909693931646,-0.8887694769671055,7975.114337071857,0,608
density_abundant,baseline_adaptive,4,26,20,10,0.8,777,777,0,0.0,1001.0,6537.638556076698,2061.1544842756643,-653.2735483162265,8.413949235619945,2.652708473971254,-0.840763897446881,7945.519492035909,0,611
density_abundant,baseline_adaptive,4,27,20,10,0.8,789,789,0,0.0,1002.0,6623.344182524822,2077.249108755379,-712.5383419068618,8.394606061501676,2.6327618615404043,-0.9030904206677589,7988.054949373089,0,602
density_abundant,baseline_adaptive,4,28,20,10,0.8,744,744,0,0.0,1001.0,6204.2587505756555,2045.9799954700622,-685.4814224178198,8.33905746045115,2.749973112190944,-0.9213459978734136,7564.75732362769,0,579
density_abundant,baseline_adaptive,4,29,20,10,0.8,865,865,0,0.0,1000.0,7290.412277375649,2198.359594388536,-629.236854712709,8.42822228598341,2.5414561784838567,-0.7274414505349237,8859.535017051325,0,672
density_abundant,baseline_adaptive,4,30,20,10,0.8,791,791,0,0.0,1002.0,6564.954985456015,2085.9814605279093,-640.2663342620193,8.299563824849576,2.6371447035751068,-0.8094391077901635,8010.6701117216635,0,606
density_abundant,baseline_full,0,1,20,10,0.8,785,785,0,0.0,1001.0,7967.264616732665,356.4314548186744,-217.0434992324698,10.149381677366453,0.45405280868620945,-0.2764885340541017,8106.652572318547,0,120
density_abundant,baseline_full,0,2,20,10,0.8,809,809,0,0.0,1001.0,8010.594280284282,348.6638924964312,-383.82215081060514,9.901847070808754,0.4309813257063426,-0.4744402358598333,7975.436021969803,0,117
density_abundant,baseline_full,0,3,20,10,0.8,808,808,0,0.0,998.0,8251.385556562536,340.96288433927765,-232.65493993177316,10.212110837329872,0.42198376774663077,-0.28793928209377867,8359.69350096975,0,125
density_abundant,baseline_full,0,4,20,10,0.8,822,822,0,0.0,1001.0,8502.37562755807,390.18367333862943,-270.8281867480504,10.34352266126286,0.474676001628503,-0.32947467974215383,8621.731114148419,0,130
density_abundant,baseline_full,0,5,20,10,0.8,760,760,0,0.0,1001.0,7689.441948922659,356.8776406140166,-336.72001606101503,10.117686774898235,0.4695758429131798,-0.4430526527118619,7709.599573475384,0,113
density_abundant,baseline_full,0,6,20,10,0.8,861,861,0,0.0,1002.0,8603.776389156126,376.2727690641145,-360.0067148974471,9.992771648264956,0.43701831482475556,-0.4181262658506935,8620.042443322542,0,127
density_abundant,baseline_full,1,7,20,10,0.8,730,730,0,0.0,1002.0,7367.878623674271,380.87869563034724,-272.8998401120026,10.092984415992152,0.5217516378497907,-0.3738353974137022,7475.857479192352,0,111
density_abundant,baseline_full,1,8,20,10,0.8,777,777,0,0.0,1000.0,7446.047822963569,397.3473677976092,-328.85979404140386,9.583073131227245,0.5113865737420967,-0.4232429781742649,7514.5353967195215,0,110
density_abundant,baseline_full,1,9,20,10,0.8,794,794,0,0.0,1002.0,7814.666448038056,423.9670693600486,-373.6712864643542,9.842149178889239,0.5339635634257539,-0.47061874869566017,7864.962230933471,0,116
density_abundant,baseline_full,1,10,20,10,0.8,842,842,0,0.0,1002.0,8579.779727791441,445.9810591749065,-296.80631352538194,10.189762147020714,0.5296687163597464,-0.3525015600063918,8728.954473440743,0,128
density_abundant,baseline_full,1,11,20,10,0.8,796,796,0,0.0,1001.0,8037.3481627506435,382.0620102218767,-274.0630126684936,10.097171058731965,0.479977399776227,-0.3443002671714744,8145.347160303705,0,121
density_abundant,baseline_full,1,12,20,10,0.8,746,746,0,0.0,1001.0,7533.384211180668,396.803144323077,-272.1192082531406,10.098370256274354,0.5319077001649826,-0.36477105663959863,7658.068147250328,0,113
density_abundant,baseline_full,2,13,20,10,0.8,802,802,0,0.0,1000.0,8064.863569987228,391.7452765404854,-282.6655672419433,10.055939613450409,0.4884604445641963,-0.3524508319724979,8173.943279285445,0,120
density_abundant,baseline_full,2,14,20,10,0.8,829,829,0,0.0,1002.0,8207.489544102125,382.44740764724105,-275.7671955145285,9.900469896383745,0.46133583552140056,-0.33265041678471474,8314.169756234542,0,120
density_abundant,baseline_full,2,15,20,10,0.8,788,788,0,0.0,1002.0,7962.303388165942,374.9681134135009,-284.13230310699004,10.104445924068454,0.47584785966180315,-0.36057398871445434,8053.139198472131,0,118
density_abundant,baseline_full,2,16,20,10,0.8,776,776,0,0.0,1002.0,7833.224681742843,369.49069876844027,-265.2910703273636,10.09436170327686,0.476147807691289,-0.34186993598887067,7937.4243101836155,0,119
density_abundant,baseline_full,2,17,20,10,0.8,850,850,0,0.0,1002.0,8592.498809290582,388.08122568158853,-365.74359281580263,10.108822128577156,0.4565661478606924,-0.4302865797832972,8614.836442156124,0,128
density_abundant,baseline_full,2,18,20,10,0.8,811,811,0,0.0,1000.0,8328.422412738464,372.0433800732431,-367.0459387592021,10.269324799924123,0.45874646124937496,-0.4525843881124563,8333.419854052197,0,124
density_abundant,baseline_full,3,19,20,10,0.8,768,768,0,0.0,1003.0,7678.589647798002,344.21423288262673,-287.18380530910525,9.998163603903649,0.44819561573258687,-0.3739372464962308,7735.620075371237,0,115
density_abundant,baseline_full,3,20,20,10,0.8,811,811,0,0.0,999.0,8282.551632784887,312.12990615273924,-299.3200874441853,10.212764035493079,0.38487041449166365,-0.36907532360565387,8295.361451493134,0,123
density_abundant,baseline_full,3,21,20,10,0.8,820,820,0,0.0,1000.0,8233.431405818905,352.094979327481,-418.3360691658173,10.040770007096226,0.4293841211310744,-0.5101659380070943,8167.190315980229,0,121
density_abundant,baseline_full,3,22,20,10,0.8,778,778,0,0.0,998.0,7829.330050663483,313.2149475264234,-301.04245185639,10.063406234785969,0.4025899068463025,-0.3869440255223522,7841.502546333232,0,118
density_abundant,baseline_full,3,23,20,10,0.8,788,788,0,0.0,1000.0,7774.637942534239,320.1389729468697,-287.37533799734047,9.866291805246497,0.4062677321660783,-0.36468951522505133,7807.401577483483,0,115
density_abundant,baseline_full,3,24,20,10,0.8,766,766,0,0.0,1001.0,7858.1074371527675,338.94114905455257,-267.49962837865564,10.258625897066276,0.44248191782578666,-0.34921622503740946,7929.54895782836,0,115
density_abundant,baseline_full,4,25,20,10,0.8,782,782,0,0.0,1002.0,7935.177540957113,405.90662243173654,-347.5558809614544,10.147285858001423,0.519062177022681,-0.4444448605645197,7993.5282824270835,0,119
density_abundant,baseline_full,4,26,20,10,0.8,777,777,0,0.0,1000.0,7720.3271944949365,372.4732533778034,-348.624828766256,9.93607103538602,0.47937355647078944,-0.44868060330277476,7744.1756191061895,0,115
density_abundant,baseline_full,4,27,20,10,0.8,789,789,0,0.0,1002.0,7878.464853184316,366.4998994488404,-326.606534166779,9.985380042058702,0.464511913116401,-0.4139499799325463,7918.358218466072,0,116
density_abundant,baseline_full,4,28,20,10,0.8,744,744,0,0.0,1001.0,7652.209962207766,366.2441602820102,-344.42404098820674,10.285228443827641,0.4922636562930245,-0.46293553896264344,7674.030081501297,0,112
density_abundant,baseline_full,4,29,20,10,0.8,865,865,0,0.0,1001.0,8708.217177438424,415.87587339232255,-326.11267937378904,10.067303095304537,0.48078135652291626,-0.37700887788877346,8797.980371456739,0,128
density_abundant,baseline_full,4,30,20,10,0.8,791,791,0,0.0,1002.0,8176.233620385398,383.30592525527334,-442.3282270215291,10.336578533989126,0.4845839763024947,-0.5592012983837283,8117.211318618824,0,121
load_light,ours_partial,0,1,20,5,0.3,286,286,0,0.0,996.0,2871.0006552677482,1151.7738938708553,-290.852621837245,10.038463829607512,4.027181447100893,-1.0169672092211364,3731.9219273014132,0,367
load_light,ours_partial,0,2,20,5,0.3,306,306,0,0.0,1001.0,3017.116771758593,1233.581598361925,-336.0497517795114,9.859858731237232,4.031312412947467,-1.0982018032010177,3914.6486183410616,0,392
load_light,ours_partial,0,3,20,5,0.3,307,307,0,0.0,1000.0,3010.9497766010845,1203.6500590429869,-334.30559923832686,9.807653995443273,3.9206842314103807,-1.08894331999455,3880.2942364058013,0,381
load_light,ours_partial,0,4,20,5,0.3,303,303,0,0.0,1000.0,2984.8516948547863,1143.973721289483,-282.1564386989843,9.850995692590054,3.7754908293382274,-0.9312093686435126,3846.6689774453403,0,376
load_light,ours_partial,0,5,20,5,0.3,293,293,0,0.0,996.0,2872.6392971956116,1250.1484486411607,-320.68013822125647,9.804229683261473,4.266718254747989,-1.0944714615059947,3802.107607615565,0,374
load_light,ours_partial,0,6,20,5,0.3,331,331,0,0.0,998.0,3317.546451056354,1370.3975139897389,-364.080138355669,10.022798945789589,4.1401737582771565,-1.0999399950322326,4323.863826690466,0,439
load_light,ours_partial,1,7,20,5,0.3,282,282,0,0.0,1001.0,2560.296698725158,1159.544010999885,-324.63241589440327,9.07906630753602,4.111858195035053,-1.1511787797673874,3395.2082938306717,0,316
load_light,ours_partial,1,8,20,5,0.3,295,295,0,0.0,999.0,2777.041172036495,1250.1040986467065,-321.30306754179526,9.413698888259304,4.237641012361717,-1.089162940819645,3705.842203141449,0,349
load_light,ours_partial,1,9,20,5,0.3,309,309,0,0.0,999.0,2835.8996331056615,1266.7857604726744,-321.8666060666959,9.177668715552302,4.099630292791827,-1.0416395018339673,3780.8187875116905,0,351
load_light,ours_partial,1,10,20,5,0.3,332,332,0,0.0,1002.0,3091.2986177746757,1317.7351343325668,-337.9558460463493,9.311140414983964,3.9690817299173697,-1.0179392953203292,4071.077906060958,0,413
load_light,ours_partial,1,11,20,5,0.3,313,313,0,0.0,995.0,2996.351576587062,1378.1449326041152,-350.8771581989169,9.573008231907547,4.4030189540067575,-1.1210132849805652,4023.61935099232,0,340
load_light,ours_partial,1,12,20,5,0.3,267,267,0,0.0,1001.0,2642.8705287986077,1230.2978002917964,-293.32876359198946,9.898391493627743,4.607856929931822,-1.0986096014681253,3579.839565498458,0,323
load_light,ours_partial,2,13,20,5,0.3,275,275,0,0.0,1001.0,2355.8728422960867,1095.6372800428935,-295.88269664982835,8.566810335622133,3.98413556379234,-1.0759370787266485,3155.6274256891797,0,293
load_light,ours_partial,2,14,20,5,0.3,311,311,0,0.0,996.0,2825.8353122665862,1261.3798693078418,-315.4805770812817,9.086287177706065,4.05588382414097,-1.0144070002613559,3771.7346044931974,0,331
load_light,ours_partial,2,15,20,5,0.3,306,306,0,0.0,1001.0,2592.3661789048665,1252.9953826114402,-301.6141728742928,8.471784898381916,4.094756152324968,-0.985667231615336,3543.7473886420585,0,334
load_light,ours_partial,2,16,20,5,0.3,285,285,0,0.0,1000.0,2646.5905505855526,1179.419186157327,-325.2468250232228,9.286282633633517,4.1383129338853575,-1.141216929906045,3500.762911719699,0,307
load_light,ours_partial,2,17,20,5,0.3,314,314,0,0.0,1000.0,2820.1194217351817,1251.87936577456,-338.7854199470056,8.981272043742617,3.986876961065478,-1.078934458429954,3733.2133675627833,0,352
load_light,ours_partial,2,18,20,5,0.3,315,315,0,0.0,999.0,2812.814251334281,1333.7284705197972,-269.96702365792726,8.92956905185486,4.234058636570785,-0.8570381703426262,3876.57569819621,0,359
load_light,ours_partial,3,19,20,5,0.3,299,299,0,0.0,999.0,2823.8603031146577,1380.0145199430415,-290.1894843789283,9.444348839848354,4.615433177067028,-0.9705333925716665,3913.6853386788275,0,311
load_light,ours_partial,3,20,20,5,0.3,304,304,0,0.0,996.0,2785.3338681174546,1328.8449995056253,-296.64507035871935,9.16228246091268,4.371200656268504,-0.9758061524957874,3817.533797264412,0,343
load_light,ours_partial,3,21,20,5,0.3,329,329,0,0.0,995.0,2984.393204359441,1309.1956136819333,-319.31025713135415,9.071103964618361,3.9793179747171226,-0.9705478940162741,3974.2785609100806,0,355
load_light,ours_partial,3,22,20,5,0.3,303,303,0,0.0,1000.0,2741.5227628323687,1253.4440117866975,-350.2418414328429,9.047929910337851,4.13677891678778,-1.155913668095191,3644.7249331862663,0,337
load_light,ours_partial,3,23,20,5,0.3,298,298,0,0.0,999.0,2748.1852245505197,1278.2017147655508,-292.6290285003694,9.222098068961476,4.289267499213258,-0.9819766057059375,3733.757910815757,0,329
load_light,ours_partial,3,24,20,5,0.3,283,283,0,0.0,1001.0,2585.9629090447916,1169.8479696471034,-274.85978518461695,9.137678123833187,4.133738408647008,-0.9712359900516501,3480.9510935073176,0,291
load_light,ours_partial,4,25,20,5,0.3,289,289,0,0.0,1001.0,3098.506594213699,1422.0609635427274,-366.4696605606994,10.72147610454567,4.920626171428123,-1.2680611092065723,4154.097897195786,0,415
load_light,ours_partial,4,26,20,5,0.3,286,286,0,0.0,1001.0,3178.633629126657,1501.0874655095138,-362.74883740082157,11.114103598344954,5.248557571711586,-1.2683525783245508,4316.972257235397,0,391
load_light,ours_partial,4,27,20,5,0.3,316,316,0,0.0,1002.0,3459.601762588441,1680.03177456998,-367.33990129797337,10.948106843634307,5.316556248639177,-1.1624680420821942,4772.293635860466,0,425
load_light,ours_partial,4,28,20,5,0.3,256,256,0,0.0,995.0,2884.4091610405358,1297.3808044594691,-327.8118683538449,11.267223285314593,5.067893767419801,-1.2805151107572066,3853.9780971462114,0,363
load_light,ours_partial,4,29,20,5,0.3,342,342,0,0.0,1001.0,3732.546369659896,1742.3116470961168,-387.3124807645365,10.913878273859345,5.094478500281043,-1.132492633814434,5087.545535991464,0,494
load_light,ours_partial,4,30,20,5,0.3,309,309,0,0.0,1002.0,3330.659911672098,1606.9564738720376,-377.2029188906634,10.778834665605496,5.2005063879353965,-1.220721420358134,4560.413466653498,0,426
load_light,ours_full,0,1,20,5,0.3,286,286,0,0.0,996.0,2981.751545221756,262.74391565134164,-128.47366819716441,10.425704703572572,0.9186850197599358,-0.44920863006001543,3116.0217926759665,0,51
load_light,ours_full,0,2,20,5,0.3,306,306,0,0.0,1001.0,3124.853002677615,261.21111886176766,-182.89668784820586,10.21193791724711,0.8536311073913976,-0.5977015942751825,3203.167433691213,0,53
load_light,ours_full,0,3,20,5,0.3,307,307,0,0.0,1000.0,3247.711907257347,270.90864105319906,-138.20097461945716,10.578866147418069,0.8824385702058601,-0.4501660411057236,3380.4195736911324,0,56
load_light,ours_full,0,4,20,5,0.3,303,303,0,0.0,1000.0,3076.56143698872,283.4904839646735,-123.83439608225552,10.153668108873664,0.9356121582992525,-0.4086943765090941,3236.2175248711706,0,55
load_light,ours_full,0,5,20,5,0.3,293,293,0,0.0,996.0,2949.2203209869176,250.06325942816363,-207.62647475817417,10.065598365143064,0.8534582233043128,-0.7086227807446217,2991.65710565693,0,51
load_light,ours_full,0,6,20,5,0.3,331,331,0,0.0,998.0,3324.666333410874,302.064813346654,-128.2472977864837,10.044309164383305,0.9125825176636072,-0.38745407186248854,3498.48384897109,0,55
load_light,ours_full,1,7,20,5,0.3,282,282,0,0.0,1001.0,2680.426527212662,281.52129194785147,-181.3979378382339,9.5050586071371,0.9983024537157853,-0.6432550987171415,2780.5498813222907,0,45
load_light,ours_full,1,8,20,5,0.3,295,295,0,0.0,999.0,2888.60905671189,266.93739282239363,-143.82228483741847,9.791895107497933,0.9048725180420123,-0.48753316894040155,3011.724164696889,0,49
load_light,ours_full,1,9,20,5,0.3,309,309,0,0.0,999.0,3056.7104573730476,286.57331064985055,-96.62235199038638,9.89226685233996,0.9274217173134323,-0.3126936957617682,3246.661416032548,0,54
load_light,ours_full,1,10,20,5,0.3,332,332,0,0.0,1002.0,3227.9109982797686,281.8027077409525,-152.34173328069582,9.722623488794484,0.848803336569134,-0.4588606424117344,3357.3719727400644,0,56
load_light,ours_full,1,11,20,5,0.3,313,313,0,0.0,995.0,3221.5299588509024,334.552124144528,-75.00901912392034,10.292427983549208,1.0688566266598338,-0.2396454285109276,3481.0730638715536,0,58
load_light,ours_full,1,12,20,5,0.3,267,267,0,0.0,1003.0,2863.858069050327,298.7978739536557,-146.30397973980936,10.72606018370909,1.1190931608751151,-0.5479549802989114,3016.3519632641955,0,51
load_light,ours_full,2,13,20,5,0.3,275,275,0,0.0,1003.0,2729.568069090113,273.2886556067763,-131.78030706090914,9.925702069418593,0.9937769294791865,-0.47920111658512415,2871.076417635996,0,46
load_light,ours_full,2,14,20,5,0.3,311,311,0,0.0,995.0,3024.0308757308962,287.60468378291733,-98.3493045649054,9.72357194768777,0.9247739028389624,-0.3162357059964804,3213.2862549489437,0,54
load_light,ours_full,2,15,20,5,0.3,306,306,0,0.0,1000.0,2943.5116735846614,258.62755829598746,-68.31323364877333,9.619319194721115,0.8451880990064949,-0.22324586159729848,3133.825998231904,0,53
load_light,ours_full,2,16,20,5,0.3,285,285,0,0.0,1000.0,2822.462026297878,269.9104014028078,-132.55585152273304,9.903375530869747,0.9470540400098519,-0.465108250956958,2959.816576177973,0,48
load_light,ours_full,2,17,20,5,0.3,314,314,0,0.0,1000.0,3218.3751875455782,275.78936577598205,-136.482865269403,10.249602508106937,0.8783100820891148,-0.4346588065904554,3357.6816880521915,0,59
load_light,ours_full,2,18,20,5,0.3,315,315,0,0.0,999.0,3301.053762989518,282.2107520328583,-153.79951659853361,10.47953575552228,0.8959071493106613,-0.48825243364613846,3429.464998423885,0,58
load_light,ours_full,3,19,20,5,0.3,299,299,0,0.0,998.0,3223.6947776761567,360.4493350219434,-126.29850319692271,10.781587885204537,1.2055161706419513,-0.422403020725494,3457.8456095012198,0,58
load_light,ours_full,3,20,20,5,0.3,304,304,0,0.0,997.0,3049.7944761917825,321.0241379479396,-120.47384054244873,10.032218671683495,1.0560004537761172,-0.3962955281001603,3250.3447735973077,0,55
load_light,ours_full,3,21,20,5,0.3,329,329,0,0.0,995.0,3165.4885234854437,318.0685384692113,-97.56245983446891,9.621545664089494,0.966773673158697,-0.29654243110780826,3385.994602120227,0,55
load_light,ours_full,3,22,20,5,0.3,303,303,0,0.0,1000.0,3057.8823010433357,314.9012546659077,-140.24695438542412,10.09202079552256,1.039278068204316,-0.4628612355954591,3232.5366013238527,0,54
load_light,ours_full,3,23,20,5,0.3,298,298,0,0.0,1000.0,2910.9351327267123,282.86322357266243,-119.33243732013737,9.76823870042521,0.9492054482304109,-0.4004444205373737,3074.465918979263,0,50
load_light,ours_full,3,24,20,5,0.3,283,283,0,0.0,1001.0,2809.9222950845933,324.85278568473905,-105.44538786368382,9.929054046235311,1.1478897020662158,-0.3725985436879287,3029.3296929056737,0,52
load_light,ours_full,4,25,20,5,0.3,289,289,0,0.0,1001.0,2951.988975581354,284.4881952952168,-189.64361159918485,10.214494725194998,0.9843882190145911,-0.6562062685092901,3046.833559277411,0,50
load_light,ours_full,4,26,20,5,0.3,286,286,0,0.0,1001.0,2987.0228736653503,332.9653272295121,-130.99950938072223,10.444135921906819,1.16421443087242,-0.45804024258993786,3188.988691514169,0,54
load_light,ours_full,4,27,20,5,0.3,316,316,0,0.0,1001.0,3270.973396505824,387.77469730738363,-148.43572278224184,10.351181634512102,1.2271351180613406,-0.4697332999438033,3510.312371031012,0,59
load_light,ours_full,4,28,20,5,0.3,256,256,0,0.0,993.0,2596.600375931952,274.98942018685455,-175.07385541576488,10.142970218484187,1.0741774226049006,-0.6838822477178316,2696.5159407030487,0,44
load_light,ours_full,4,29,20,5,0.3,342,342,0,0.0,1001.0,3676.126853913871,436.9606713471996,-119.62248164593713,10.748908929572723,1.277662781716958,-0.349773338146015,3993.465043615204,0,67
load_light,ours_full,4,30,20,5,0.3,309,309,0,0.0,1002.0,3204.7774513417185,380.64325520611084,-151.7034276792148,10.371448062594558,1.2318551948417826,-0.4909496041398537,3433.717278868655,0,56
load_light,baseline_adaptive,0,1,20,5,0.3,286,286,0,0.0,995.0,2226.7715477169395,907.5394098366261,-408.3533216984823,7.785914502506781,3.173214719708483,-1.4278088171275605,2725.957635855097,0,193
load_light,baseline_adaptive,0,2,20,5,0.3,306,306,0,0.0,1001.0,2563.71135230599,1012.73328289498,-448.1000106049216,8.378141674202583,3.30958589181366,-1.4643791196239266,3128.3446245960777,0,221
load_light,baseline_adaptive,0,3,20,5,0.3,307,307,0,0.0,1000.0,2461.2207104923714,899.8218878576353,-470.27611283857186,8.017005571636389,2.9310159213603755,-1.5318440157608204,2890.766485511449,0,205
load_light,baseline_adaptive,0,4,20,5,0.3,303,303,0,0.0,1001.0,2410.3034285249137,890.5811322147462,-403.030270060744,7.954796793811596,2.93921165747441,-1.3301329044909043,2897.8542906789366,0,211
load_light,baseline_adaptive,0,5,20,5,0.3,293,293,0,0.0,996.0,2406.7354878308943,930.2500400370362,-478.443124671554,8.214114292938206,3.174914812413093,-1.6329116882988193,2858.542403196393,0,202
load_light,baseline_adaptive,0,6,20,5,0.3,331,331,0,0.0,997.0,2636.073993815355,1088.8537502590964,-438.27868880278726,7.96396976983491,3.289588369362829,-1.3241048000084208,3286.649055271696,0,233
load_light,baseline_adaptive,1,7,20,5,0.3,282,282,0,0.0,1000.0,2191.572904052039,888.9505820910213,-515.2812984250494,7.771535120751912,3.1523070286915646,-1.8272386468973383,2565.242187718017,0,187
load_light,baseline_adaptive,1,8,20,5,0.3,295,295,0,0.0,999.0,2209.768957318992,935.0195998964662,-487.44879156323555,7.490742228199973,3.169557965750733,-1.6523687849601205,2657.3397656522325,0,195
load_light,baseline_adaptive,1,9,20,5,0.3,309,309,0,0.0,998.0,2432.352460901819,989.1563112076333,-482.4537268014668,7.871690811979997,3.2011531107043147,-1.5613389216875948,2939.0550453080027,0,211
load_light,baseline_adaptive,1,10,20,5,0.3,332,332,0,0.0,1002.0,2505.806431193858,1023.7825335150565,-499.60406729286996,7.54760973251162,3.083682329864628,-1.5048315279905722,3029.9848974160664,0,224
load_light,baseline_adaptive,1,11,20,5,0.3,313,313,0,0.0,995.0,2317.9228387714206,999.1844425240059,-499.66556773948787,7.405504277224986,3.1922825639744596,-1.5963756157811113,2817.441713555953,0,205
load_light,baseline_adaptive,1,12,20,5,0.3,267,267,0,0.0,1001.0,2247.8858740818205,849.6523751190383,-572.7622783756522,8.419048217534908,3.182218633404638,-2.1451770725679857,2524.7759708252097,0,182
load_light,baseline_adaptive,2,13,20,5,0.3,275,275,0,0.0,1001.0,2074.9474997818957,834.6396287916259,-429.1454648618257,7.54526363557053,3.0350531956059124,-1.5605289631339117,2480.441663711697,0,181
load_light,baseline_adaptive,2,14,20,5,0.3,311,311,0,0.0,995.0,2495.8310365691723,1092.706701328099,-481.10960115026694,8.025180181894445,3.5135263708299003,-1.5469762094863888,3107.4281367470294,0,232
load_light,baseline_adaptive,2,15,20,5,0.3,306,306,0,0.0,1001.0,2357.9908911742327,980.4954426174983,-453.2011509828673,7.705852585536708,3.2042334726062034,-1.4810495130159063,2885.2851828088806,0,222
load_light,baseline_adaptive,2,16,20,5,0.3,285,285,0,0.0,1000.0,2254.7992058742366,922.205502937742,-454.6792071078961,7.911576160962234,3.2358087822376915,-1.595365638975074,2722.3255017040933,0,207
load_light,baseline_adaptive,2,17,20,5,0.3,314,314,0,0.0,1001.0,2499.4436498736736,963.4068159095106,-468.50232160875345,7.960011623801508,3.0681745729602246,-1.49204561021896,2994.3481441744516,0,222
load_light,baseline_adaptive,2,18,20,5,0.3,315,315,0,0.0,998.0,2526.785845755605,1105.2165073444414,-469.9044664953976,8.02154236747811,3.5086238328394965,-1.4917602110965005,3162.0978866046744,0,235
load_light,baseline_adaptive,3,19,20,5,0.3,299,299,0,0.0,998.0,2220.975973892147,919.3566666046635,-515.472505449523,7.428013290609187,3.0747714602162657,-1.723988312540211,2624.8601350472936,0,195
load_light,baseline_adaptive,3,20,20,5,0.3,304,304,0,0.0,996.0,2365.5801032492295,895.061073748659,-633.3734986619662,7.78151349753036,2.9442798478574312,-2.083465456124889,2627.267678335931,0,194
load_light,baseline_adaptive,3,21,20,5,0.3,329,329,0,0.0,995.0,2472.129116117159,995.3162712089731,-458.7347986045567,7.5140702617542825,3.0252774200880643,-1.394330694846677,3008.710588721601,0,224
load_light,baseline_adaptive,3,22,20,5,0.3,303,303,0,0.0,1001.0,2345.4051593083414,956.5299703290966,-501.5689168031399,7.740611086826209,3.1568645885448734,-1.6553429597463365,2800.3662128343135,0,209
load_light,baseline_adaptive,3,23,20,5,0.3,298,298,0,0.0,1000.0,2352.7415303955363,935.226662380311,-530.4795805644962,7.895105806696431,3.1383445046319163,-1.780132820686229,2757.488612211365,0,203
load_light,baseline_adaptive,3,24,20,5,0.3,283,283,0,0.0,1000.0,2121.8039850488876,740.8606418652602,-566.9576802030981,7.497540583211617,2.617882126732368,-2.0033840289862126,2295.706946711045,0,168
load_light,baseline_adaptive,4,25,20,5,0.3,289,289,0,0.0,1002.0,2226.617769810395,982.9552066248707,-530.691143214009,7.704559757129395,3.401229088667373,-1.836301533612488,2678.8818332212645,0,172
load_light,baseline_adaptive,4,26,20,5,0.3,286,286,0,0.0,1002.0,2251.819355246517,977.5033628524128,-594.034163609397,7.873494249113695,3.4178439260573876,-2.0770425301027866,2635.2885544895394,0,169
load_light,baseline_adaptive,4,27,20,5,0.3,316,316,0,0.0,1001.0,2349.003246765089,1102.9688481273479,-671.4980239425445,7.433554578370535,3.4904077472384425,-2.124993746653622,2780.4740709499083,0,174
load_light,baseline_adaptive,4,28,20,5,0.3,256,256,0,0.0,993.0,1978.2629181800369,845.0270929783022,-537.937547930309,7.727589524140769,3.300887081946493,-2.1013185466027697,2285.352463228023,0,153
load_light,baseline_adaptive,4,29,20,5,0.3,342,342,0,0.0,1001.0,2747.7609371625012,1259.112585591633,-570.3234818139226,8.034388705153512,3.681615747343956,-1.6676125199237504,3436.5500409402507,0,219
load_light,baseline_adaptive,4,30,20,5,0.3,309,309,0,0.0,1001.0,2445.7751860238086,1116.4923509810144,-688.8128778739566,7.915130051856986,3.61324385430749,-2.22916788955973,2873.4546591308845,0,182
load_light,baseline_full,0,1,20,5,0.3,286,286,0,0.0,996.0,2849.742550980033,176.3713603564351,-175.49047531996325,9.964134793636479,0.6166830781693535,-0.613603060559312,2850.623436016523,0,42
load_light,baseline_full,0,2,20,5,0.3,306,306,0,0.0,1001.0,3104.420546049303,194.71243418684801,-184.8584563563669,10.145165183167657,0.6363151444014641,-0.6041126024717872,3114.2745238798148,0,46
load_light,baseline_full,0,3,20,5,0.3,307,307,0,0.0,1001.0,3055.255655109024,191.82862161889526,-147.46061405168933,9.951972817944704,0.6248489303547077,-0.48032773306739196,3099.623662676256,0,46
load_light,baseline_full,0,4,20,5,0.3,303,303,0,0.0,1000.0,3020.203049115285,155.38062819982102,-199.14476764628267,9.967666828763317,0.5128073537947888,-0.6572434575784907,2976.4389096688465,0,44
load_light,baseline_full,0,5,20,5,0.3,293,293,0,0.0,996.0,2945.661826077283,171.00775829232458,-253.08214666590885,10.053453331321785,0.5836442262536675,-0.8637615927164125,2863.5874377037144,0,42
load_light,baseline_full,0,6,20,5,0.3,331,331,0,0.0,998.0,3134.2592900511836,194.5424318913189,-183.75359897781576,9.469061299248288,0.5877414860764921,-0.555146824706392,3145.0481229647153,0,46
load_light,baseline_full,1,7,20,5,0.3,282,282,0,0.0,1001.0,2718.867751359092,166.55222309012368,-289.7262156202932,9.641375004819475,0.5906107201777435,-1.0273979277315362,2595.6937588289275,0,38
load_light,baseline_full,1,8,20,5,0.3,295,295,0,0.0,1000.0,2817.2227924260587,174.6449678099229,-190.73700176361672,9.549907770935793,0.5920168400336369,-0.646566107673277,2801.130758472379,0,42
load_light,baseline_full,1,9,20,5,0.3,309,309,0,0.0,998.0,3049.5416432793654,184.4405010721817,-88.2520823915707,9.869066806729338,0.5968948254763161,-0.2856054446329149,3145.7300619600082,0,45
load_light,baseline_full,1,10,20,5,0.3,332,332,0,0.0,1002.0,3108.548154149072,215.7325684703513,-203.34704936244174,9.363096849846603,0.6497968929829859,-0.6124911125374751,3120.93367325701,0,46
load_light,baseline_full,1,11,20,5,0.3,313,313,0,0.0,995.0,3170.9356116322792,188.90973952651996,-190.16054178139916,10.130784701700573,0.6035454936949519,-0.6075416670332242,3169.6848093774292,0,46
load_light,baseline_full,1,12,20,5,0.3,267,267,0,0.0,1003.0,2673.9483089804203,188.6996740882691,-198.53204504869774,10.014787674083971,0.7067403523905209,-0.7435657117928755,2664.1159380199974,0,39
load_light,baseline_full,2,13,20,5,0.3,275,275,0,0.0,1001.0,2648.4659297039593,165.45585401740792,-179.137967322011,9.630785198923489,0.6016576509723924,-0.6514107902618582,2634.7838163993624,0,38
load_light,baseline_full,2,14,20,5,0.3,311,311,0,0.0,996.0,3058.1204275136433,192.09747711393936,-171.81432580165924,9.833184654384706,0.6176767752859786,-0.552457639233631,3078.4035788259484,0,46
load_light,baseline_full,2,15,20,5,0.3,306,306,0,0.0,1001.0,2946.6056948811233,193.93840964663235,-230.51944141616173,9.629430375428507,0.633785652439975,-0.7533315078959534,2910.024663111613,0,42
load_light,baseline_full,2,16,20,5,0.3,285,285,0,0.0,1000.0,2706.271360838512,171.32179366641765,-232.92670948406374,9.495688985398287,0.6011291005839215,-0.8172866999440833,2644.666445020868,0,38
load_light,baseline_full,2,17,20,5,0.3,314,314,0,0.0,1000.0,2891.362051423611,172.09586910695168,-136.95162638601983,9.208159399438252,0.5480760162641773,-0.43615167638859814,2926.506294144564,0,43
load_light,baseline_full,2,18,20,5,0.3,315,315,0,0.0,999.0,3106.5140907501923,192.0172657377319,-256.8038306490136,9.861949494445055,0.609578621389625,-0.8152502560286147,3041.727525838936,0,45
load_light,baseline_full,3,19,20,5,0.3,299,299,0,0.0,999.0,2989.361456590902,222.5488292548795,-106.7835500819523,9.997864403314054,0.744310465735383,-0.35713561900318497,3105.126735763856,0,45
load_light,baseline_full,3,20,20,5,0.3,304,304,0,0.0,997.0,2973.2982995977636,182.8725265241928,-185.1322635077193,9.780586511834748,0.6015543635664237,-0.6089877089069714,2971.0385626142543,0,44
load_light,baseline_full,3,21,20,5,0.3,329,329,0,0.0,997.0,3224.4803337739813,215.79804837407275,-207.6213531277707,9.80085207834037,0.6559211196780327,-0.6310679426376009,3232.6570290203167,0,46
load_light,baseline_full,3,22,20,5,0.3,303,303,0,0.0,1000.0,3144.5461495994996,189.546731318435,-253.9880810865517,10.378040097688118,0.6255667700278383,-0.8382444920348241,3080.1047998314098,0,46
load_light,baseline_full,3,23,20,5,0.3,298,298,0,0.0,1000.0,2799.65238100901,189.0907542580728,-101.95036735614926,9.394806647681241,0.6345327324096403,-0.34211532669848743,2886.7927679109507,0,42
load_light,baseline_full,3,24,20,5,0.3,283,283,0,0.0,1001.0,2728.1754370154454,156.27222984174753,-207.49849019928098,9.640195890513942,0.5521986920203092,-0.7332102127183073,2676.94917665792,0,40
load_light,baseline_full,4,25,20,5,0.3,289,289,0,0.0,1001.0,2810.722859131426,229.63929578240237,-174.5741020119941,9.725684633672754,0.7945996393854753,-0.6040626367197028,2865.78805290185,0,41
load_light,baseline_full,4,26,20,5,0.3,286,286,0,0.0,1001.0,3010.572370612214,242.42918357306408,-180.28589984405818,10.526476820322426,0.8476544880177066,-0.6303702791750286,3072.7156543412466,0,45
load_light,baseline_full,4,27,20,5,0.3,316,316,0,0.0,1001.0,3184.712475356023,250.81025440274527,-214.87447282636845,10.078204035936782,0.7937033367175483,-0.679982508944204,3220.6482569324353,0,45
load_light,baseline_full,4,28,20,5,0.3,256,256,0,0.0,994.0,2574.5327311357287,165.8213606235057,-143.30479425377757,10.05676848099894,0.6477396899355692,-0.5597843525538186,2597.049297505459,0,37
load_light,baseline_full,4,29,20,5,0.3,342,342,0,0.0,1002.0,3380.4701040239383,278.2780872671288,-319.0709109389971,9.884415508841926,0.8136786177401427,-0.932955879938588,3339.6772803521085,0,48
load_light,baseline_full,4,30,20,5,0.3,309,309,0,0.0,1002.0,3135.755762994272,213.8429567183407,-128.93772969703662,10.148076902894084,0.6920484036192256,-0.41727420613927707,3220.6609900156104,0,47
load_saturated,ours_partial,0,1,20,5,1.6,1589,1589,0,0.0,1002.0,16111.673612659586,9308.79325424111,-1041.579646204471,10.13950510551264,5.858271399774141,-0.6554937987441605,24378.887220694756,0,2057
load_saturated,ours_partial,0,2,20,5,1.6,1630,1630,0,0.0,1003.0,16847.337286688842,9833.291949051183,-992.4040528946709,10.335789746434873,6.032694447270664,-0.6088368422666693,25688.22518284352,0,2196
load_saturated,ours_partial,0,3,20,5,1.6,1617,1617,0,0.0,1002.0,16771.49610677483,9743.645784520533,-1047.5374994398524,10.371982750015356,6.025754968782024,-0.647827767124213,25467.604391853714,0,2103
load_saturated,ours_partial,0,4,20,5,1.6,1613,1613,0,0.0,1002.0,16449.4595841576,9570.485173732119,-1019.1609442420779,10.198053058994173,5.933344807025492,-0.6318418749175932,25000.78381364602,0,2033
load_saturated,ours_partial,0,5,20,5,1.6,1617,1617,0,0.0,1039.0,16819.620707246842,9854.62804507514,-720.9275101436691,10.40174440769749,6.094389638265393,-0.4458426160443223,25953.321242176276,0,2040
load_saturated,ours_partial,0,6,20,5,1.6,1705,1705,0,0.0,1038.0,18007.619542952856,10757.74231818584,-701.5934436429262,10.56165369088144,6.3095262863260055,-0.4114917558023028,28063.768417493127,0,2176
load_saturated,ours_partial,1,7,20,5,1.6,1570,1570,0,0.0,1001.0,15873.09155770375,8619.534326382949,-1102.4208103068402,10.110249399811305,5.490149252473216,-0.7021788600680511,23390.205073778656,0,1702
load_saturated,ours_partial,1,8,20,5,1.6,1546,1546,0,0.0,1001.0,15354.321604057075,8704.782684464732,-963.6754957938596,9.931643987100307,5.630519200818067,-0.6233347320788225,23095.428792726903,0,1659
load_saturated,ours_partial,1,9,20,5,1.6,1570,1570,0,0.0,1002.0,15965.729775746746,8863.29044936878,-982.8504886614912,10.169254634233596,5.6454079295342545,-0.6260194195296123,23846.169736452717,0,1754
load_saturated,ours_partial,1,10,20,5,1.6,1595,1595,0,0.0,1002.0,16356.81126668301,9271.537953192385,-1051.5702565309232,10.255054085694677,5.812876459681746,-0.6592916968845913,24576.778963343022,0,1798
load_saturated,ours_partial,1,11,20,5,1.6,1610,1610,0,0.0,1002.0,16329.476515144755,9598.355529992128,-1044.4049682358248,10.14253199698432,5.961711509311881,-0.6486987380346737,24883.427076899414,0,1781
load_saturated,ours_partial,1,12,20,5,1.6,1554,1554,0,0.0,1001.0,16170.39473096126,9217.264932681986,-969.2393471831228,10.405659415032986,5.931315915496774,-0.6237061436184832,24418.420316458636,0,1683
load_saturated,ours_partial,2,13,20,5,1.6,1618,1618,0,0.0,1003.0,14794.29649045589,10248.39948419765,-1104.608483096881,9.143570142432566,6.33399226464626,-0.6826999277483813,23938.087491555314,0,1963
load_saturated,ours_partial,2,14,20,5,1.6,1596,1596,0,0.0,1002.0,14664.253036436228,9587.080087172108,-991.0709342542858,9.188128468945004,6.006942410508839,-0.6209717633172217,23260.262189352885,0,1915
load_saturated,ours_partial,2,15,20,5,1.6,1594,1594,0,0.0,1001.0,14499.48102989823,9604.709424899336,-1019.0431501339759,9.096286718882203,6.025539162421165,-0.6392993413638494,23085.147304662518,0,1932
load_saturated,ours_partial,2,16,20,5,1.6,1548,1548,0,0.0,1002.0,14156.64610133337,9264.07071268655,-976.511178202421,9.145120220499592,5.984541804061079,-0.6308211745493676,22444.205635816594,0,1874
load_saturated,ours_partial,2,17,20,5,1.6,1649,1649,0,0.0,1002.0,14907.713154102139,9779.5126434808,-1010.1822665305687,9.040456733839987,5.93057164553111,-0.6126029512010726,23677.04353105112,0,1964
load_saturated,ours_partial,2,18,20,5,1.6,1666,1666,0,0.0,1002.0,15220.29090142203,10548.898179405664,-930.2885652065052,9.135828872402179,6.33187165630592,-0.5583964977229923,24838.900515619564,0,2055
load_saturated,ours_partial,3,19,20,5,1.6,1595,1595,0,0.0,1002.0,15772.800782498569,9638.95810767189,-980.0681803395911,9.888903311911328,6.04323392330526,-0.6144628089903392,24431.690709829276,0,1717
load_saturated,ours_partial,3,20,20,5,1.6,1605,1605,0,0.0,1002.0,15520.455699096969,9320.041469092694,-963.6950774781261,9.670065856135183,5.806879419995448,-0.6004330700798294,23876.80209071018,0,1659
load_saturated,ours_partial,3,21,20,5,1.6,1566,1566,0,0.0,1001.0,15073.714429029202,8892.348877846282,-944.6229778045838,9.625615855063348,5.6783837023284045,-0.6032075209480101,23021.44032906979,0,1623
load_saturated,ours_partial,3,22,20,5,1.6,1629,1629,0,0.0,1000.0,15708.847057630144,9521.930510342863,-990.0172316408589,9.64324558479444,5.845261209541352,-0.6077453846782437,24240.76033633065,0,1709
load_saturated,ours_partial,3,23,20,5,1.6,1578,1578,0,0.0,1002.0,15128.482953565208,8982.298089619586,-989.8102269439939,9.587124812145252,5.69220411255994,-0.6272561640963206,23120.97081623963,0,1620
load_saturated,ours_partial,3,24,20,5,1.6,1598,1598,0,0.0,1002.0,15084.322853690677,8883.265502419945,-1087.3719109505955,9.439501160006682,5.5589896761076,-0.6804580168652037,22880.21644515902,0,1627
load_saturated,ours_partial,4,25,20,5,1.6,1578,1578,0,0.057034220532319393,1045.0,18558.015967315474,10530.017875797656,-942.2013484940779,11.760466392468615,6.673015130416765,-0.5970857721762217,28145.832494616254,0,2013
load_saturated,ours_partial,4,26,20,5,1.6,1594,1594,0,0.12421580928481807,1052.0,18942.59115216977,10456.220680077195,-1021.2996309099566,11.883683282415163,6.559736938567876,-0.6407149503826578,28377.512201334124,0,1936
load_saturated,ours_partial,4,27,20,5,1.6,1583,1583,0,0.06001263423878711,1042.0,18975.663771577398,10703.602340651441,-823.3623025628883,11.987153361703978,6.761593392704637,-0.5201277969443387,28855.903809662854,0,2024
load_saturated,ours_partial,4,28,20,5,1.6,1574,1574,0,0.3303684879288437,1080.0,18698.121892517596,9929.904796180392,-841.7172844908284,11.879365878346631,6.308706986137479,-0.534763204886168,27786.309404204443,0,1852
load_saturated,ours_partial,4,29,20,5,1.6,1686,1686,0,0.42170818505338076,1083.0,19693.228679890424,11148.622631495546,-927.8874032190461,11.68044405687451,6.612468939202578,-0.5503484004857925,29913.963908163554,0,1998
load_saturated,ours_partial,4,30,20,5,1.6,1525,1525,0,0.0,1005.0,18109.564356317653,10874.556434708395,-1127.4975178870563,11.87512416807715,7.130856678497308,-0.7393426346800369,27856.623273136378,0,1884
load_saturated,ours_full,0,1,20,5,1.6,1589,1589,0,0.0,1001.0,16413.56714848703,2678.633788087494,-529.6228876480696,10.329494744170566,1.685735549457202,-0.3333057820315102,18562.578048926905,0,295
load_saturated,ours_full,0,2,20,5,1.6,1630,1630,0,0.0,1016.0,17155.26583741158,2739.682549255321,-700.5098114526893,10.524702967737166,1.6807868400339394,-0.42976062052312225,19194.43857521437,0,309
load_saturated,ours_full,0,3,20,5,1.6,1617,1617,0,0.0,1006.0,17271.067270553165,2807.419959592787,-762.4590192937623,10.68093214010709,1.7361904512014763,-0.47152691360158455,19316.028210852255,0,307
load_saturated,ours_full,0,4,20,5,1.6,1613,1613,0,0.0,1020.0,17540.235630316987,2883.053922806217,-777.7356774414952,10.874293633178542,1.7873861889685165,-0.4821671899823281,19645.55387568167,0,315
load_saturated,ours_full,0,5,20,5,1.6,1617,1617,0,0.0191713048855906,1029.0,16939.89615992491,2570.1191514679226,-897.6039031434618,10.476126258456963,1.5894367046802242,-0.5551044546341756,18612.411408249754,0,305
load_saturated,ours_full,0,6,20,5,1.6,1705,1705,0,0.0,1035.0,17814.63579336399,3079.3567668881087,-786.7245446429358,10.448466740975947,1.8060743500810021,-0.46142202031843743,20107.268015608915,0,328
load_saturated,ours_full,1,7,20,5,1.6,1570,1570,0,0.0,1018.0,16436.154651930483,2754.2173756344305,-780.0336334755508,10.468888313331517,1.7542785832066436,-0.49683670922009604,18410.338394089813,0,296
load_saturated,ours_full,1,8,20,5,1.6,1546,1546,0,0.0,1002.0,15893.332555124305,2670.96969665096,-291.0713576284647,10.28029272647109,1.7276647455698317,-0.18827384063936914,18273.230894147277,0,294
load_saturated,ours_full,1,9,20,5,1.6,1570,1570,0,0.0,1002.0,15881.340079681157,2543.8168327929966,-430.40821697472626,10.115503235465704,1.6202654985942653,-0.2741453611303989,17994.748695500057,0,298
load_saturated,ours_full,1,10,20,5,1.6,1595,1595,0,0.0,1002.0,16357.726125568735,2785.534500507112,-348.5474696869034,10.255627664933376,1.7464166147380014,-0.21852505936482972,18794.713156389218,0,306
load_saturated,ours_full,1,11,20,5,1.6,1610,1610,0,0.0,1002.0,16574.621135598594,2806.6884480055687,-513.9207046407694,10.294795736396642,1.7432847503140179,-0.3192054066091735,18867.388878963684,0,307
load_saturated,ours_full,1,12,20,5,1.6,1554,1554,0,0.0,1023.0,16704.95148508358,2844.5289199250765,-768.9216127431253,10.749647030298314,1.8304561904279772,-0.4948015526017537,18780.55879226588,0,311
load_saturated,ours_full,2,13,20,5,1.6,1618,1618,0,0.0,1002.0,16074.29653499035,2735.978584555637,-552.2240080277986,9.934670293566347,1.690963278464547,-0.34130037578973954,18258.05111151873,0,303
load_saturated,ours_full,2,14,20,5,1.6,1596,1596,0,0.0,1001.0,16238.310746794483,2637.3291389893493,-484.47652045405,10.174380167164463,1.65246186653468,-0.3035567170764724,18391.16336533025,0,306
load_saturated,ours_full,2,15,20,5,1.6,1594,1594,0,0.0,1002.0,15732.777340784547,2583.261212539696,-479.91616405077264,9.869998331734346,1.6206155662105997,-0.30107663993147593,17836.122389274118,0,300
load_saturated,ours_full,2,16,20,5,1.6,1548,1548,0,0.0,1001.0,15416.583891273434,2354.5495690935286,-478.08738858850757,9.959033521494467,1.521026853419592,-0.3088419822923176,17293.046071779383,0,293
load_saturated,ours_full,2,17,20,5,1.6,1649,1649,0,0.0,1015.0,17055.781015533328,2954.9408540573236,-748.0051667317888,10.343105527915906,1.7919592808109905,-0.45361138067422,19262.71670285898,0,321
load_saturated,ours_full,2,18,20,5,1.6,1666,1666,0,0.0,1022.0,17415.194489717134,2936.420193373,-772.2140726207671,10.453298013035495,1.7625571388793517,-0.4635138491121051,19579.40061046931,0,325
load_saturated,ours_full,3,19,20,5,1.6,1595,1595,0,0.0,1024.0,16868.080679771447,2824.2629374664507,-784.183884116361,10.575599172270499,1.7706977664366461,-0.4916513380039881,18908.159733121807,0,310
load_saturated,ours_full,3,20,20,5,1.6,1605,1605,0,0.0,1002.0,16867.343755583846,3035.528498234735,-615.1006502912987,10.509248445846634,1.8912950144764702,-0.38324028055532633,19287.77160352736,0,315
load_saturated,ours_full,3,21,20,5,1.6,1566,1566,0,0.0,1003.0,16610.95413495209,2973.043168315432,-687.4654203635218,10.607250405461105,1.898494998924286,-0.43899452130493094,18896.531882904263,0,305
load_saturated,ours_full,3,22,20,5,1.6,1629,1629,0,0.0,1021.0,16851.469458646978,2851.443332033745,-787.5537245855907,10.344671245332705,1.750425618191372,-0.48345839446629263,18915.35906609538,0,311
load_saturated,ours_full,3,23,20,5,1.6,1578,1578,0,0.0,1001.0,15920.842898711033,2650.9776718308317,-434.7265856194513,10.089254054949958,1.6799605017939365,-0.27549213283868906,18137.093984922965,0,301
load_saturated,ours_full,3,24,20,5,1.6,1598,1598,0,0.0,1017.0,16737.207402430002,2718.4579701735274,-794.1592823693188,10.473846935187735,1.7011626847143475,-0.4969707649369955,18661.506090234532,0,304
load_saturated,ours_full,4,25,20,5,1.6,1578,1578,0,0.019011406844106463,1035.0,17637.711116110797,3072.9517914285384,-752.1886773380439,11.177256727573383,1.9473712239724579,-0.47667216561346254,19958.474230201162,0,316
load_saturated,ours_full,4,26,20,5,1.6,1594,1594,0,0.0,1027.0,17369.312555833152,3039.318879315201,-782.0967217884667,10.896682908301852,1.9067245165089088,-0.4906503900805939,19626.534713359906,0,316
load_saturated,ours_full,4,27,20,5,1.6,1583,1583,0,0.36828806064434616,1058.0,18315.47775625978,3193.025810991194,-819.8643563785032,11.570105973632206,2.0170725274739065,-0.5179181025764392,20688.639210872032,0,329
load_saturated,ours_full,4,28,20,5,1.6,1574,1574,0,0.04764930114358323,1044.0,17184.206761537473,3116.6173813030227,-814.2004726264843,10.917539238587976,1.9800618686804465,-0.5172811134856952,19486.623670214052,0,310
load_saturated,ours_full,4,29,20,5,1.6,1686,1686,0,0.42526690391459077,1078.0,18880.98520593982,3321.17549228369,-860.2147614058525,11.198686361767392,1.9698549776297094,-0.5102104160177061,21341.94593681698,0,340
load_saturated,ours_full,4,30,20,5,1.6,1525,1525,0,0.0,1003.0,17122.48599586026,3224.659017547374,-763.7517837249056,11.227859669416565,2.1145305033097532,-0.5008208417868234,19583.393229682773,0,314
load_saturated,baseline_adaptive,0,1,20,5,1.6,1589,1589,0,0.01762114537444934,1043.0,13377.679632918886,5456.31966114548,-1017.1799678964928,8.418929913731205,3.433807212803952,-0.6401384316529218,17816.81932616849,0,1170
load_saturated,baseline_adaptive,0,2,20,5,1.6,1630,1630,0,0.011042944785276074,1043.0,13576.50095178085,5694.191269855207,-988.965824559403,8.329141688209111,3.4933688772117835,-0.6067274997296951,18281.72639707706,0,1215
load_saturated,baseline_adaptive,0,3,20,5,1.6,1617,1617,0,0.017316017316017316,1055.0,13222.667640101285,5400.678494606382,-1031.775392053376,8.177283636426274,3.3399372261016587,-0.6380800198227433,17591.570742654952,0,1161
load_saturated,baseline_adaptive,0,4,20,5,1.6,1613,1613,0,0.023558586484810913,1043.0,13247.616303378838,5431.067237880229,-1023.8366333451543,8.213029326335299,3.367059663905908,-0.6347406282363015,17654.846907914554,0,1174
load_saturated,baseline_adaptive,0,5,20,5,1.6,1617,1617,0,0.012987012987012988,1040.0,13553.496223583626,5752.259318041067,-907.5968948270735,8.381877689291048,3.5573650699078954,-0.5612844123853268,18398.15864679801,0,1206
load_saturated,baseline_adaptive,0,6,20,5,1.6,1705,1705,0,0.021700879765395895,1052.0,14023.771315306474,5889.41232960746,-1059.7524730435462,8.225085815429017,3.4542007798284224,-0.6215557026648365,18853.43117187065,0,1248
load_saturated,baseline_adaptive,1,7,20,5,1.6,1570,1570,0,0.049681528662420385,1062.0,12497.12861286343,5386.295533672545,-931.0581719234522,7.959954530486261,3.430761486415634,-0.5930306827537912,16952.365974613378,0,1112
load_saturated,baseline_adaptive,1,8,20,5,1.6,1546,1546,0,0.04463130659767141,1135.0,11838.184601322524,5353.76460898208,-1012.3222855517241,7.6572992246588125,3.4629784016701683,-0.6548009609002097,16179.626924753917,0,1079
load_saturated,baseline_adaptive,1,9,20,5,1.6,1570,1528,42,0.018471337579617834,1135.0,12002.811522771559,5369.455051377731,-1070.6714910993114,7.855243143175104,3.514041263990662,-0.7007012376304395,16301.595083051088,0,1103
load_saturated,baseline_adaptive,1,10,20,5,1.6,1595,1595,0,0.045141065830721,1088.0,13019.068128483901,5772.87154293394,-965.5448001676285,8.162425158924076,3.6193551993316238,-0.6053572414844066,17826.394871250784,0,1160
load_saturated,baseline_adaptive,1,11,20,5,1.6,1610,1610,0,0.04596273291925466,1091.0,12452.000452417476,5717.3393172985225,-985.5415754736935,7.734161771687874,3.551142433104672,-0.612137624517822,17183.798194243107,0,1143
load_saturated,baseline_adaptive,1,12,20,5,1.6,1554,1554,0,0.04568854568854569,1093.0,12215.69432764707,5513.5677885291625,-1040.030190097679,7.860807160648051,3.547984419902936,-0.669260096587953,16689.231926079497,0,1107
load_saturated,baseline_adaptive,2,13,20,5,1.6,1618,1550,68,0.4511742892459827,1135.0,12093.353802858968,5228.314249984791,-974.2995675652963,7.802163743779979,3.373105967732123,-0.628580366171159,16347.368485279556,0,1098
load_saturated,baseline_adaptive,2,14,20,5,1.6,1596,1573,23,0.40225563909774437,1135.0,12583.379562182556,5487.940255451779,-1124.89324951329,7.99960557036399,3.4888367803253524,-0.715126032748436,16946.42656812191,0,1156
load_saturated,baseline_adaptive,2,15,20,5,1.6,1594,1594,0,0.06461731493099122,1104.0,12135.27924859969,5377.088458755877,-1005.2930240447328,7.613098650313482,3.3733302752546277,-0.6306731643944371,16507.07468331184,0,1154
load_saturated,baseline_adaptive,2,16,20,5,1.6,1548,1548,0,0.1078811369509044,1106.0,12020.618623259052,5157.821565195572,-986.0297371071913,7.765257508565279,3.3319260757077336,-0.6369701144103302,16192.41045134849,0,1109
load_saturated,baseline_adaptive,2,17,20,5,1.6,1649,1588,61,0.3444511825348696,1135.0,12195.85695451192,5312.803576609602,-1183.6158623935082,7.680010676644787,3.3455941918196483,-0.7453500392906223,16325.044668729117,0,1136
load_saturated,baseline_adaptive,2,18,20,5,1.6,1666,1620,46,0.2454981992797119,1135.0,12750.976253518438,5613.230170089475,-1103.53190691107,7.870972995999036,3.46495689511696,-0.6811925351302902,17260.6745166976,0,1170
load_saturated,baseline_adaptive,3,19,20,5,1.6,1595,1588,7,0.03949843260188088,1115.0,12256.950785544575,5450.274359310456,-1031.4078729450955,7.7184828624336115,3.4321626947798842,-0.6495011794364581,16675.817271910884,0,1126
load_saturated,baseline_adaptive,3,20,20,5,1.6,1605,1603,2,0.056074766355140186,1135.0,12443.354068988525,5370.277632327062,-954.4097419632398,7.7625415277532905,3.350142003947013,-0.5953897329776917,16859.221959353206,0,1129
load_saturated,baseline_adaptive,3,21,20,5,1.6,1566,1528,38,0.032567049808429116,1117.0,11714.172765706086,5186.479247338437,-1054.114015678439,7.666343433053721,3.3942927011377204,-0.6898651935068318,15846.537997367064,0,1088
load_saturated,baseline_adaptive,3,22,20,5,1.6,1629,1567,62,0.022099447513812154,1105.0,12321.954688872998,5517.354947502318,-1025.9275663977278,7.863404396217613,3.5209667820691246,-0.6547080832148869,16813.382069978477,0,1149
load_saturated,baseline_adaptive,3,23,20,5,1.6,1578,1578,0,0.049429657794676805,1095.0,12402.366687173339,5538.402129074896,-1028.2568864726134,7.859547963988174,3.5097605380702763,-0.6516203336328348,16912.511929776512,0,1153
load_saturated,baseline_adaptive,3,24,20,5,1.6,1598,1598,0,0.05006257822277847,1088.0,12286.375157516912,5148.986091766125,-999.0352608023584,7.688595217469907,3.2221439873380007,-0.6251785111403995,16436.32598848173,0,1103
load_saturated,baseline_adaptive,4,25,20,5,1.6,1578,1578,0,0.04182509505703422,1091.0,13004.079865051586,5971.325365783661,-1019.9484140753018,8.24086176492496,3.784109864248201,-0.6463551419995576,17955.456816760474,0,996
load_saturated,baseline_adaptive,4,26,20,5,1.6,1594,1594,0,0.05081555834378921,1099.0,13685.45649156105,6258.199876879208,-989.4277293861604,8.585606330966781,3.9260977897611093,-0.6207200309825348,18954.22863905432,0,1042
load_saturated,baseline_adaptive,4,27,20,5,1.6,1583,1583,0,0.0972836386607707,1079.0,13684.142259268678,6403.594671980787,-1049.3936002840007,8.644436045021274,4.045227209084515,-0.6629144663828179,19038.343330965585,0,1025
load_saturated,baseline_adaptive,4,28,20,5,1.6,1574,1574,0,0.048284625158831,1050.0,13373.685913752508,6259.095250878579,-827.510857444334,8.49662383338787,3.976553526606467,-0.5257375206126645,18805.27030718698,0,1027
load_saturated,baseline_adaptive,4,29,20,5,1.6,1686,1686,0,0.05338078291814947,1052.0,14280.162909396518,6755.374605156273,-872.5039616650489,8.46984751447006,4.006746503651407,-0.5174993841429709,20163.033552887566,0,1103
load_saturated,baseline_adaptive,4,30,20,5,1.6,1525,1525,0,0.05508196721311476,1050.0,12683.74167354512,6281.944554916899,-1069.736995001433,8.317207654783685,4.11930790486354,-0.7014668819681528,17895.94923346118,0,993
load_saturated,baseline_full,0,1,20,5,1.6,1589,1565,24,0.5726872246696035,1135.0,15641.019586475035,1039.7564307369457,-926.2487812554241,9.994261716597466,0.6643811059022018,-0.5918522563932422,15754.52723595768,0,230
load_saturated,baseline_full,0,2,20,5,1.6,1630,1491,139,0.4263803680981595,1134.0,15128.655489907973,990.033299201492,-1226.1413034760528,10.146650227973154,0.6640062368889953,-0.822361705886018,14892.547485634363,0,220
load_saturated,baseline_full,0,3,20,5,1.6,1617,1577,40,0.5046382189239332,1135.0,15917.982496512119,1067.2473761034216,-982.5805527715896,10.09383798130128,0.6767580064067353,-0.6230694691005642,16002.649319845124,0,234
load_saturated,baseline_full,0,4,20,5,1.6,1613,1575,38,0.41041537507749537,1134.0,15795.972320427763,1035.85907640826,-1026.3994528307662,10.02918877487477,0.657688302481435,-0.6516821922735023,15805.43194400637,0,232
load_saturated,baseline_full,0,5,20,5,1.6,1617,1568,49,0.4137291280148423,1134.0,16037.773045639497,1095.301519333361,-1089.3461110745075,10.228171585229271,0.6985341322279088,-0.6947360402260889,16043.728453899557,0,236
load_saturated,baseline_full,0,6,20,5,1.6,1705,1401,304,0.5079178885630499,1135.0,14069.511283583739,943.275463844986,-946.6069543623424,10.042477718475189,0.6732872689828594,-0.675665206539859,14066.179793067162,0,205
load_saturated,baseline_full,1,7,20,5,1.6,1570,1308,262,0.4101910828025478,1132.0,12952.310077910675,923.7015266793734,-1123.1777340921885,9.902377735405715,0.706193827736524,-0.8586985734649759,12752.833870498405,0,187
load_saturated,baseline_full,1,8,20,5,1.6,1546,1475,71,0.3816300129366106,1134.0,14231.30867001563,1019.9229143147724,-965.7451641223768,9.648344861027546,0.6914731622473033,-0.6547424841507639,14285.486420208876,0,208
load_saturated,baseline_full,1,9,20,5,1.6,1570,1344,226,0.5095541401273885,1135.0,13165.493099267476,928.1506633863781,-1180.961807053255,9.795753794097825,0.6905882912101028,-0.878691820724148,12912.68195560118,0,190
load_saturated,baseline_full,1,10,20,5,1.6,1595,1366,229,0.3711598746081505,1134.0,13476.129901597178,951.6999671271626,-1057.311453215425,9.865395242750497,0.6967056860374543,-0.7740200975222731,13370.518415509585,0,196
load_saturated,baseline_full,1,11,20,5,1.6,1610,1373,237,0.47391304347826085,1135.0,13587.95813650025,924.8921351285052,-1020.0708178004629,9.896546348507101,0.6736286490375128,-0.7429503407141026,13492.779453828998,0,198
load_saturated,baseline_full,1,12,20,5,1.6,1554,1280,274,0.4021879021879022,1135.0,12603.134346204966,881.4563086008761,-921.9784345734696,9.84619870797263,0.6886377410944344,-0.7202956520105231,12562.612220232895,0,183
load_saturated,baseline_full,2,13,20,5,1.6,1618,1242,376,0.4956736711990111,1135.0,12433.497067377379,803.6754364681228,-1056.0045314436313,10.010867204007551,0.6470816718744951,-0.850245194399059,12181.167972402296,0,178
load_saturated,baseline_full,2,14,20,5,1.6,1596,1288,308,0.41604010025062654,1135.0,12756.264364157358,830.7670400036428,-1032.211139277897,9.903931959749501,0.6450054658413376,-0.8014061640356344,12554.82026488359,0,183
load_saturated,baseline_full,2,15,20,5,1.6,1594,1415,179,0.44604767879548307,1125.0,13491.52292939562,883.7406526476502,-1081.5992358797125,9.53464517978489,0.6245516979842051,-0.7643810854273587,13293.664346164218,0,195
load_saturated,baseline_full,2,16,20,5,1.6,1548,1323,225,0.39147286821705424,1135.0,12946.378993836483,883.2813010605319,-1085.8541881967199,9.785622822249797,0.6676351481939017,-0.8207514650012999,12743.806106700828,0,187
load_saturated,baseline_full,2,17,20,5,1.6,1649,1305,344,0.5215281989084294,1135.0,12817.29319856229,819.3341824828183,-1098.632163821519,9.821680611925126,0.6278422854274469,-0.8418637270662981,12537.995217224083,0,186
load_saturated,baseline_full,2,18,20,5,1.6,1666,1421,245,0.4639855942376951,1135.0,14162.067879923281,918.8409506961129,-1141.3955413098577,9.966268740269726,0.646615728850185,-0.8032340192187598,13939.513289310313,0,206
load_saturated,baseline_full,3,19,20,5,1.6,1595,1564,31,0.41442006269592474,1135.0,15672.845825954717,1069.9494014805157,-1044.9959949062045,10.021001167490228,0.6841108705118387,-0.6681560069732765,15697.799232530157,0,231
load_saturated,baseline_full,3,20,20,5,1.6,1605,1605,0,0.0,1014.0,15614.801193354744,1037.382382348924,-981.7099929835116,9.728848095548127,0.6463441634572735,-0.6116573165006303,15670.473582721237,0,229
load_saturated,baseline_full,3,21,20,5,1.6,1566,1566,0,0.6347381864623244,1117.0,15825.07405814694,1024.8141820228655,-894.8386611012425,10.1054112759559,0.6544151864769255,-0.5714167695410233,15955.049579069719,0,234
load_saturated,baseline_full,3,22,20,5,1.6,1629,1593,36,0.37998772252915897,1134.0,15976.770579506605,990.2474348243054,-889.9171804713395,10.029360062464912,0.6216242528715037,-0.5586422978476707,16077.10083386074,0,234
load_saturated,baseline_full,3,23,20,5,1.6,1578,1578,0,0.030418250950570342,1054.0,15554.96595868182,1102.733648342054,-925.4632310104589,9.857392876224221,0.6988172676438872,-0.5864786001333707,15732.236376014534,0,229
load_saturated,baseline_full,3,24,20,5,1.6,1598,1598,0,0.20275344180225283,1122.0,15825.676223714727,1066.657799773839,-988.0107200032527,9.903426923476049,0.6674954942264325,-0.6182795494388315,15904.323303486453,0,235
load_saturated,baseline_full,4,25,20,5,1.6,1578,1449,129,0.4302915082382763,1134.0,14787.776219411697,1014.9944789945525,-990.5305123104898,10.205504637275153,0.7004792815697395,-0.6835959367222152,14812.240186096666,0,216
load_saturated,baseline_full,4,26,20,5,1.6,1594,1563,31,0.4397741530740276,1135.0,15655.210068461229,1156.5288871304197,-1072.7103400179337,10.016129282444805,0.739941706417415,-0.6863149968124976,15739.028615574807,0,231
load_saturated,baseline_full,4,27,20,5,1.6,1583,1583,0,0.3663929248262792,1132.0,16092.637539573952,1215.1035685387994,-858.9277934804393,10.16591126947186,0.7675954317996206,-0.5425949421860008,16448.81331463351,0,238
load_saturated,baseline_full,4,28,20,5,1.6,1574,1546,28,0.414866581956798,1135.0,15528.892040695666,1195.2623710542973,-975.7578156672563,10.044561475223587,0.7731321934374498,-0.6311499454510067,15748.396596083829,0,228
load_saturated,baseline_full,4,29,20,5,1.6,1686,1686,0,0.38730723606168443,1087.0,16898.426638044628,1323.185263348555,-951.2951204098326,10.022791600263718,0.7848073922589295,-0.5642319812632459,17270.316780984223,0,250
load_saturated,baseline_full,4,30,20,5,1.6,1525,1461,64,0.48327868852459016,1128.0,14714.7535307173,1121.141452725448,-973.5194057232303,10.071699884132308,0.7673795022076989,-0.6663377178119304,14862.375577720457,0,214
